name,sku,cost,manufacturer,bullets,Image_URL,description,Specsheet_URL,Warranty_URL,Manual_URL
"C12F 25"" Solid Door Commercial Reach-in Freezer-11 Cu. Ft.",C12F,1088,COLDLINE,"
                            <ul>
<li>Stainless steel <span data-mce-fragment=""1"">interior and exterio</span>r</li>
<li>Refrigeration system keeps food at safe temperatures between -8°F and 0°F (-22°C to -18°C)</li>
<li>Self-closing doors with 90 degree stay-open feature with locks and keys included</li>
<li>Adjustable heavy-duty PVC coated shelves</li>
<li>Recessed door handle</li>
<li>Interior lighting</li>
<li>Electronic control system makes it easy to adjust temperature set point and defrost frequency</li>
<li>Preinstalled heavy-duty casters with brakes</li>
<li>Removable installation board makes it easy to access condenser coil for cleaning and service</li>
<li>Hydro-Carbon R290 refrigerant</li>
<li>Equipped with NEMA 5-15P plug</li>
</ul>
                          ",https://usrbrands.com/cdn/shop/files/c12_angle_1_130x.jpg?v=1755746583,"
      The narrow 23.5"" depth stainless steel reach-in commercial freezer is perfect for small restaurants, delis, or bakeries, cafes. With a spacious cabinet and adjustable shelves, the unit can still fit in narrow hallways, upstairs, or small kitchens. The 2/3 HP compressor provides plenty of power for hot kitchens. The bottom mount raises the bottom shelf for easier access. With lockable wheels, door locks, digital temperature control, and coated corrosion resistant shelves, it has all of the features of more expensive commercial units at a reasonable price.
    ",https://usr-content.s3.us-east-2.amazonaws.com/coldline/c12f-specsheet.pdf,https://usr-content.s3.us-east-2.amazonaws.com/coldline/refrigeration-warranty.pdf,https://usr-content.s3.us-east-2.amazonaws.com/coldline/reach-in-series-manual.pdf
"C12R 25"" Solid Door Commercial Reach-In Refrigerator-11 Cu. Ft.",C12R,970,COLDLINE,"
                            <ul>
<li>Stainless steel interior and exterior</li>
<li>Refrigeration system keeps food at safe temperatures between 33°F and 41°F (0.5°C to 5°C)</li>
<li>Self-closing doors with 90 degree stay-open feature with locks and keys included</li>
<li>Adjustable heavy-duty PVC coated shelves</li>
<li>Recessed door handle</li>
<li>Interior lighting</li>
<li>Electronic control system makes it easy to adjust temperature set point and defrost frequency</li>
<li>Preinstalled heavy-duty casters with brakes</li>
<li>Removable installation board makes it easy to access condenser coil for cleaning and service</li>
<li>Hydro-Carbon R290 refrigerant</li>
<li>Equipped with NEMA 5-15P plug</li>
</ul>
                          ",https://usrbrands.com/cdn/shop/files/c12_angle_130x.jpg?v=1755591295,"
      The narrow 23.5"" depth stainless steel reach-in commercial refrigerator is perfect for small restaurants, delis, or bakeries, cafes. With a spacious cabinet and adjustable shelves, the unit can still fit in narrow hallways, upstairs, or small kitchens. The 1/3 HP compressor provides plenty of power for hot kitchens. The bottom mount raises the bottom shelf for easier access. With lockable wheels, door locks, digital temperature control, and coated corrosion resistant shelves, it has all of the features of more expensive commercial units at a reasonable price.
    ",https://usr-content.s3.us-east-2.amazonaws.com/coldline/c12r-specsheet.pdf,https://usr-content.s3.us-east-2.amazonaws.com/coldline/refrigeration-warranty.pdf,https://usr-content.s3.us-east-2.amazonaws.com/coldline/reach-in-series-manual.pdf
"CF44 44"" Commercial Chest Freezer - 10 cu. ft.",CF44,298,COLDLINE,"
                            <ul>
 	<li>Exterior cabinet made of white powdered coated steel</li>
 	<li>External bottom in galvanized steel</li>
 	<li>Interior liner made of pre-painted steel</li>
 	<li>Manual controls</li>
 	<li>Solid lids with injected polyurethane, with heavy duty hinges</li>
 	<li>Manual defrost</li>
 	<li>CFC-free foamed in place</li>
 	<li>(1) Interior basket included</li>
 	<li>10.0 cubic feet</li>
 	<li>Holds temperature between -10°F to 0°F</li>
 	<li>(4) Casters total, (2) with brakes</li>
 	<li>cETLus, ETL-S, NSF</li>
</ul>
                          ",https://usrbrands.com/cdn/shop/products/cf44_2_130x.jpg?v=1612898160,"
      This Coldline commercial chest freezer sets new standards for performance and durability. Featuring a robust white powdered coated stainless steel design, a high-efficiency refrigeration system and a manual control thermometer, this freezer is meant for ice cream shops, concession stands, restaurants, markets, and convenience stores. Safely store your ice cream, burger patties, entrees and other frozen items. Bring reliability to your commercial kitchen with a Coldline freezer that’s designed to perform smoothly over the long run.
    ",https://usr-content.s3.us-east-2.amazonaws.com/coldline/cf44-specsheet.pdf,https://usr-content.s3.us-east-2.amazonaws.com/coldline/coldline-one-year-warranty.pdf,https://usr-content.s3.us-east-2.amazonaws.com/coldline/chest-freezer-series-manual.pdf
CHOCO5 16” 5 Liter Hot Beverage Dispenser,CHOCO5,303,COLDLINE,"
                            <ul>
    <li>Holds Temperature Between 143.6°F to 194°F</li>
    <li>Adjustable Temperature Control</li>
    <li>Rotating Paddle</li>
    <li>Drip Tray</li>
    <li>Overheat Sensor</li>
    <li>Easy to Clean</li>
    <li>Consistant Flavor</li>
    <li>Anti-clog Facuet</li>
    <li>Food-grade Anti-cracking Bowl</li>      
</ul>
                          ",https://usrbrands.com/cdn/shop/files/hot-chocolate-5l_130x.jpg?v=1702886955,"
      Tired of brewing coffee all day in your restaurant, diner, or cafeteria? This Coldline commercial beverage dispenser is designed to keep your best-selling hot beverages at the correct temperature - ready for serving. Features a electronic heating system, advanced thermostatic temperature control, and a heavy-duty stirring paddle. Quickly and conveniently keep hot chocolate and coffee ready for customer orders throughout the day. Save time and streamline your hot beverage service lineup with this reliable and durable hot drink dispenser.
    ",https://usr-content.s3.us-east-2.amazonaws.com/coldline/choco5-specsheet.pdf,https://usr-content.s3.us-east-2.amazonaws.com/coldline/coldline-one-year-warranty.pdf,https://usr-content.s3.us-east-2.amazonaws.com/coldline/choco-series-manual.pdf
CHOCO10R 16” 10 Liter Red Hot Beverage Dispenser,CHOCO10R,330,COLDLINE,"
                            <ul>
<li>Easy to operate with digital controller</li>
<li>Strong non-stick mixing paddle</li>
<li>2.6 Gallon / 10 liter capacity</li>
<li>Electronic heating system</li>
<li>Thermal protector</li>
</ul>
                          ",https://usrbrands.com/cdn/shop/products/hot-chocolate-red_130x.jpg?v=1639132018,"
      Tired of brewing coffee all day in your restaurant, diner, or cafeteria? This Coldline commercial beverage dispenser is designed to keep your best-selling hot beverages at the correct temperature - ready for serving. Features a electronic heating system, advanced thermostatic temperature control, and a heavy-duty stirring paddle. Quickly and conveniently keep hot chocolate and coffee ready for customer orders throughout the day. Save time and streamline your hot beverage service lineup with this reliable and durable hot drink dispenser.
    ",https://usr-content.s3.us-east-2.amazonaws.com/coldline/choco10r-specsheet.pdf,https://usr-content.s3.us-east-2.amazonaws.com/coldline/coldline-one-year-warranty.pdf,https://usr-content.s3.us-east-2.amazonaws.com/coldline/choco-series-manual.pdf
CHOCO10 16” 10 Liter Hot Beverage Dispenser,CHOCO10,330,COLDLINE,"
                            <ul>
<li>Easy to operate with digital controller</li>
<li>Strong non-stick mixing paddle</li>
<li>2.6 Gallon / 10 liter capacity</li>
<li>Electronic heating system</li>
<li>Thermal protector</li>
</ul>
                          ",https://usrbrands.com/cdn/shop/products/hot-chocolate_130x.jpg?v=1639131912,"
      Tired of brewing coffee all day in your restaurant, diner, or cafeteria? This Coldline commercial beverage dispenser is designed to keep your best-selling hot beverages at the correct temperature - ready for serving. Features a electronic heating system, advanced thermostatic temperature control, and a heavy-duty stirring paddle. Quickly and conveniently keep hot chocolate and coffee ready for customer orders throughout the day. Save time and streamline your hot beverage service lineup with this reliable and durable hot drink dispenser.
    ",https://usr-content.s3.us-east-2.amazonaws.com/coldline/choco10-specsheet.pdf,https://usr-content.s3.us-east-2.amazonaws.com/coldline/coldline-one-year-warranty.pdf,https://usr-content.s3.us-east-2.amazonaws.com/coldline/choco-series-manual.pdf
CBD-1 Single 3 Gallon Bowl Refrigerated Beverage Dispenser with Stirring System,CBD-1,353,COLDLINE,"
                            <ul>
<li>Food-grade high-density polycarbonate unbreakable container</li>
<li>Stainless steel tap lever</li>
<li>Middle or high back pressure compressor</li>
<li>R290 gas refrigerant</li>
<li>Stirring system</li>
<li>Holds the temperature between <span data-mce-fragment=""1"">44.6 - 53.6°F</span>
</li>
</ul>
                          ",https://usrbrands.com/cdn/shop/files/cbd-1-web_2_130x.jpg?v=1706609023,"
      This commercial beverage dispenser is designed for restaurants and diners that want to offer refreshingly chilled beverages. Boost impulse sales in your food service business by offering guests dispense juice, lemonade and other cold drinks. Take advantage of simple controls to set the appropriate product temperature, and keep your most popular cold drinks flowing to increase profitability.
    ",https://usr-content.s3.us-east-2.amazonaws.com/coldline/cbd-1-specsheet.pdf,https://usr-content.s3.us-east-2.amazonaws.com/coldline/coldline-one-year-warranty.pdf,https://usr-content.s3.us-east-2.amazonaws.com/coldline/cbd-series-manual.pdf
"CTP48SS 48"" Refrigerated 4 Pan Stainless Steel Top Cover Countertop Salad Bar",CTP48SS,362,COLDLINE,"
                            
<ul>
 	<li>Holds temperature between 33°F to 41°F</li>
 	<li>AISI 304 stainless steel construction</li>
 	<li>Digital temperature controller and display</li>
 	<li>Removable stainless steel cover</li>
 	<li>Static cooling system with continuous evaporator</li>
 	<li>CFC free refrigerant and foam</li>
 	<li>Fits 4 x 1/3 size stainless steel pans (included)</li>
</ul>

                          ",https://usrbrands.com/cdn/shop/products/vrx1200-ss-1_130x.jpg?v=1612898154,"
      Keep salad, condiments, toppings, and other food items cold on this four pan countertop salad bar. This commercial refrigerated salad bar is perfect for pizza shops, restaurants, and food service establishments that serve a variety of cold salads. A self-contained unit, our salad bar refrigerator maximizes energy consumption and consistently maintains your toppings within the 33°F to 41°F temperature range. A digital temperature controller makes it super easy for your staff to adjust the temperature, while an automatic defrosts feature increases the efficiency of the unit.
    ",https://usr-content.s3.us-east-2.amazonaws.com/coldline/ctp48ss-specsheet.pdf,https://usr-content.s3.us-east-2.amazonaws.com/coldline/coldline-one-year-warranty.pdf,https://usrbrands.com/products/ctp48ss-48-refrigerated-4-pan-stainless-steel-top-cover-countertop-salad-bar
XS160 26” Curved Glass Top Display Ice Cream Freezer - 6.0 Cu. Ft.,XS160,385,COLDLINE,"
                            <ul>
<li>Curved glass top lid with two sliding doors</li>
<li>White painted steel exterior</li>
<li>Gray plastic door frame</li>
<li>Embossed aluminum interior</li>
<li>Foamed-in-place polyurethane insulation</li>
<li>Preinstalled low profile casters with brakes</li>
<li>Built-in lock for security</li>
<li>LED lighting interior</li>
<li>Holds temperature -15°F and below</li>
<li>Rear drain plug for manual defrosting</li>
<li>Coated wire baskets included</li>
<li>Hydro-Carbon R290 refrigerant</li>
</ul>
                          ",https://usrbrands.com/cdn/shop/files/xs160-ice-cream-freezer-angle_130x.jpg?v=1755666291,"
      This Coldline curved glass top ice cream display freezer is designed to boost your impulse sales of ice cream, popsicle, pints of sorbet, and frozen appetizers. It features a high-efficiency refrigeration system, a durable stainless steel design, and a high-accessibility curved glass top display. Built for school concession stands, diners, and convenience stores, this ice cream display machine keeps top-selling frozen novelties within easy reach to boost selling potential.
    ",https://usr-content.s3.us-east-2.amazonaws.com/coldline/xs160-specsheet.pdf,https://usr-content.s3.us-east-2.amazonaws.com/coldline/coldline-one-year-warranty.pdf,https://usrbrands.com/products/xs160-26-curved-glass-top-display-diamond-series-ice-cream-freezer-6-0-cu-ft
"CTP60SS 60"" Refrigerated 6 Pan Stainless Steel Top Cover Countertop Salad Bar",CTP60SS,395,COLDLINE,"
                            
<ul>
 	<li>Holds temperature between 33°F to 41°F</li>
 	<li>AISI 304 stainless steel construction</li>
 	<li>Digital temperature controller and display</li>
 	<li>Removable stainless steel cover</li>
 	<li>Static cooling system with continuous evaporator</li>
 	<li>CFC free refrigerant and foam</li>
 	<li>Fits 6 x 1/3 size stainless steel pans (included)</li>
</ul>

                          ",https://usrbrands.com/cdn/shop/products/vrx1500-ss_2_130x.jpg?v=1612898156,"
      Keep salad, condiments, toppings, and other food items cold on this six pan countertop salad bar. This commercial refrigerated salad bar is perfect for pizza shops, restaurants, and food service establishments that serve a variety of cold salads. A self-contained unit, our salad bar refrigerator maximizes energy consumption and consistently maintains your toppings within the 33°F to 41°F temperature range. A digital temperature controller makes it super easy for your staff to adjust the temperature, while an automatic defrosts feature increases the efficiency of the unit.
    ",https://usr-content.s3.us-east-2.amazonaws.com/coldline/ctp60ss-specsheet.pdf,https://usr-content.s3.us-east-2.amazonaws.com/coldline/coldline-one-year-warranty.pdf,https://usrbrands.com/products/ctp60ss-60-refrigerated-6-pan-stainless-steel-top-cover-countertop-salad-bar
"CTP48SG 48"" Refrigerated 4 Pan Glass Top Cover Countertop Salad Bar",CTP48SG,399,COLDLINE,"
                            
<ul>
 	<li>Holds temperature between 33°F to 41°F</li>
 	<li>AISI 304 stainless steel construction</li>
 	<li>Digital temperature controller and display</li>
 	<li>Removable flat glass cover</li>
 	<li>Static cooling system with continuous evaporator</li>
 	<li>CFC free refrigerant and foam</li>
 	<li>Fits 4 x 1/3 size stainless steel pans (included)</li>
</ul>

                          ",https://usrbrands.com/cdn/shop/products/vrx1200_130x.jpg?v=1612897969,"
      Keep salad, condiments, toppings, and other food items cold on this four pan countertop salad bar. This commercial refrigerated salad bar is perfect for pizza shops, restaurants, and food service establishments that serve a variety of cold salads. A self-contained unit, our salad bar refrigerator maximizes energy consumption and consistently maintains your toppings within the 33°F to 41°F temperature range. A digital temperature controller makes it super easy for your staff to adjust the temperature, while an automatic defrosts feature increases the efficiency of the unit.
    ",https://usr-content.s3.us-east-2.amazonaws.com/coldline/ctp48sg-specsheet.pdf,https://usr-content.s3.us-east-2.amazonaws.com/coldline/coldline-one-year-warranty.pdf,https://usr-content.s3.us-east-2.amazonaws.com/coldline/ctp-series-manual.pdf
"SD46 46"" Glass Top Ice Cream Freezer - 11 Cu. Ft.",SD46,418,COLDLINE,"
                            <ul>
    <li>Flat glass top lid with two sliding doors</li>
    <li>White painted steel with white plastic trim exterior</li>
    <li>Embossed aluminum interior walls</li>
    <li>Preinstalled low profile casters with brakes</li>
    <li>Built-in lock for security</li>
    <li>Plast trim and door frames</li>
    <li>Rear drain plug for manual defrosting</li>
    <li>Coated wire baskets included</li>
    <li>Hydro-Carbon R290 refrigerant</li>     
</ul>
                          ",https://usrbrands.com/cdn/shop/products/sd302_130x.jpg?v=1666839181,"
      The Coldline commercial ice cream freezer is an all-round merchandiser for showcasing your frozen items. This ice cream display keeps your treats at the proper temperature, prolonging their shelf life while at the same time maximizing sales potential. Four casters make it easier to position the unit in a fixed location. Even better, heat reflective door lids keep the cold air in, and the freezer features durable construction, so you get longer-lasting performance.
    ",https://usr-content.s3.us-east-2.amazonaws.com/coldline/sd46-specsheet.pdf,https://usr-content.s3.us-east-2.amazonaws.com/coldline/coldline-one-year-warranty.pdf,https://usr-content.s3.us-east-2.amazonaws.com/coldline/sd-series-manual.pdf
"CTP60SG 60"" Refrigerated 6 Pan Glass Top Cover Countertop Salad Bar",CTP60SG,432,COLDLINE,"
                            
<ul>
 	<li>Holds temperature between 33°F to 41°F</li>
 	<li>AISI 304 stainless steel construction</li>
 	<li>Digital temperature controller and display</li>
 	<li>Removable flat glass cover</li>
 	<li>Static cooling system with continuous evaporator</li>
 	<li>CFC free refrigerant and foam</li>
 	<li>Fits 6 x 1/3 size stainless steel pans (included)</li>
</ul>

                          ",https://usrbrands.com/cdn/shop/products/vrx1500_130x.jpg?v=1612897971,"
      Keep salad, condiments, toppings, and other food items cold on this six pan countertop salad bar. This commercial refrigerated salad bar is perfect for pizza shops, restaurants, and food service establishments that serve a variety of cold salads. A self-contained unit, our salad bar refrigerator maximizes energy consumption and consistently maintains your toppings within the 33°F to 41°F temperature range. A digital temperature controller makes it super easy for your staff to adjust the temperature, while an automatic defrosts feature increases the efficiency of the unit.
    ",https://usr-content.s3.us-east-2.amazonaws.com/coldline/ctp60sg-specsheet.pdf,https://usr-content.s3.us-east-2.amazonaws.com/coldline/coldline-one-year-warranty.pdf,https://usr-content.s3.us-east-2.amazonaws.com/coldline/ctp-series-manual.pdf
XS260 39” Curved Glass Top Display Ice Cream Freezer - 9.2 Cu. Ft.,XS260,477,COLDLINE,"
                            <ul>
<li>Curved glass top lid with two sliding doors</li>
<li>White painted steel exterior</li>
<li>Gray plastic door frame</li>
<li>Embossed aluminum interior</li>
<li>Foamed-in-place polyurethane insulation</li>
<li>Preinstalled low profile casters with brakes</li>
<li>Built-in lock for security</li>
<li>LED lighting interior</li>
<li>Holds temperature -15°F and below</li>
<li>Rear drain plug for manual defrosting</li>
<li>Coated wire baskets included</li>
<li>Hydro-Carbon R290 refrigerant</li>
</ul>
                          ",https://usrbrands.com/cdn/shop/files/xs260-ice-cream-freezer-angle_130x.jpg?v=1755750028,"
      This Coldline curved glass top ice cream display freezer is designed to boost your impulse sales of ice cream, popsicles, pints of sorbet, and frozen appetizers. It features a high-efficiency refrigeration system, a durable stainless steel design, and a high-accessibility curved glass top display. Built for school concession stands, diners, and convenience stores, this ice cream display machine keeps top-selling frozen novelties within easy reach to boost selling potential.
    ",https://usr-content.s3.us-east-2.amazonaws.com/coldline/xs260-specsheet.pdf,https://usr-content.s3.us-east-2.amazonaws.com/coldline/coldline-one-year-warranty.pdf,https://usrbrands.com/products/xs260-39-curved-glass-top-display-diamond-series-ice-cream-freezer-9-2-cu-ft
"CTP70SG 71"" Refrigerated 8 Pan Glass Top Cover Countertop Salad Bar",CTP70SG,484,COLDLINE,"
                            
<ul>
 	<li>Holds temperature between 33°F to 41°F</li>
 	<li>AISI 304 stainless steel construction</li>
 	<li>Digital temperature controller and display</li>
 	<li>Removable flat glass cover</li>
 	<li>Static cooling system with continuous evaporator</li>
 	<li>CFC free refrigerant and foam</li>
 	<li>Fits 8 x 1/3 size stainless steel pans (included)</li>
</ul>

                          ",https://usrbrands.com/cdn/shop/products/vrx1800_130x.jpg?v=1612898152,"
      Keep salad, condiments, toppings, and other food items cold on this six pan countertop salad bar. This commercial refrigerated salad bar is perfect for pizza shops, restaurants, and food service establishments that serve a variety of cold salads. A self-contained unit, our salad bar refrigerator maximizes energy consumption and consistently maintains your toppings within the 33°F to 41°F temperature range. A digital temperature controller makes it super easy for your staff to adjust the temperature, while an automatic defrosts feature increases the efficiency of the unit.
    ",https://usr-content.s3.us-east-2.amazonaws.com/coldline/ctp70sg-specsheet.pdf,https://usr-content.s3.us-east-2.amazonaws.com/coldline/coldline-one-year-warranty.pdf,https://usr-content.s3.us-east-2.amazonaws.com/coldline/ctp-series-manual.pdf
"CF60 60"" Commercial Chest Freezer - 15.0 cu. ft.",CF60,507,COLDLINE,"
                            <ul>
 	<li>Exterior cabinet made of white powdered coated steel</li>
 	<li>External bottom in galvanized steel</li>
 	<li>Interior liner made of pre-painted steel</li>
 	<li>Manual controls</li>
 	<li>Solid lids with injected polyurethane, with heavy duty hinges</li>
 	<li>Lock system with key</li>
 	<li>Manual defrost</li>
 	<li>CFC-free foamed in place</li>
 	<li>(1) Interior basket included</li>
 	<li>15.0 cubic feet</li>
 	<li>Holds temperature between -10°F to 0°F</li>
 	<li>(4) Casters total, (2) with brakes</li>
 	<li>cETLus, ETL-S, NSF</li>
</ul>
                          ",https://usrbrands.com/cdn/shop/products/cf60_1-2_130x.jpg?v=1612898461,"
      This Coldline commercial chest freezer sets new standards for performance and durability. Featuring a robust white powdered coated stainless steel design, a high-efficiency refrigeration system and a manual control thermometer, this freezer is meant for ice cream shops, concession stands, restaurants, markets, and convenience stores. Safely protect your ice cream, burger patties, entrees and other frozen items from tampering with a built-in lock (and key). Bring reliability to your commercial kitchen with a Coldline freezer that’s designed to perform smoothly over the long run.
    ",https://usr-content.s3.us-east-2.amazonaws.com/coldline/cf60-specsheet.pdf,https://usr-content.s3.us-east-2.amazonaws.com/coldline/coldline-one-year-warranty.pdf,https://usr-content.s3.us-east-2.amazonaws.com/coldline/chest-freezer-series-manual.pdf
"SD54 54"" Glass Top Ice Cream Freezer - 13 Cu. Ft.",SD54,518,COLDLINE,"
                            <ul>
    <li>Flat glass top lid with two sliding doors</li>
    <li>White painted steel with white plastic trim exterior</li>
    <li>Embossed aluminum interior walls</li>
    <li>Preinstalled low profile casters with brakes</li>
    <li>Built-in lock for security</li>
    <li>Plast trim and door frames</li>
    <li>Rear drain plug for manual defrosting</li>
    <li>Coated wire baskets included</li>
    <li>Hydro-Carbon R290 refrigerant</li>     
</ul>
                          ",https://usrbrands.com/cdn/shop/products/sd302_02262b1a-2f62-4da0-8598-7fa4036c6eb4_130x.jpg?v=1666839275,"
      The Coldline commercial ice cream freezer is an all-round merchandiser for showcasing your frozen items. This ice cream display keeps your treats at the proper temperature, prolonging their shelf life while at the same time maximizing sales potential. Four casters make it easier to position the unit in a fixed location. Even better, heat reflective door lids keep the cold air in, and the freezer features durable construction, so you get longer-lasting performance.
    ",https://usr-content.s3.us-east-2.amazonaws.com/coldline/sd54-specsheet.pdf,https://usr-content.s3.us-east-2.amazonaws.com/coldline/coldline-one-year-warranty.pdf,https://usr-content.s3.us-east-2.amazonaws.com/coldline/sd-series-manual.pdf
CBD-2 Double 3 Gallon Bowl Refrigerated Beverage Dispenser with Stirring System,CBD-2,536,COLDLINE,"
                            <ul>
<li>Food-grade high-density polycarbonate unbreakable container</li>
<li>Stainless steel tap lever</li>
<li>Middle or high back pressure compressor</li>
<li>R290 gas refrigerant</li>
<li>Stirring system</li>
<li>Holds the temperature between <span data-mce-fragment=""1"">44.6 - 53.6°F</span>
</li>
</ul>
                          ",https://usrbrands.com/cdn/shop/files/cbd-2-web_1_130x.jpg?v=1706609642,"
      This commercial beverage dispenser is designed for restaurants and diners that want to offer refreshingly chilled beverages. Boost impulse sales in your food service business by offering guests dispense juice, lemonade and other cold drinks. Take advantage of simple controls to set the appropriate product temperature, and keep your most popular cold drinks flowing to increase profitability.
    ",https://usr-content.s3.us-east-2.amazonaws.com/coldline/cbd-2-specsheet.pdf,https://usr-content.s3.us-east-2.amazonaws.com/coldline/coldline-one-year-warranty.pdf,https://usr-content.s3.us-east-2.amazonaws.com/coldline/cbd-series-manual.pdf
"CTP80SS 80"" Refrigerated Countertop Salad Bar, Stainless Steel Topping Rail, 9 Pans",CTP80SS,538,COLDLINE,"
                            <ul>
<li>80"" stainless steel countertop refrigerated prep rail</li>
<li>Accommodates 6"" deep (9) 1/3 size or (18) 1/6 size food pans(sold separately)</li>
<li>Stainless steel interior and exterior construction</li>
<li>Easy to use digital temperature controller</li>
<li>Holding temperature range: 33 - 41 degrees F</li>
<li>Plastic non-scratch feet included</li>
<li>Stainless steel lift-up lid for convenient access and enhanced food safety</li>
<li>Includes removable dividers</li>
<li>Hydro-Carbon R600a refrigerant</li>
<li>110v Plug and Play<br>
</li>
</ul>
                          ",https://usrbrands.com/cdn/shop/files/ctp80ss_tabletop-salad-bars-with-salad_1_130x.jpg?v=1724662113,"
      Keep salad, condiments, toppings, and other food items cold on this nine pan countertop salad bar. This commercial refrigerated salad bar is perfect for pizza shops, restaurants, and food service establishments that serve a variety of cold salads. A self-contained unit, our salad bar refrigerator maximizes energy consumption and consistently maintains your toppings within the 33°F to 41°F temperature range. A digital temperature controller makes it super easy for your staff to adjust the temperature, while an automatic defrosts feature increases the efficiency of the unit.
    ",https://usr-content.s3.us-east-2.amazonaws.com/coldline/ctp80ss-specsheet.pdf,https://usr-content.s3.us-east-2.amazonaws.com/coldline/coldline-one-year-warranty.pdf,https://usr-content.s3.us-east-2.amazonaws.com/coldline/ctp-series-manual.pdf
XS360 50” Curved Glass Top Display Ice Cream Freezer - 13 Cu. Ft.,XS360,552,COLDLINE,"
                            <ul>
<li>Curved glass top lid with two sliding doors</li>
<li>White painted steel exterior</li>
<li>Gray plastic door frame</li>
<li>Embossed aluminum interior</li>
<li>Foamed-in-place polyurethane insulation</li>
<li>Preinstalled low profile casters with brakes</li>
<li>Built-in lock for security</li>
<li>LED lighting interior</li>
<li>Holds temperature -15°F and below</li>
<li>Rear drain plug for manual defrosting</li>
<li>Coated wire baskets included</li>
<li>Hydro-Carbon R290 refrigerant</li>
</ul>
                          ",https://usrbrands.com/cdn/shop/files/xs360-ice-cream-freezer-angle_130x.jpg?v=1755666391,"
      This Coldline curved glass top ice cream display freezer is designed to boost your impulse sales of ice cream, popsicles, pints of sorbet, and frozen appetizers. It features a high-efficiency refrigeration system, a durable stainless steel design, and a high-accessibility curved glass top display. Built for school concession stands, diners, and convenience stores, this ice cream display machine keeps top-selling frozen novelties within easy reach to boost selling potential.
    ",https://usr-content.s3.us-east-2.amazonaws.com/coldline/xs360-specsheet.pdf,https://usr-content.s3.us-east-2.amazonaws.com/coldline/coldline-one-year-warranty.pdf,https://usrbrands.com/products/xs360-50-curved-glass-top-display-diamond-series-ice-cream-freezer-13-cu-ft
"CTP80SG 80"" Refrigerated Countertop Salad Bar, Glass Topping Rail, 9 Pans",CTP80SG,578,COLDLINE,"
                            <ul>
<li>Countertop refrigerated prep rail</li>
<li>Sneeze guard included</li>
<li>Stainless steel exterior and interior</li>
<li>Fits (9) 1/3 size or (18) 1/6 size food pans (sold separately)</li>
<li>Digital temperature controller and display</li>
<li>Eco-friendly R600a refrigerant<br>
</li>
</ul>
                          ",https://usrbrands.com/cdn/shop/files/ctp80-countertop-topping-rail_130x.jpg?v=1724662231,"
      Keep salad, condiments, toppings, and other food items cold on this nine pan countertop salad bar. This commercial refrigerated salad bar is perfect for pizza shops, restaurants, and food service establishments that serve a variety of cold salads. A self-contained unit, our salad bar refrigerator maximizes energy consumption and consistently maintains your toppings within the 33°F to 41°F temperature range. A digital temperature controller makes it super easy for your staff to adjust the temperature, while an automatic defrosts feature increases the efficiency of the unit.
    ",https://usr-content.s3.us-east-2.amazonaws.com/coldline/ctp80sg-specsheet.pdf,https://usr-content.s3.us-east-2.amazonaws.com/coldline/coldline-one-year-warranty.pdf,https://usr-content.s3.us-east-2.amazonaws.com/coldline/ctp-series-manual.pdf
"Coldline G8E-B 22"" Single Glass Door Merchandiser Refrigerator with LED Lighting - Black",G8E-B,585,COLDLINE,"
                            <ul>
<li>9 cu. ft. capacity</li>
<li>Double-layer tempered glass</li>
<li>Swing glass door</li>
<li>Includes door lock and key</li>
<li>(4) adjustable coated steel shelves</li>
<li>32° to 50°F temperature range</li>
<li>R600a refrigerant</li>
</ul>
                          ",https://usrbrands.com/cdn/shop/files/g8e-b_130x.jpg?v=1706005661,"
      With its 9 cu.ft. capacity, this Coldline G8E-B refrigerator provides ample space to showcase and refrigerate your products and maintains consistent temperatures, ensuring that your perishable goods stay fresh and at their best quality. Enhance your display, attract customers, and keep your merchandise at the optimal temperature with this stylish and reliable refrigeration solution.
    ",https://usr-content.s3.us-east-2.amazonaws.com/coldline/g8e-b-specsheet.pdf,https://usr-content.s3.us-east-2.amazonaws.com/coldline/refrigeration-warranty.pdf,https://usrbrands.com/products/coldline-g8e-b-22-single-glass-door-merchandiser-refrigerator-with-led-lighting-black
G10-B 21″ Single Glass Swing Door Merchandiser Refrigerator - Black,G10-B,611,COLDLINE,"
                            
<ul>
    <li>Black coated exterior</li>
    <li>Attractive aluminum liner with stainless steel floor</li>
    <li>Refrigeration system keeps food at safe temperatures</li>
    <li>Self-closing doors with 90 degree stay-open feature</li>
    <li>Adjustable heavy-duty PVC coated shelves</li>
    <li>Pull out door handle</li>
    <li>Electronic control system</li>
    <li>Leveling feet</li>
    <li>Removable installation board</li>
    <li>Hydro-Carbon R290 refrigerant</li>    
</ul>

                          ",https://usrbrands.com/cdn/shop/products/G258-B_130x.jpg?v=1612898497,"
      Showcase your soda and food in this 21"" 1 glass door refrigerated merchandiser with LED lighting, 4 adjustable shelves, 1 self-closing anti-fog swing door provides easy access to your products. Standard 115V plug makes set up easy. Just plug it in and turn it on!
    ",https://usr-content.s3.us-east-2.amazonaws.com/coldline/g10-b-specsheet.pdf,https://usr-content.s3.us-east-2.amazonaws.com/coldline/refrigeration-warranty.pdf,https://usr-content.s3.us-east-2.amazonaws.com/coldline/g-d-series-merchandiser-manual.pdf
G10-W 21″ White Single Glass Merchandiser Refrigerator,G10-W,611,COLDLINE,"
                            
<ul>
 	<li>White coated exterior</li>
 	<li>Attractive aluminum liner with stainless steel floor</li>
 	<li>Refrigeration system keeps food at safe temperatures</li>
 	<li>Self-closing doors with 90 degree stay-open feature</li>
 	<li>Adjustable heavy-duty PVC coated shelves</li>
 	<li>Pull out door handle</li>
 	<li>Electronic control system</li>
 	<li>Preinstalled heavy-duty casters with brakes</li>
 	<li>Removable installation board</li>
 	<li>Hydro-Carbon R290 refrigerant</li>
</ul>

                          ",https://usrbrands.com/cdn/shop/products/g258-w_1_130x.jpg?v=1612898207,"
      This Coldline commercial glass door merchandiser refrigerator is perfect for restaurants, delis, bakeries, or cafes. It keeps your food products at safe temperatures.
    ",https://usr-content.s3.us-east-2.amazonaws.com/coldline/g10-w-specsheet.pdf,https://usr-content.s3.us-east-2.amazonaws.com/coldline/refrigeration-warranty.pdf,https://usr-content.s3.us-east-2.amazonaws.com/coldline/g-d-series-merchandiser-manual.pdf
"BBC-25 25"" Horizontal Reach-In Black Bottle Cooler - 5 Cu. Ft.",BBC-25,632,COLDLINE,"
                            <ul data-mce-fragment=""1"">
<li data-mce-fragment=""1"">Durable stainless steel top</li>
<li data-mce-fragment=""1"">Black coated steel exterior</li>
<li data-mce-fragment=""1"">Coated aluminum interior</li>
<li data-mce-fragment=""1"">33F to 40F degree temperature range</li>
<li data-mce-fragment=""1"">Removable bottle cap opener and cap catcher with locking lid</li>
<li data-mce-fragment=""1"">Digital temperature control and display</li>
<li data-mce-fragment=""1"">Automatic defrost</li>
<li data-mce-fragment=""1"">Adjustable coated-steel dividers included</li>
<li data-mce-fragment=""1"">Foamed-in-place polyurethane insulation</li>
</ul>
                          ",https://usrbrands.com/cdn/shop/files/bbc25-bottle-cooler-angle_130x.jpg?v=1755657015,"
      This Coldline commercial horizontal bottle cooler is perfect for restaurants, delis, bakeries, or cafes. It keeps your bottles at safe temperatures.
    ",https://usr-content.s3.us-east-2.amazonaws.com/coldline/bbc-25-specsheet.pdf,https://usr-content.s3.us-east-2.amazonaws.com/coldline/refrigeration-warranty.pdf,https://usr-content.s3.us-east-2.amazonaws.com/coldline/bbc-series-manual.pdf
"Coldline G12E-B 24"" Single Glass Door Merchandiser Refrigerator with LED lighting - Black",G12E-B,661,COLDLINE,"
                            <ul>
<li>12 cu. ft. capacity</li>
<li>Double-layer tempered glass</li>
<li>Swing glass door</li>
<li>Includes door lock and key</li>
<li>(4) adjustable coated steel shelves</li>
<li>32° to 50°F temperature range</li>
<li>R600a refrigerant</li>
</ul>
                          ",,"
      With its 12 cu.ft. capacity, this Coldline G12E-B refrigerator provides ample space to showcase and refrigerate your products and maintains consistent temperatures, ensuring that your perishable goods stay fresh and at their best quality.Enhance your display, attract customers, and keep your merchandise at the optimal temperature with this stylish and reliable refrigeration solution.
    ",https://usr-content.s3.us-east-2.amazonaws.com/coldline/g12e-b-specsheet.pdf,https://usr-content.s3.us-east-2.amazonaws.com/coldline/refrigeration-warranty.pdf,https://usrbrands.com/products/coldline-g12e-b-24-single-glass-door-merchandiser-refrigerator-with-led-lighting-black
CF76 76” Commercial Chest Freezer - 22.5 cu. ft.,CF76,708,COLDLINE,"
                            <ul>
<li>Exterior cabinet made of white powdered coated steel</li>
<li>External bottom in galvanized steel</li>
<li>Interior liner made of pre-painted steel</li>
<li>Manual controls</li>
<li>Solid lids with injected polyurethane, with heavy duty hinges</li>
<li>Lock system with key</li>
<li>Manual defrost</li>
<li>CFC-free foamed in place</li>
<li>(2) Interior basket included</li>
<li>22.5 cubic feet</li>
<li>Holds temperature between -10°F to 0°F</li>
<li>(6) Casters total, (3) with brakes</li>
<li>cETLus, ETL-S, NSF</li>
</ul>
                          ",https://usrbrands.com/cdn/shop/products/cf76_2_130x.jpg?v=1612898103,"
      This Coldline commercial chest freezer sets new standards for performance and durability. Featuring a robust white powdered coated stainless steel design, a high-efficiency refrigeration system and a manual control thermometer, this freezer is meant for ice cream shops, concession stands, restaurants, markets, and convenience stores. Safely protect your ice cream, burger patties, entrees and other frozen items from tampering with a built-in lock (and key). Bring reliability to your commercial kitchen with a Coldline freezer that’s designed to perform smoothly over the long run.
    ",https://usr-content.s3.us-east-2.amazonaws.com/coldline/cf76-specsheet.pdf,https://usr-content.s3.us-east-2.amazonaws.com/coldline/coldline-one-year-warranty.pdf,https://usr-content.s3.us-east-2.amazonaws.com/coldline/chest-freezer-series-manual.pdf
CBD-3 Triple 3 Gallon Bowl Refrigerated Beverage Dispenser with Stirring System,CBD-3,718,COLDLINE,"
                            <ul>
<li>Food-grade high-density polycarbonate unbreakable container</li>
<li>Stainless steel tap lever</li>
<li>Middle or high back pressure compressor</li>
<li>R290 gas refrigerant</li>
<li>Stirring system</li>
<li>Holds the temperature between <span data-mce-fragment=""1"">44.6 - 53.6°F</span>
</li>
</ul>
                          ",https://usrbrands.com/cdn/shop/files/cbd-3-web_130x.jpg?v=1706609751,"
      This commercial beverage dispenser is designed for restaurants and diners that want to offer refreshingly chilled beverages. Boost impulse sales in your food service business by offering guests dispense juice, lemonade and other cold drinks. Take advantage of simple controls to set the appropriate product temperature, and keep your most popular cold drinks flowing to increase profitability.
    ",https://usr-content.s3.us-east-2.amazonaws.com/coldline/cbd-3-specsheet.pdf,https://usr-content.s3.us-east-2.amazonaws.com/coldline/coldline-one-year-warranty.pdf,https://usr-content.s3.us-east-2.amazonaws.com/coldline/cbd-series-manual.pdf
UC-27R 27” Undercounter Work Top Refrigerator - 6.3 Cu. Ft.,UC-27R,738,COLDLINE,"
                            <ul>
<li>Stainless steel interior and exterior</li>
<li>Refrigeration system keeps food at safe temperatures between 33°F and 41°F (0.5°C to 5°C)</li>
<li>Self-closing doors with 90-degree stay-open feature with locks and keys included</li>
<li>Adjustable heavy-duty PVC coated shelves</li>
<li>Recessed door handle</li>
<li>Electronic control system makes it easy to adjust temperature set point and defrost frequency</li>
<li>Pre-installed heavy-duty casters with brakes</li>
<li>Removable installation board makes it easy to access condenser coil for cleaning and service</li>
<li>Hydro-Carbon R290 refrigerant</li>
<li>Equipped with NEMA 5-15P plug<br>
</li>
</ul>
                          ",https://usrbrands.com/cdn/shop/files/uc27r_rev2_front.801_130x.jpg?v=1755483114,"
      The Coldline UC 27"" is an excellent refrigerator for any under-counter or worktop application. This 1 door unit provides 6.3 cubic feet of storage and a thick 27"" stainless steel work surface. Wheels, adjustable shelves, and self-closing doors come standard on all units. Optional small casters will reduce height by 1"". Eco-friendly R290 refrigeration system maintains 33-41 degree temperature to keep your food in the safe zone.
    ",https://usr-content.s3.us-east-2.amazonaws.com/coldline/uc-27r-specsheet.pdf,https://usr-content.s3.us-east-2.amazonaws.com/coldline/refrigeration-warranty.pdf,https://usr-content.s3.us-east-2.amazonaws.com/coldline/prep-table-undercounter-series-manual.pdf
DP-160-FSG 26'' 4-Tub Ice Cream Dipping Cabinet Freezer with Sneeze Guard,DP-160-FSG,745,COLDLINE,"
                            <ul>
<li>
<span data-mce-fragment=""1"">White Powder Coated Steel</span>&nbsp;E<span data-mce-fragment=""1"">xterior</span>
</li>
<li><span>Accommodate up to 4 ice cream tubs</span></li>
<li>Manual temperature control</li>
<li>Flat-front glass sneeze guard</li>
<li>-15 and 8 degrees Fahrenheit</li>
<li>Interior LED lighting</li>
<li>Hydro-Carbon R290 refrigerant</li>
</ul>
                          ",https://usrbrands.com/cdn/shop/files/dp-160-fsg_130x.jpg?v=1706007361,"
      Equipped with flat sneeze guard, this 26"" 4-Tub Ice Cream Dipping Cabinet Freezer ensures the hygiene and safety of your ice cream. And it's the perfect solution for displaying and serving delicious ice cream treats. This dipping cabinet freezer is designed to enhance the customer experience while keeping your frozen desserts at the perfect temperature.
    ",https://usr-content.s3.us-east-2.amazonaws.com/coldline/dp-160-fsg-specsheet.pdf,https://usr-content.s3.us-east-2.amazonaws.com/coldline/coldline-one-year-warranty.pdf,https://usrbrands.com/products/dp-160-fsg-26-4-tub-ice-cream-dipping-cabinet-freezer-with-sneeze-guard
CDD-1 24″ Refrigerated Direct Draw Beer Dispenser with 1 Spout - 6.5 Cu. Ft.,CDD-1,752,COLDLINE,"
                            <ul>
 	<li>Durable stainless steel top, interior walls, floor, and ceiling</li>
 	<li>Exterior construction is attractive corrosion resistant vinyl on steel in black finish</li>
 	<li>Refrigeration system keeps the drinks at safe temperatures between 33°F and 41°F</li>
 	<li>Electronic control system makes it easy to adjust temperature set point and defrost frequency</li>
 	<li>Pre-installed heavy-duty casters with brakes</li>
 	<li>Adjustable heavy-duty PVC coated shelves</li>
 	<li>Self-closing doors with locks</li>
 	<li>LED interior lighting</li>
 	<li>Hydro-Carbon R290 refrigerant, which is environmentally friendly and more efficient than R134a/R404a refrigerant</li>
 	<li>Removable installation board makes it easy to access condenser coil for cleaning and service</li>
</ul>
                          ",https://usrbrands.com/cdn/shop/files/cdd-1-beer-dispenser-angle_130x.jpg?v=1755656681,"
      This Coldline beer dispenser is ideal for bars and restaurants that need to store draft beer “on tap.” Hold barrels or wall kegs in refrigerated sections, and keep your customer’s favorite brew flowing on-demand. Coldline draft beer dispensers are equipped with electronic temperature control to keep the product at the ideal refrigeration point. Interior LED lighting, self-closing doors, and adjustable PVC shelves all make this unit a reliable commercial refrigerated beer dispenser for any bar service.
    ",https://usr-content.s3.us-east-2.amazonaws.com/coldline/cdd-1-specsheet.pdf,https://usr-content.s3.us-east-2.amazonaws.com/coldline/refrigeration-warranty.pdf,https://usr-content.s3.us-east-2.amazonaws.com/coldline/backbar-dispenser-series-manual.pdf
"SP27 27"" Bain Marie Sandwich Prep Table - 6 Pans",SP27,768,COLDLINE,"
                            <ul>
<li>Standard top model</li>
<li>Stainless steel interior and exterior</li>
<li>Refrigeration system keeps food at safe temperatures between 33°F and 41°F (0.5°C to 5°C)</li>
<li>Self-closing doors with 90-degree stay-open feature with locks and keys included</li>
<li>Adjustable heavy-duty PVC coated shelves</li>
<li>Cutting board and pans included</li>
<li>Recessed door handle</li>
<li>Electronic control system makes it easy to adjust temperature set point and defrost frequency</li>
<li>Pre-installed heavy-duty casters with brakes</li>
<li>Removable installation board makes it easy to access condenser coil for cleaning and service</li>
<li>Hydro-Carbon R290 refrigerant</li>
<li>Equipped with NEMA 5-15P plug</li>
<li>Optional glass sneeze guard</li>
</ul>
                          ",,"
      The SP 27"" refrigerated sandwich prep unit fits 6 x 1/6 size pans or 2 x 1/9 size pans. And it features a 10"" deep removable cutting board for easy cleaning, self-closing doors, and an insulated roll top to lock in cold air. The 5.7 cubic feet of storage inside includes an adjustable shelf. The 1/5 HP refrigeration system features auto defrost and is electronically controlled to keep your food in the safe zone. Durable and easy to clean stainless steel construction. The 29.5"" depth makes it a great addition to small kitchens.
    ",https://usr-content.s3.us-east-2.amazonaws.com/coldline/sp27-specsheet.pdf,https://usr-content.s3.us-east-2.amazonaws.com/coldline/refrigeration-warranty.pdf,https://usr-content.s3.us-east-2.amazonaws.com/coldline/prep-table-undercounter-series-manual.pdf
"Coldline SMP27-T 27"" Mega Top Refrigerated Sandwich Prep Table with Cutting Board and Food Pans",SMP27-T,777,COLDLINE,"
                            <ul>
<li>27"" one door mega top refrigerated sandwich/salad prep table</li>
<li>SS430 stainless steel exterior &amp; interior</li>
<li>Removable full length, 7.87"" deep cutting board</li>
<li>Includes 12x food pans and lids, 304 stainless steel material</li>
<li>Self-closing swing doors, stay open past 90 degrees</li>
<li>Easily removable magnetic door gaskets</li>
<li>Adjustable PVC-coated shelf</li>
<li>Foamed-in-place insulation keeps the interior cold</li>
<li>Pre-installed 5"" casters, two with brakes</li>
<li>Easy to use digital control and display, auto defrost<br>
</li>
</ul>
                          ",https://usrbrands.com/cdn/shop/files/smpt27_with-food-front_130x.jpg?v=1745836514,"
      The SMP27-T mega top sandwich prep refrigerator includes 12 stainless steel pans and a full length 7.87 inch cutting board included standard. Stainless steel interior and exterior for long lasting durability and easy cleaning. The 1/4 HP refrigeration system will keep your food in the safe zone while the self-closing doors and insulated roll top lock the cold air at 6.1 cu. ft. of storage offers plenty of room for storage and adjustable 90 lb. shelf allows you to organize optimally.
    ",https://usr-content.s3.us-east-2.amazonaws.com/coldline/smp27-t-specsheet.pdf,https://usr-content.s3.us-east-2.amazonaws.com/coldline/refrigeration-warranty.pdf,https://usrbrands.com/products/coldline-smp27-t-27-mega-top-refrigerated-sandwich-prep-table-with-cutting-board-and-food-pans
"Coldline UCN-29R 29"" Narrow Depth Undercounter Worktop Refrigerator",UCN-29R,780,COLDLINE,"
                            <ul>
<li>Narrow 24"" depth undercounter refrigerator</li>
<li>Stay-open, self-closing doors</li>
<li>Digital temperature controller</li>
<li>Stainless steel exterior and interior</li>
<li>Built-in handle</li>
<li>Auto-defrost</li>
<li>Foamed-in-place polyurethane insulation</li>
<li>Pre-installed 5"" casters, two with brakes</li>
<li>Includes adjustable PVC-coated shelf</li>
<li>33 to 41 degrees Fahrenheit temperature range</li>
</ul>
                          ",https://usrbrands.com/cdn/shop/files/ucn-29r-29-inch-narrow-undercounter_2_130x.jpg?v=1728447047,"
      Coldline UCN series undercounter worktop refrigerators feature a narrow 24"" front to back depth measurement, making them perfect for commercial kitchens or food trucks with very tight spaces. They are designed to seamlessly fit beneath counters or serve as practical worktops. Each unit features a durable stainless steel exterior and interior, including a heavy duty 2.4-inch thick stainless steel work surface strong enough for cutting or mixing and smooth enough to prepare foods.
    ",https://usr-content.s3.us-east-2.amazonaws.com/coldline/ucn-29r-specsheet.pdf,https://usr-content.s3.us-east-2.amazonaws.com/coldline/refrigeration-warranty.pdf,https://usrbrands.com/products/coldline-ucn-29r-29-narrow-depth-undercounter-worktop-refrigerator
"SMP27 27"" One Door Mega Top Bain Marie Sandwich Prep Refrigerator - 9 Pans",SMP27,812,COLDLINE,"
                            <ul>
<li>Mega top model</li>
<li>Stainless steel interior and exterior</li>
<li>Refrigeration system keeps food at safe temperatures between 33°F and 41°F (0.5°C to 5°C)</li>
<li>Self-closing doors with 90-degree stay-open feature with locks and keys included</li>
<li>Adjustable heavy-duty PVC coated shelves</li>
<li>Cutting board and pans included</li>
<li>Recessed door handle</li>
<li>Electronic control system makes it easy to adjust temperature set point and defrost frequency</li>
<li>Pre-installed heavy-duty casters with brakes</li>
<li>Removable installation board makes it easy to access condenser coil for cleaning and service</li>
<li>Hydro-Carbon R290 refrigerant</li>
<li>Equipped with NEMA 5-15P plug</li>
<li>Optional glass sneeze guard</li>
</ul>
                          ",,"
      The SMP27 27"" mega top sandwich prep refrigerator includes 9 pans, and a full length 8"" cutting board included standard — stainless steel construction for long-lasting durability and easy cleaning. The 1/5 HP refrigeration system will keep your food in the safe zone while the self-closing doors and insulated roll top lock the cold air at 5.7 cubic feet of storage offers plenty of room for storage and 1 adjustable 90 lb. shelves allow you to organize optimally.
    ",https://usr-content.s3.us-east-2.amazonaws.com/coldline/smp27-specsheet.pdf,https://usr-content.s3.us-east-2.amazonaws.com/coldline/refrigeration-warranty.pdf,https://usr-content.s3.us-east-2.amazonaws.com/coldline/prep-table-undercounter-series-manual.pdf
UC-27F 27” Undercounter Work Top Freezer - 6.3 Cu. Ft.,UC-27F,813,COLDLINE,"
                            <ul>
<li>Stainless steel interior and exterior</li>
<li>Refrigeration system keeps food at safe temperatures between -8°F and 0°F (-22°C to -18°C)</li>
<li>Self-closing doors with 90-degree stay-open feature with locks and keys included</li>
<li>Adjustable heavy-duty PVC coated shelves</li>
<li>Recessed door handle</li>
<li>Electronic control system makes it easy to adjust temperature set point and defrost frequency</li>
<li>Pre-installed heavy-duty casters with brakes</li>
<li>Removable installation board makes it easy to access condenser coil for cleaning and service</li>
<li>Hydro-Carbon R290 refrigerant</li>
<li>Equipped with NEMA 5-15P plug<br>
</li>
</ul>
                          ",https://usrbrands.com/cdn/shop/files/uc27f_rev2_front.801_130x.jpg?v=1755663632,"
      The Coldline UC 27"" is an excellent freezer for any under-counter or worktop application. This 1 door unit provides 6.3 cubic feet of storage and a thick 27"" stainless steel work surface. Wheels, adjustable shelves, and self-closing doors come standard on all units. Optional small casters will reduce height by 1"". Eco-friendly R290 refrigeration system maintains -8 to 0 degree temperature to keep your food in the safe zone.
    ",https://usr-content.s3.us-east-2.amazonaws.com/coldline/uc-27f-specsheet.pdf,https://usr-content.s3.us-east-2.amazonaws.com/coldline/refrigeration-warranty.pdf,https://usr-content.s3.us-east-2.amazonaws.com/coldline/prep-table-undercounter-series-manual.pdf
"XS500YX 58"" Curved Glass Display Ice Cream Freezer with LED and 5 Baskets",XS500YX,816,COLDLINE,"
                            <ul>
<li>Curved glass lid with two sliding doors</li>
<li>White painted steel with gray plastic trim exterior</li>
<li>Steel interior walls</li>
<li>Preinstalled low profile casters with brakes</li>
<li>LED interior lighting</li>
<li>Built-in lock for security</li>
<li>Plast trim and door frames</li>
<li>Rear drain plug for manual defrosting</li>
<li>Coated wire baskets included</li>
<li>Hydro-Carbon R290 refrigerant</li>
</ul>
                          ",https://usrbrands.com/cdn/shop/files/xs500_130x.jpg?v=1748422982,"
      The Coldline commercial ice cream freezer is an all-round merchandiser for showcasing your frozen items. This ice cream display keeps your treats at the proper temperature, prolonging their shelf life while at the same time maximizing sales potential. LED interior lights facilitate easier visibility at all times. Four adjustable legs make it easier to position the unit in a fixed location. Even better, heat reflective door lids keep the cold air in, and the freezer features durable construction, so you get longer-lasting performance.
    ",https://usr-content.s3.us-east-2.amazonaws.com/coldline/xs500yx-specsheet.pdf,https://usr-content.s3.us-east-2.amazonaws.com/coldline/coldline-one-year-warranty.pdf,https://usr-content.s3.us-east-2.amazonaws.com/coldline/xs500yx-xs700yx-manual.pdf
G28-B 28” Single Glass Door Merchandising Refrigerator - Black,G28-B,863,COLDLINE,"
                            <ul>
<li>Black coated steel exterior</li>
<li>Attractive aluminum liner with stainless steel floor interior</li>
<li>Refrigeration system maintains temperatures between 33°F and 41°F (0.5°C to 5°C)</li>
<li>Self-closing double pane glass door with positive seal</li>
<li>Adjustable heavy-duty PVC coated shelves</li>
<li>LED interior lighting</li>
<li>Electronic control system makes it easy to adjust temperature set point and defrost frequency</li>
<li>Removable installation board makes it easy to access condenser coil for cleaning and service</li>
<li>Preinstalled heavy-duty casters with brakes</li>
<li>Hydro-Carbon R290 refrigerant</li>
<li>Swing door</li>
<li>Equipped with NEMA 5-15P plug<br>
</li>
</ul>
                          ",https://usrbrands.com/cdn/shop/files/g28-showcase-angle_130x.jpg?v=1755592811,"
      Showcase your soda and food in this 28"" 1 glass door refrigerated merchandiser with LED lighting, 4 adjustable shelves, and heavy-duty lockable wheels standard. 1 self-closing anti-fog swing door provides easy access to your products. Standard 115V plug makes set up easy. Just plug it in and turn it on!
    ",https://usr-content.s3.us-east-2.amazonaws.com/coldline/g28-b-specsheet.pdf,https://usr-content.s3.us-east-2.amazonaws.com/coldline/refrigeration-warranty.pdf,https://usr-content.s3.us-east-2.amazonaws.com/coldline/g-d-series-merchandiser-manual.pdf
"G15-W 26"" Single Glass Swing Door Merchandiser Refrigerator - White",G15-W,877,COLDLINE,"
                            <ul>
<li>White&nbsp;coated exterior</li>
<li>Attractive aluminum liner with stainless steel floor</li>
<li>Refrigeration system keeps food at safe temperatures</li>
<li>Self-closing doors with 90 degree stay-open feature</li>
<li>Adjustable heavy-duty PVC coated shelves</li>
<li>Pull out door handle</li>
<li>Electronic control system</li>
<li>Removable installation board</li>
<li>Hydro-Carbon R290 refrigerant</li>
</ul>
                          ",https://usrbrands.com/cdn/shop/files/g15-showcase-angle-no-caster_130x.jpg?v=1755594628,"
      This Coldline commercial glass door merchandiser refrigerator is perfect for restaurants, delis, bakeries, or cafes. This keeps your drinks at the proper temperature, prolonging their shelf life while at the same time maximizing sales potential. LED interior lights facilitate more natural visibility at all times. Adjustable heavy-duty PVC coated shelves make it easy to adjust the racks to fit your businesses needs.
    ",https://usr-content.s3.us-east-2.amazonaws.com/coldline/g15-w-specsheet.pdf,https://usr-content.s3.us-east-2.amazonaws.com/coldline/refrigeration-warranty.pdf,https://usr-content.s3.us-east-2.amazonaws.com/coldline/g-d-series-merchandiser-manual.pdf
"G15-B 26"" Single Glass Swing Door Merchandiser Refrigerator - Black",G15-B,877,COLDLINE,"
                            
<ul>
    <li>Black coated exterior</li>
    <li>Attractive aluminum liner with stainless steel floor</li>
    <li>Refrigeration system keeps food at safe temperatures</li>
    <li>Self-closing doors with 90 degree stay-open feature</li>
    <li>Adjustable heavy-duty PVC coated shelves</li>
    <li>Pull out door handle</li>
    <li>Electronic control system</li>
    <li>Removable installation board</li>
    <li>Hydro-Carbon R290 refrigerant</li>    
</ul>

                          ",https://usrbrands.com/cdn/shop/files/g15-showcase-angle-feet_130x.jpg?v=1755593888,"
      This Coldline commercial glass door merchandiser refrigerator is perfect for restaurants, delis, bakeries, or cafes. This keeps your drinks at the proper temperature, prolonging their shelf life while at the same time maximizing sales potential. LED interior lights facilitate more natural visibility at all times. Adjustable heavy-duty PVC coated shelves make it easy to adjust the racks to fit your businesses needs.
    ",https://usr-content.s3.us-east-2.amazonaws.com/coldline/g15-b-specsheet.pdf,https://usr-content.s3.us-east-2.amazonaws.com/coldline/refrigeration-warranty.pdf,https://usr-content.s3.us-east-2.amazonaws.com/coldline/g-d-series-merchandiser-manual.pdf
GRANITA-1N Single 1 Bowl Pourover Granita Slush Machine - 3 Gallon,GRANITA-1N,916,COLDLINE,"
                            <ul>
<li>Holds Temperature Between 24°F to 29°F</li>
<li>Interior LED Lighting</li>
<li>Luxurious Design</li>
<li>Maintenance Friendly</li>
<li>Drip Tray</li>
<li>Consistant Flavor</li>
<li>Adjustable Slush Mode</li>
<li>Food-grade Anti-cracking Bow</li>
</ul>
                          ",https://usrbrands.com/cdn/shop/files/granita-1n-slush-machine_130x.jpg?v=1706608707,"
      Built to be a reliable and efficient performer, the Granita will help you prepare perfectly chilled slushies at all times. A powerful motor and heavy-duty auger make it easier to create great-textured crowd-pleasers. Whether you are an upscale adult hot spot or a family-friendly food joint, you can count on this frozen drink machine to churn out great slushies, sherbet, and more!
    ",https://usr-content.s3.us-east-2.amazonaws.com/coldline/granita-1n-specsheet.pdf,https://usr-content.s3.us-east-2.amazonaws.com/coldline/coldline-one-year-warranty.pdf,https://usr-content.s3.us-east-2.amazonaws.com/coldline/slush-machine-manual.pdf
"SP36 36"" Bain Marie Sandwich Prep Table - 10 Pans",SP36,921,COLDLINE,"
                            <ul>
<li>Standard top model</li>
<li>Stainless steel interior and exterior</li>
<li>Refrigeration system keeps food at safe temperatures between 33°F and 41°F (0.5°C to 5°C)</li>
<li>Self-closing doors with 90-degree stay-open feature with locks and keys included</li>
<li>Adjustable heavy-duty PVC coated shelves</li>
<li>Cutting board and pans included</li>
<li>Recessed door handle</li>
<li>Electronic control system makes it easy to adjust temperature set point and defrost frequency</li>
<li>Pre-installed heavy-duty casters with brakes</li>
<li>Removable installation board makes it easy to access condenser coil for cleaning and service</li>
<li>Hydro-Carbon R290 refrigerant</li>
<li>Equipped with NEMA 5-15P plug</li>
<li>Optional glass sneeze guard</li>
</ul>
                          ",,"
      The SP 36"" refrigerated sandwich prep unit fits 10 x 1/6 size pans. And it features a 10"" deep removable cutting board for easy cleaning, self-closing doors, and an insulated roll top to lock in cold air. The 9 cubic feet of storage inside includes an adjustable shelf. The 1/5 HP refrigeration system features auto defrost and is electronically controlled to keep your food in the safe zone. Durable and easy to clean stainless steel construction. The 29.5"" depth makes it a great addition to small kitchens.
    ",https://usr-content.s3.us-east-2.amazonaws.com/coldline/sp36-specsheet.pdf,https://usr-content.s3.us-east-2.amazonaws.com/coldline/refrigeration-warranty.pdf,https://usr-content.s3.us-east-2.amazonaws.com/coldline/prep-table-undercounter-series-manual.pdf
CBB-48G-SL 48” Refrigerated Narrow Black Sliding Glass Door Back Bar Cooler,CBB-48G-SL,924,COLDLINE,"
                            <ul>
 	<li>Durable S/S top, interior walls, floor and ceiling</li>
 	<li>Vinyl on steel in black finish exterior</li>
 	<li>Refrigeration system keeps food at safe temperatures</li>
 	<li>Electronic control system</li>
 	<li>Preinstalled heavy-duty casters with brakes</li>
 	<li>Adjustable heavy-duty PVC coated shelves</li>
 	<li>Sliding doors</li>
 	<li>Narrow depth</li>
 	<li>LED interior lighting</li>
 	<li>Removable installation board</li>
 	<li>Hydro-Carbon R290 refrigerant</li>
</ul>
                          ",https://usrbrands.com/cdn/shop/files/cbb-48-back-bar_slidingdoor_angle_130x.jpg?v=1755657879,"
      This 48"" black sliding glass door back bar cooler has 11.8 cubic feet of space and includes 4 corrosion-resistant shelves. The 1.5"" stainless stop can be used as a work surface or go under the counter. Brilliant LED lighting, sliding doors with locks, and a reliable 1/5 HP compressor rounds out an impressive spec list. Perfect for any bar or restaurant.
    ",https://usr-content.s3.us-east-2.amazonaws.com/coldline/cbb-48g-sl-specsheet.pdf,https://usr-content.s3.us-east-2.amazonaws.com/coldline/refrigeration-warranty.pdf,https://usr-content.s3.us-east-2.amazonaws.com/coldline/backbar-dispenser-series-manual.pdf
"CBB-48G 48"" Black Counter Height Narrow Glass Door Back Bar Refrigerator",CBB-48G,924,COLDLINE,"
                            <ul>
 	<li>Swing glass doors</li>
 	<li>Durable stainless steel top, interior walls, floor and ceiling</li>
 	<li>Exterior construction is attractive corrosion resistant vinyl on steel in black finish</li>
 	<li>Refrigeration system keeps food at safe temperatures between 33°F and 41°F (0.5°C to 5°C)</li>
 	<li>Electronic control system makes it easy to adjust temperature set point and defrost frequency</li>
 	<li>Recessed door handle</li>
 	<li>Adjustable leveling feet</li>
 	<li>Adjustable heavy-duty PVC coated shelves</li>
 	<li>Self-closing doors with locks and keys included</li>
 	<li>LED interior lighting</li>
 	<li>Removable installation board makes it easy to access condenser coil for cleaning and service</li>
 	<li>Hydro-Carbon R290 refrigerant</li>
 	<li>Equipped with NEMA 5-15P plug</li>
</ul>
                          ",https://usrbrands.com/cdn/shop/files/cbb-48-backbar_swingdoor_angle_lightoff_130x.jpg?v=1755657073,"
      This 48"" black swing glass door back bar cooler has 11.8 cubic feet of space and includes 4 corrosion-resistant shelves. The 1.5"" stainless stop can be used as a work surface or go under the counter. Brilliant LED lighting, self-closing doors with locks, and a reliable 1/5 HP compressor rounds out an impressive spec list. Perfect for any bar or restaurant.
    ",https://usr-content.s3.us-east-2.amazonaws.com/coldline/cbb-48g-specsheet.pdf,https://usr-content.s3.us-east-2.amazonaws.com/coldline/refrigeration-warranty.pdf,https://usr-content.s3.us-east-2.amazonaws.com/coldline/backbar-dispenser-series-manual.pdf
UC-36R 36” Undercounter Work Top Refrigerator - 8.2 Cu. Ft.,UC-36R,934,COLDLINE,"
                            
<ul>
 	<li>Stainless steel interior and exterior</li>
 	<li>Refrigeration system keeps food at safe temperatures between 33°F and 41°F (0.5°C to 5°C)</li>
 	<li>Self-closing doors with 90-degree stay-open feature with locks and keys included</li>
 	<li>Adjustable heavy-duty PVC coated shelves</li>
 	<li>Recessed door handle</li>
 	<li>Electronic control system makes it easy to adjust temperature set point and defrost frequency</li>
 	<li>Pre-installed heavy-duty casters with brakes</li>
 	<li>Removable installation board makes it easy to access condenser coil for cleaning and service</li>
 	<li>Hydro-Carbon R290 refrigerant</li>
 	<li>Equipped with NEMA 5-15P plug</li>
 	<li>1-year warranty, 5-year compressor manufacturer warranty</li>
</ul>

                          ",https://usrbrands.com/cdn/shop/files/uc36r_front.810_130x.jpg?v=1755485249,"
      The Coldline UC 36"" is an excellent refrigerator for any under-counter or worktop application. This 2 door unit provides 8.2 cubic feet of storage and a thick 36"" stainless steel work surface. Wheels, adjustable shelves, and self-closing doors come standard on all units. Optional small casters will reduce height by 1"". Eco-friendly R290 refrigeration system maintains 33-41 degree temperature to keep your food in the safe zone.
    ",https://usr-content.s3.us-east-2.amazonaws.com/coldline/uc-36r-specsheet.pdf,https://usr-content.s3.us-east-2.amazonaws.com/coldline/refrigeration-warranty.pdf,https://usr-content.s3.us-east-2.amazonaws.com/coldline/prep-table-undercounter-series-manual.pdf
"Coldline UC-36FT 36"" Undercounter Worktop Freezer",UC-36FT,944,COLDLINE,"
                            <ul>
<li>36.25"" W Undercounter Refrigerator</li>
<li>Stay-open, self-closing doors</li>
<li>Digital temperature controller</li>
<li>430 stainless steel exterior and interior</li>
<li>Built-in recessed handle</li>
<li>Auto-defrost</li>
<li>Foamed-in-place polyurethane insulation</li>
<li>Pre-installed casters, two with brakes</li>
<li>2 Adjustable PVC-coated shelves</li>
<li>-8 to 0 degrees Fahrenheit temperature range<br>
</li>
</ul>
                          ",https://usrbrands.com/cdn/shop/files/uc-36ft-worktop-refrigerator_1_81edaf9b-9df6-4d8f-b9c6-d097bd1c1dc7_130x.jpg?v=1745837549,"
      Fit your commercial freezer under a counter or worktable, or use it as a worktop freezer with the Coldline 36"" commercial undercounter freezer. Each unit features a durable stainless steel exterior and interior including a heavy duty 2"" stainless steel work surface strong enough for cutting or mixing and smooth enough to prepare foods. the 29.5"" depth is narrow enough to fit into small kitchens or even behind a bar or counter in your shop. All units come with pre-installed casters and shelves. 5"" removeable backsplash is optional.
    ",https://usr-content.s3.us-east-2.amazonaws.com/coldline/uc-36ft-specsheet.pdf,https://usr-content.s3.us-east-2.amazonaws.com/coldline/refrigeration-warranty.pdf,https://usrbrands.com/products/coldline-uc-36ft-36-undercounter-worktop-freezer
"Coldline SPN-29 29"" Narrow Depth Refrigerated Sandwich Prep Table with Cutting Board and Food Pans",SPN-29,951,COLDLINE,"
                            <ul>
<li>Narrow 24"" depth sandwich prep table</li>
<li>Removable full length cutting board</li>
<li>Includes (8) 1/6 size pans</li>
<li>Self-closing swing doors</li>
<li>1 adjustable PVC-coated shelves</li>
<li>Stainless steel exterior &amp; interior</li>
<li>Foamed-in-place insulation</li>
<li>Pre-installed 5"" casters, two with brakes<br>
</li>
</ul>
                          ",https://usrbrands.com/cdn/shop/files/spn29-narrow-salad-prep_table-side_130x.jpg?v=1728445869,"
      Coldline SPN series sandwich prep refrigerators feature a narrow 24"" front to back depth measurement, making them perfect for commercial kitchens or food trucks with very tight spaces. The refrigerated base provides ample storage while the top accommodates 8 x 1/6 size pans and features a full-length removable 9.4"" cutting board for easy cleaning.
    ",https://usr-content.s3.us-east-2.amazonaws.com/coldline/spn-29-specsheet.pdf,https://usr-content.s3.us-east-2.amazonaws.com/coldline/refrigeration-warranty.pdf,https://usrbrands.com/products/coldline-spn-29-29-narrow-depth-refrigerated-sandwich-prep-table-with-cutting-board-and-food-pans
"C-1RE 29” Single Door Reach-In Refrigerator,  Interior Volume 650L",C-1RE,968,COLDLINE,"
                            <ul>
<li>Stainless steel interior and exterior</li>
<li>Refrigeration system keeps food at safe temperatures between 33°F and 41°F (0.5°C to 5°C)</li>
<li>Self-closing doors with 90 degree stay-open feature with locks and keys included</li>
<li>Adjustable heavy-duty PVC coated shelves</li>
<li>Optional glass door</li>
<li>Internal lighting</li>
<li>Electronic control system makes it easy to adjust temperature set point and defrost frequency</li>
<li>Preinstalled heavy-duty casters with brakes</li>
<li>Removable installation board makes it easy to access condenser coil for cleaning and service</li>
<li>Hydro-Carbon R290 refrigerant</li>
<li>Equipped with NEMA 5-15P plug</li>
<li>Left Hinged Door Version Available</li>
</ul>
                          ",https://usrbrands.com/cdn/shop/files/c-1re-angle-view_130x.jpg?v=1755590826,"
      This single door reach-in refrigerator with 23 cubic feet capacity features a heavy-duty stainless steel interior and exterior, ensuring many years of dependability in even the most demanding commercial settings. Insulated self-closing lockable doors allow units to hold safe temperatures in the hottest kitchens. Included 3 wire shelves with adjustable shelving with clips. Lockable heavy-duty wheels come standard. This unit uses HYDRO-CARBON R290 refrigerant, which is environmentally friendly and more efficient than R134a/R404a refrigerant.
    ",https://usr-content.s3.us-east-2.amazonaws.com/coldline/c-1re-specsheet.pdf,https://usr-content.s3.us-east-2.amazonaws.com/coldline/refrigeration-warranty.pdf,https://usr-content.s3.us-east-2.amazonaws.com/coldline/reach-in-series-manual.pdf
"Coldline UC-48RT 48"" Undercounter Worktop Refrigerator - 13 Cu. Ft.",UC-48RT,974,COLDLINE,"
                            <ul>
<li>47.25"" W Undercounter Refrigerator</li>
<li>Stay-open, self-closing doors</li>
<li>Digital temperature controller</li>
<li>304 stainless steel exterior and 201 interior</li>
<li>Built-in handle</li>
<li>Auto-defrost</li>
<li>Foamed-in-place polyurethane insulation</li>
<li>Pre-installed casters, two with brakes</li>
<li>2 Adjustable PVC-coated shelves</li>
<li>33 to 40 degrees Fahrenheit temperature range<br>
</li>
</ul>
                          ",https://usrbrands.com/cdn/shop/files/uc-48rt-front_1_130x.jpg?v=1739868711,"
      Fit your commercial refrigeration under a counter or worktable, or use it as a worktop refrigerator with the Coldline 48"" commercial undercounter refrigerators. Each unit features a durable stainless steel exterior and interior including a heavy duty 2"" stainless steel work surface strong enough for cutting or mixing and smooth enough to prepare foods. the 30.1"" depth is narrow enough to fit into small kitchens or even behind a bar or counter in your shop. All units come with pre-installed casters and shelves. 4"" welded backsplash is optional.
    ",https://usr-content.s3.us-east-2.amazonaws.com/coldline/uc-48rt-specsheet.pdf,https://usr-content.s3.us-east-2.amazonaws.com/coldline/refrigeration-warranty.pdf,https://usrbrands.com/products/coldline-uc-48rt-48-undercounter-worktop-refrigerator-13-cu-ft
D10-B 27” Single Glass Swing Door Merchandiser Freezer - Black,D10-B,975,COLDLINE,"
                            
<ul>
    <li>Black coated exterior</li>
    <li>Attractive aluminum liner with stainless steel floor</li>
    <li>Silver color door frame</li>
    <li>Refrigeration system keeps food at safe temperatures</li>
    <li>Self-closing doors with 90 degree stay-open feature</li>
    <li>Adjustable heavy-duty PVC coated shelves</li>
    <li>Pull out door handle</li>
    <li>Electronic control system</li>
    <li>Leveling feet</li>
    <li>Removable installation board</li>
    <li>Hydro-Carbon R290 refrigerant</li>       
</ul>

                          ",https://usrbrands.com/cdn/shop/files/d10-showcase-angle_130x.jpg?v=1755744839,"
      Showcase your frozen foods or ice cream in this 27"" 1 black glass door freezer merchandiser with LED lighting, 3 adjustable shelves. 1 self-closing anti-fog swing door provides easy access to your products. Standard 115V plug makes set up easy. Just plug it in and turn it on!
    ",https://usr-content.s3.us-east-2.amazonaws.com/coldline/d10-b-specsheet.pdf,https://usr-content.s3.us-east-2.amazonaws.com/coldline/refrigeration-warranty.pdf,https://usr-content.s3.us-east-2.amazonaws.com/coldline/g-d-series-merchandiser-manual.pdf
CF91 91” Commercial Chest Freezer - 26.7 cu. ft.,CF91,984,COLDLINE,"
                            <ul>
<li>Exterior cabinet made of white powdered coated steel</li>
<li>Embossed aluminum interior</li>
<li>Manual controls</li>
<li>Solid&nbsp;<span data-mce-fragment=""1"">insulated&nbsp;</span>lids with heavy duty hinges</li>
<li>Lock system with key</li>
<li>Manual defrost</li>
<li>Foamed-in-place polyurethane</li>
<li>(2) Interior basket included</li>
<li>26.7 cubic feet</li>
<li>Holds temperature between <span data-mce-fragment=""1"">-7.6°F to 10.4°F</span>
</li>
<li>(6) Casters total</li>
<li><span>cETLus, ETL-S, Conforms to NSF</span></li>
</ul>
                          ",https://usrbrands.com/cdn/shop/files/cf91-big-chest-freezer-side-view_130x.jpg?v=1696767681,"
      This Coldline commercial chest freezer sets new standards for performance and durability. Featuring a robust white powdered coated stainless steel design, a high-efficiency refrigeration system and a manual control thermometer, this freezer is meant for ice cream shops, concession stands, restaurants, markets, and convenience stores. Safely protect your ice cream, burger patties, entrees and other frozen items from tampering with a built-in lock (and key). Bring reliability to your commercial kitchen with a Coldline freezer that’s designed to perform smoothly over the long run.
    ",https://usr-content.s3.us-east-2.amazonaws.com/coldline/cf91-specsheet.pdf,https://usr-content.s3.us-east-2.amazonaws.com/coldline/coldline-one-year-warranty.pdf,https://usr-content.s3.us-east-2.amazonaws.com/coldline/cf91-manual.pdf
"Coldline SP48T 48"" Refrigerated Sandwich Prep Table with Cutting Board and Food Pans",SP48T,985,COLDLINE,"
                            <ul>
<li>47.25"" two door standard top refrigerated sandwich/salad prep table</li>
<li>SS430 stainless steel exterior &amp; interior</li>
<li>Removable full length, 10"" deep cutting board</li>
<li>Includes (12) 1/6 size food pans, 304 stainless steel material</li>
<li>Self-closing swing doors, stay open past 90 degrees</li>
<li>Easily removable magnetic door gaskets</li>
<li>2 adjustable PVC-coated shelves</li>
<li>Foamed-in-place insulation keeps the interior cold</li>
<li>Pre-installed 5"" casters, two with brakes</li>
<li>Easy to use digital control and display, auto defrost<br>
</li>
</ul>
                          ",https://usrbrands.com/cdn/shop/files/smpt48_with-food-front_130x.jpg?v=1745835820,"
      The SP48T standard top sandwich prep refrigerator includes 12 stainless steel pans and a full length 10 inch cutting board included standard. Stainless steel interior and exterior for long lasting durability and easy cleaning. The 1/4 HP refrigeration system will keep your food in the safe zone while the self-closing doors and insulated roll top lock the cold air at 12 cu. ft. of storage offers plenty of room for storage and 2 adjustable 90 lb. shelves allow you to organize optimally.
    ",https://usr-content.s3.us-east-2.amazonaws.com/coldline/sp48t-specsheet.pdf,https://usr-content.s3.us-east-2.amazonaws.com/coldline/refrigeration-warranty.pdf,https://usrbrands.com/products/coldline-sp48t-48-refrigerated-sandwich-prep-table-with-cutting-board-and-food-pans
UC-36F 36” Undercounter Work Top Freezer - 8.2 Cu. Ft.,UC-36F,986,COLDLINE,"
                            
<ul>
 	<li>Stainless steel interior and exterior</li>
 	<li>Refrigeration system keeps food at safe temperatures between -8°F and 0°F (-22°C to -18°C)</li>
 	<li>Self-closing doors with 90-degree stay-open feature with locks and keys included</li>
 	<li>Adjustable heavy-duty PVC coated shelves</li>
 	<li>Recessed door handle</li>
 	<li>Electronic control system makes it easy to adjust temperature set point and defrost frequency</li>
 	<li>Pre-installed heavy-duty casters with brakes</li>
 	<li>Removable installation board makes it easy to access condenser coil for cleaning and service</li>
 	<li>Hydro-Carbon R290 refrigerant</li>
 	<li>Equipped with NEMA 5-15P plug</li>
 	<li>1-year warranty, 5-year compressor manufacturer warranty</li>
</ul>

                          ",https://usrbrands.com/cdn/shop/files/uc36f_front.810_130x.jpg?v=1755664466,"
      The Coldline UC 36"" is an excellent freezer for any under-counter or worktop application. This 2 door unit provides 8.2 cubic feet of storage and a thick 36"" stainless steel work surface. Wheels, adjustable shelves, and self-closing doors come standard on all units. Optional small casters will reduce height by 1"". Eco-friendly R290 refrigeration system maintains -8 to 0 degree temperature to keep your food in the safe zone.
    ",https://usr-content.s3.us-east-2.amazonaws.com/coldline/uc-36f-specsheet.pdf,https://usr-content.s3.us-east-2.amazonaws.com/coldline/refrigeration-warranty.pdf,https://usr-content.s3.us-east-2.amazonaws.com/coldline/prep-table-undercounter-series-manual.pdf
UC-48R 48” Undercounter Work Top Refrigerator - 12 Cu. Ft,UC-48R,1015,COLDLINE,"
                            <ul>
<li>Stainless steel interior and exterior</li>
<li>Refrigeration system keeps food at safe temperatures between 33°F and 41°F (0.5°C to 5°C)</li>
<li>Self-closing doors with 90-degree stay-open feature with locks and keys included</li>
<li>Adjustable heavy-duty PVC coated shelves</li>
<li>Recessed door handle</li>
<li>Electronic control system makes it easy to adjust temperature set point and defrost frequency</li>
<li>Pre-installed heavy-duty casters with brakes</li>
<li>Removable installation board makes it easy to access condenser coil for cleaning and service</li>
<li>Hydro-Carbon R290 refrigerant</li>
<li>Equipped with NEMA 5-15P plug<br>
</li>
</ul>
                          ",https://usrbrands.com/cdn/shop/files/uc48r_front.814_130x.jpg?v=1755483468,"
      The Coldline UC 48"" is an excellent refrigerator for any under-counter or worktop application. This 2 door unit provides 12 cubic feet of storage and a thick 36"" stainless steel work surface. Wheels, adjustable shelves, and self-closing doors come standard on all units. Optional small casters will reduce height by 1"". Eco-friendly R290 refrigeration system maintains 33-41 degree temperature to keep your food in the safe zone.
    ",https://usr-content.s3.us-east-2.amazonaws.com/coldline/uc-48r-specsheet.pdf,https://usr-content.s3.us-east-2.amazonaws.com/coldline/refrigeration-warranty.pdf,https://usr-content.s3.us-east-2.amazonaws.com/coldline/prep-table-undercounter-series-manual.pdf
"SMP48-T 48"" Mega Top Refrigerated Sandwich Prep Table with Cutting Board and Food Pans",SMP48-T,1022,COLDLINE,"
                            <ul>
<li>48.4"" two door mega top refrigerated sandwich/salad prep table</li>
<li>304 stainless steel interior, 201 stainless steel exterior</li>
<li>Removable full length, 9"" deep cutting board</li>
<li>Includes (18) 1/6 size food pans, 304 stainless steel material</li>
<li>Self-closing swing doors, stay open past 90 degrees</li>
<li>Easily removable magnetic door gaskets</li>
<li>2 adjustable PVC-coated shelves</li>
<li>Foamed-in-place insulation keeps the interior cold</li>
<li>Pre-installed 5"" casters, two with brakes</li>
<li>Easy to use digital control and display, auto defrost<br>
</li>
</ul>
                          ",https://usrbrands.com/cdn/shop/files/smp48_angle-48inch_130x.jpg?v=1739868592,"
      The SMP-48T mega top sandwich prep refrigerator includes 18 pans and a full length 9 inch cutting board included standard. Stainless steel interior and exterior for long lasting durability and easy cleaning. The 1/2 HP refrigeration system will keep your food in the safe zone while the self-closing doors and insulated roll top lock the cold air at 13 cu. ft. of storage offers plenty of room for storage and 2 adjustable 90 lb. shelves allow you to organize optimally.
    ",https://usr-content.s3.us-east-2.amazonaws.com/coldline/smp-48t-specsheet.pdf,https://usr-content.s3.us-east-2.amazonaws.com/coldline/refrigeration-warranty.pdf,https://usrbrands.com/products/smp-48t-48-mega-top-refrigerated-sandwich-prep-table-with-cutting-board-and-food-pans
"CBB-48 48"" Black Counter Height Narrow Solid Door Back Bar Refrigerator",CBB-48,1024,COLDLINE,"
                            <ul>
 	<li>Swing solid doors</li>
 	<li>Durable stainless steel top, interior walls, floor and ceiling</li>
 	<li>Exterior construction is attractive corrosion resistant vinyl on steel in black finish</li>
 	<li>Refrigeration system keeps food at safe temperatures between 33°F and 41°F (0.5°C to 5°C)</li>
 	<li>Electronic control system makes it easy to adjust temperature set point and defrost frequency</li>
 	<li>Recessed door handle</li>
 	<li>Adjustable leveling feet</li>
 	<li>Adjustable heavy-duty PVC coated shelves</li>
 	<li>Self-closing doors with locks and keys included</li>
 	<li>LED interior lighting</li>
 	<li>Removable installation board makes it easy to access condenser coil for cleaning and service</li>
 	<li>Hydro-Carbon R290 refrigerant</li>
 	<li>Equipped with NEMA 5-15P plug</li>
</ul>
                          ",https://usrbrands.com/cdn/shop/files/cbb-48-backbar_soliddoor_angle_130x.jpg?v=1755657178,"
      This 48"" black swing solid door back bar cooler has 11.8 cubic feet of space and includes 4 corrosion-resistant shelves. The 1.5"" stainless stop can be used as a work surface or go under the counter. Brilliant LED lighting, self-closing doors with locks, and a reliable 1/5 HP compressor rounds out an impressive spec list. Perfect for any bar or restaurant.
    ",https://usr-content.s3.us-east-2.amazonaws.com/coldline/cbb-48-specsheet.pdf,https://usr-content.s3.us-east-2.amazonaws.com/coldline/refrigeration-warranty.pdf,https://usr-content.s3.us-east-2.amazonaws.com/coldline/backbar-dispenser-series-manual.pdf
"Coldline SMP36-T 36"" Mega Top Refrigerated Sandwich Prep Table with Cutting Board and Food Pans",SMP36-T,1027,COLDLINE,"
                            <ul>
<li>36.25"" two door mega top refrigerated sandwich/salad prep table</li>
<li>SS430 stainless steel exterior &amp; interior</li>
<li>Removable full length, 7.87"" deep cutting board</li>
<li>Includes 15 x food pans and lids, 304 stainless steel material</li>
<li>Self-closing swing doors, stay open past 90 degrees</li>
<li>Easily removable magnetic door gaskets</li>
<li>2 Adjustable PVC-coated shelves</li>
<li>Foamed-in-place insulation keeps the interior cold</li>
<li>Pre-installed 5"" casters, two with brakes</li>
<li>Easy to use digital control and display, auto defrost<br>
</li>
</ul>
                          ",https://usrbrands.com/cdn/shop/files/smpt36_with-food-front_130x.jpg?v=1745836680,"
      The SMP36-T mega top sandwich prep refrigerator includes 15 stainless steel pans and a full length 7.87 inch cutting board included standard. Stainless steel interior and exterior for long lasting durability and easy cleaning. The 1/4 HP refrigeration system will keep your food in the safe zone while the self-closing doors and insulated roll top lock the cold air at 9 cu. ft. of storage offers plenty of room for storage and 2 adjustable 90 lb. shelves allow you to organize optimally. 
    ",https://usr-content.s3.us-east-2.amazonaws.com/coldline/smp36-t-specsheet.pdf,https://usr-content.s3.us-east-2.amazonaws.com/coldline/refrigeration-warranty.pdf,https://usrbrands.com/products/coldline-smp36-t-36-mega-top-refrigerated-sandwich-prep-table-with-cutting-board-and-food-pans
"SP48 48"" Bain Marie Sandwich Prep Table - 12 Pans",SP48,1030,COLDLINE,"
                            <ul>
<li>Standard top model</li>
<li>Stainless steel interior and exterior</li>
<li>Refrigeration system keeps food at safe temperatures between 33°F and 41°F (0.5°C to 5°C)</li>
<li>Self-closing doors with 90-degree stay-open feature with locks and keys included</li>
<li>Adjustable heavy-duty PVC coated shelves</li>
<li>Cutting board and pans included</li>
<li>Cecessed door handle</li>
<li>Electronic control system makes it easy to adjust temperature set point and defrost frequency</li>
<li>Pre-installed heavy-duty casters with brakes</li>
<li>Removable installation board makes it easy to access condenser coil for cleaning and service</li>
<li>Hydro-Carbon R290 refrigerant</li>
<li>Equipped with NEMA 5-15P plug</li>
<li>Optional glass sneeze guard</li>
</ul>
                          ",,"
      The SP 48"" refrigerated sandwich prep unit fits 12 x 1/6 size pans. Features a 10"" deep removable cutting board for easy cleaning, self-closing doors, and an insulated roll top to lock in cold air. The 9.5 cubic feet of storage inside includes an adjustable shelf. The 1/4+ HP refrigeration system features auto defrost and is electronically controlled to keep your food in the safe zone. Durable and easy to clean stainless steel construction. The 29.5"" depth makes it a great addition to small kitchens.
    ",https://usr-content.s3.us-east-2.amazonaws.com/coldline/sp48-specsheet.pdf,https://usr-content.s3.us-east-2.amazonaws.com/coldline/refrigeration-warranty.pdf,https://usr-content.s3.us-east-2.amazonaws.com/coldline/prep-table-undercounter-series-manual.pdf
C19R 29” Single Solid Door Narrow Depth Reach-In Refrigerator,C19R,1033,COLDLINE,"
                            <ul>
<li>Stainless steel interior and exterior</li>
<li>Refrigeration system keeps food at safe temperatures between 33°F and 41°F (0.5°C to 5°C)</li>
<li>Self-closing doors with 90 degree stay-open feature with locks and keys included</li>
<li>Adjustable heavy-duty PVC coated shelves</li>
<li>Optional glass door</li>
<li>Recessed door handle</li>
<li>Interior lighting</li>
<li>Electronic control system makes it easy to adjust temperature set point and defrost frequency</li>
<li>Preinstalled heavy-duty casters with brakes</li>
<li>Removable installation board makes it easy to access condenser coil for cleaning and service</li>
<li>Hydro-Carbon R290 refrigerant</li>
<li>Equipped with NEMA 5-15P plug<br>
</li>
</ul>
                          ",,"
      The narrow 25"" depth stainless steel reach-in commercial refrigerator is perfect for small restaurants, delis, or bakeries, cafes. With a spacious cabinet and adjustable shelves, the unit can still fit in narrow hallways, upstairs, or small kitchens. The 1/5 HP compressor provides plenty of power for hot kitchens. The bottom mount raises the bottom shelf for easier access. With lockable wheels, door locks, digital temperature control, and coated corrosion resistant shelves, it has all of the features of more expensive commercial units at a reasonable price.
    ",https://usr-content.s3.us-east-2.amazonaws.com/coldline/c19r-specsheet.pdf,https://usr-content.s3.us-east-2.amazonaws.com/coldline/refrigeration-warranty.pdf,https://usr-content.s3.us-east-2.amazonaws.com/coldline/reach-in-series-manual.pdf
C-1FE 29” Single Door Reach-In Freezer,C-1FE,1053,COLDLINE,"
                            <ul>
<li>Stainless steel interior and exterior</li>
<li>Aluminum back</li>
<li>Refrigeration system keeps food at safe temperatures</li>
<li>Self-closing doors with 90 degree stay-open feature</li>
<li>Locks and keys included</li>
<li>Adjustable heavy-duty PVC coated shelves</li>
<li>Optional glass door</li>
<li>Electronic control system</li>
<li>Preinstalled heavy-duty casters with brakes</li>
<li>Removable installation board</li>
<li>Hydro-Carbon R290 refrigerant</li>
</ul>
                          ",https://usrbrands.com/cdn/shop/files/c-1re-angle-view_1_130x.jpg?v=1755745572,"
      This single door reach in freezer with 23 cubic feet capacity features a heavy-duty stainless steel exterior ensuring many years of dependability in even the most demanding commercial settings. Insulated self-closing lockable doors allow units to hold safe temperatures in the hottest kitchens. Included 3 wire shelves with adjustable shelving with clips. Lockable heavy-duty wheels come standard. This unit uses HYDRO-CARBON R290 refrigerant, which is environmentally friendly and more efficient than R134a/R404a refrigerant.
    ",https://usr-content.s3.us-east-2.amazonaws.com/coldline/c-1fe-specsheet.pdf,https://usr-content.s3.us-east-2.amazonaws.com/coldline/refrigeration-warranty.pdf,https://usr-content.s3.us-east-2.amazonaws.com/coldline/reach-in-series-manual.pdf
"DC36-B 36"" Black Refrigerated Curved Glass Deli Meat Display Case",DC36-B,1067,COLDLINE,"
                            <ul>
<li>Black coated exterior</li>
<li>Attractive aluminum liner with stainless steel floor</li>
<li>Curved front glass and sliding rear glass doors</li>
<li>Rounded corner design</li>
<li>Refrigeration system keeps food at safe temperatures</li>
<li>Hydro-Carbon R290 refrigerant</li>
<li>Electronic control system</li>
<li>Removable installation board</li>
<li>Preinstalled heavy-duty casters with brakes</li>
<li>Adjustable heavy-duty PVC coated shelves</li>
<li>LED interior lighting</li>
</ul>
                          ",https://usrbrands.com/cdn/shop/files/dc36_black_angle.1123_130x.jpg?v=1755748082,"
      This Coldline DC-Series refrigerated meat and deli display case is perfect for restaurants, delis, bakeries, or cafes. It keeps your food products at safe temperatures. Featuring a 1/3 HP refrigeration system and R290 refrigerant, this deli display case unit is perfect for showcasing your products to your customers in your restaurant, diners, and deli.
    ",https://usr-content.s3.us-east-2.amazonaws.com/coldline/dc36-b-specsheet.pdf,https://usr-content.s3.us-east-2.amazonaws.com/coldline/refrigeration-warranty.pdf,https://usr-content.s3.us-east-2.amazonaws.com/coldline/deli-case-series-manual.pdf
"DC36-SS 36"" Stainless Steel Curved Glass Refrigerated Deli Display Case",DC36-SS,1067,COLDLINE,"
                            
<ul>
 	<li>Stainless steel coated exterior</li>
 	<li>Attractive aluminum liner with stainless steel floor</li>
 	<li>Curved front glass and sliding rear glass doors</li>
 	<li>Rounded corner design</li>
 	<li>Refrigeration system keeps food at safe temperatures</li>
 	<li>Hydro-Carbon R290 refrigerant</li>
 	<li>Electronic control system</li>
 	<li>Removable installation board</li>
 	<li>Preinstalled heavy-duty casters with brakes</li>
 	<li>Adjustable heavy-duty PVC coated shelves</li>
 	<li>LED interior lighting</li>
</ul>

                          ",https://usrbrands.com/cdn/shop/files/dc36_angle.1111_1_130x.jpg?v=1755747995,"
      This Coldline DC-Series refrigerated meat and deli display case is perfect for restaurants, delis, bakeries, or cafes. It keeps your food products at safe temperatures. Featuring a 1/2 HP refrigeration system and R290 refrigerant, this deli display case unit is perfect for showcasing your products to your customers in your restaurant, diners, and deli.
    ",https://usr-content.s3.us-east-2.amazonaws.com/coldline/dc36-ss-specsheet.pdf,https://usr-content.s3.us-east-2.amazonaws.com/coldline/refrigeration-warranty.pdf,https://usr-content.s3.us-east-2.amazonaws.com/coldline/deli-case-series-manual.pdf
"MC49 49"" Single Access Cold Wall Milk Cooler Refrigerator",MC49,1072,COLDLINE,"
                            <ul>
<li>White coated steel exterior</li>
<li>Stainless steel lid and door</li>
<li>White aluminum liner with stainless steel floor</li>
<li>CFC and HCFC-free foamed-in-place polyurethane insulation</li>
<li>Single access cold wall</li>
<li>Hold the temperature between 33°F-38°F</li>
<li>Electronic control system makes it easy to adjust temperature set point and defrost frequency</li>
<li>Preinstalled hidden casters with brakes</li>
<li>Bottom floor drain for easy cleaning</li>
<li>Removable installation board makes it easy to access condenser coil for cleaning and service</li>
<li>Hydro-Carbon R290 refrigerant</li>
<li>Equipped with NEMA 5-15P plug<br>
</li>
</ul>
                          ",https://usrbrands.com/cdn/shop/files/mc49_angle_130x.jpg?v=1755488530,"
      This is a dedicated cooler and commercial refrigerator designed to help school cafeterias keep milk and other dairy products cold. Store crates of milk, juice, and other beverages at the industry’s most frigid holding temperatures. With easier access and a large opening, students and staff can conveniently treat themselves with a bottle of fresh milk during breakfast or lunch. Our commercial milk fridge - which is safe for use by kids - offers unbeatable durability and unchallenged refrigeration.
    ",https://usr-content.s3.us-east-2.amazonaws.com/coldline/mc49-specsheet.pdf,https://usr-content.s3.us-east-2.amazonaws.com/coldline/refrigeration-warranty.pdf,https://usrbrands.com/products/mc49-49-single-access-cold-wall-milk-cooler-refrigerator
"SMP48 48"" Two Door Mega Top Bain Marie Sandwich Prep Refrigerator - 18 Pans",SMP48,1073,COLDLINE,"
                            <ul>
<li>Mega top model</li>
<li>Stainless steel interior and exterior</li>
<li>Refrigeration system keeps food at safe temperatures between 33°F and 41°F (0.5°C to 5°C)</li>
<li>Self-closing doors with 90-degree stay-open feature with locks and keys included</li>
<li>Adjustable heavy-duty PVC coated shelves</li>
<li>Cutting board and pans included</li>
<li>Recessed door handle</li>
<li>Electronic control system makes it easy to adjust temperature set point and defrost frequency</li>
<li>Pre-installed heavy-duty casters with brakes</li>
<li>Removable installation board makes it easy to access condenser coil for cleaning and service</li>
<li>Hydro-Carbon R290 refrigerant</li>
<li>Equipped with NEMA 5-15P plug</li>
<li>Optional glass sneeze guard</li>
</ul>
                          ",,"
      The SMP 48"" mega top sandwich prep refrigerator includes 18 pans, and a full length 8"" cutting board included standard — stainless steel construction for long-lasting durability and easy cleaning. The 1/4+ HP refrigeration system will keep your food in the safe zone while the self-closing doors and insulated roll top lock the cold air at 9.5 cubic feet of storage offers plenty of room for storage and 2 adjustable 90 lb. shelves allow you to organize optimally.
    ",https://usr-content.s3.us-east-2.amazonaws.com/coldline/smp48-specsheet.pdf,https://usr-content.s3.us-east-2.amazonaws.com/coldline/refrigeration-warranty.pdf,https://usr-content.s3.us-east-2.amazonaws.com/coldline/prep-table-undercounter-series-manual.pdf
"CBB-60G 60"" Black Counter Height Narrow Glass Door Back Bar Refrigerator",CBB-60G,1074,COLDLINE,"
                            <ul>
 	<li>Swing glass doors</li>
 	<li>Durable stainless steel top, interior walls, floor and ceiling</li>
 	<li>Exterior construction is attractive corrosion resistant vinyl on steel in black finish</li>
 	<li>Refrigeration system keeps food at safe temperatures between 33°F and 41°F (0.5°C to 5°C)</li>
 	<li>Electronic control system makes it easy to adjust temperature set point and defrost frequency</li>
 	<li>Recessed door handle</li>
 	<li>Adjustable leveling feet</li>
 	<li>Adjustable heavy-duty PVC coated shelves</li>
 	<li>Self-closing doors with locks and keys included</li>
 	<li>LED interior lighting</li>
 	<li>Removable installation board makes it easy to access condenser coil for cleaning and service</li>
 	<li>Hydro-Carbon R290 refrigerant</li>
 	<li>Equipped with NEMA 5-15P plug</li>
</ul>
                          ",https://usrbrands.com/cdn/shop/files/cbb-60_backbar-swingdoor_angle_lightoff_130x.jpg?v=1755657475,"
      This 60"" black swing glass door back bar cooler has 15.8 cubic feet of space and includes 4 corrosion-resistant shelves. The 1.5"" stainless stop can be used as a work surface or go under the counter. Brilliant LED lighting, self-closing doors with locks, and a reliable 1/5 HP compressor rounds out an impressive spec list. Perfect for any bar or restaurant.
    ",https://usr-content.s3.us-east-2.amazonaws.com/coldline/cbb-60g-specsheet.pdf,https://usr-content.s3.us-east-2.amazonaws.com/coldline/refrigeration-warranty.pdf,https://usr-content.s3.us-east-2.amazonaws.com/coldline/backbar-dispenser-series-manual.pdf
"SMP36 36"" Two Door Mega Top Bain Marie Sandwich Prep Refrigerator - 15 Pans",SMP36,1074,COLDLINE,"
                            <ul>
<li>Mega top model</li>
<li>Stainless steel interior and exterior</li>
<li>Refrigeration system keeps food at safe temperatures between 33°F and 41°F (0.5°C to 5°C)</li>
<li>Self-closing doors with 90-degree stay-open feature with locks and keys included</li>
<li>Adjustable heavy-duty PVC coated shelves</li>
<li>Cutting board and pans included</li>
<li>Recessed door handle</li>
<li>Electronic control system makes it easy to adjust temperature set point and defrost frequency</li>
<li>Pre-installed heavy-duty casters with brakes</li>
<li>Removable installation board makes it easy to access condenser coil for cleaning and service</li>
<li>Hydro-Carbon R290 refrigerant</li>
<li>Equipped with NEMA 5-15P plug</li>
<li>Optional glass sneeze guard</li>
</ul>
                          ",,"
      The SMP 36"" mega top sandwich prep refrigerator includes 15 pans, and a full length 8"" cutting board included standard — stainless steel construction for long-lasting durability and easy cleaning. The 1/5 HP refrigeration system will keep your food in the safe zone while the self-closing doors and insulated roll top lock the cold air at 9 cubic feet of storage offers plenty of room for storage and 2 adjustable 90 lb. shelves allow you to organize optimally.
    ",https://usr-content.s3.us-east-2.amazonaws.com/coldline/smp36-specsheet.pdf,https://usr-content.s3.us-east-2.amazonaws.com/coldline/refrigeration-warranty.pdf,https://usr-content.s3.us-east-2.amazonaws.com/coldline/prep-table-undercounter-series-manual.pdf
CBB-60G-SL 60” Refrigerated Narrow Black Sliding Glass Door Back Bar Cooler,CBB-60G-SL,1074,COLDLINE,"
                            <ul>
 	<li>Durable S/S top, interior walls, floor and ceiling</li>
 	<li>Vinyl on steel in black finish exterior</li>
 	<li>Refrigeration system keeps food at safe temperatures</li>
 	<li>Electronic control system</li>
 	<li>Preinstalled heavy-duty casters with brakes</li>
 	<li>Adjustable heavy-duty PVC coated shelves</li>
 	<li>Sliding doors</li>
 	<li>Narrow depth</li>
 	<li>LED interior lighting</li>
 	<li>Removable installation board</li>
 	<li>Hydro-Carbon R290 refrigerant</li>
</ul>
                          ",https://usrbrands.com/cdn/shop/files/cbb-60_backbar-slidingdoor_angle_130x.jpg?v=1755658065,"
      This 60"" black sliding glass door back bar cooler has 15.8 cubic feet of space and includes 4 corrosion-resistant shelves. The 1.5"" stainless stop can be used as a work surface or go under the counter. Brilliant LED lighting, self-closing doors with locks, and a reliable 1/5 HP compressor rounds out an impressive spec list. Perfect for any bar or restaurant.
    ",https://usr-content.s3.us-east-2.amazonaws.com/coldline/cbb-60g-sl-specsheet.pdf,https://usr-content.s3.us-east-2.amazonaws.com/coldline/refrigeration-warranty.pdf,https://usr-content.s3.us-east-2.amazonaws.com/coldline/backbar-dispenser-series-manual.pdf
"CBB-60 60"" Black Counter Height Narrow Solid Door Back Bar Refrigerator",CBB-60,1100,COLDLINE,"
                            <ul>
 	<li>Swing solid doors</li>
 	<li>Durable stainless steel top, interior walls, floor and ceiling</li>
 	<li>Exterior construction is attractive corrosion resistant vinyl on steel in black finish</li>
 	<li>Refrigeration system keeps food at safe temperatures between 33°F and 41°F (0.5°C to 5°C)</li>
 	<li>Electronic control system makes it easy to adjust temperature set point and defrost frequency</li>
 	<li>Recessed door handle</li>
 	<li>Adjustable leveling feet</li>
 	<li>Adjustable heavy-duty PVC coated shelves</li>
 	<li>Self-closing doors with locks and keys included</li>
 	<li>LED interior lighting</li>
 	<li>Removable installation board makes it easy to access condenser coil for cleaning and service</li>
 	<li>Hydro-Carbon R290 refrigerant</li>
 	<li>Equipped with NEMA 5-15P plug</li>
</ul>
                          ",https://usrbrands.com/cdn/shop/files/cbb-60_backbar-soliddoor_angle_130x.jpg?v=1755657564,"
      This 60"" black swing solid door back bar cooler has 15.8 cubic feet of space and includes 4 corrosion-resistant shelves. The 1.5"" stainless stop can be used as a work surface or go under the counter. Brilliant LED lighting, self-closing doors with locks, and a reliable 1/5 HP compressor rounds out an impressive spec list. Perfect for any bar or restaurant.
    ",https://usr-content.s3.us-east-2.amazonaws.com/coldline/cbb-60-specsheet.pdf,https://usr-content.s3.us-east-2.amazonaws.com/coldline/refrigeration-warranty.pdf,https://usr-content.s3.us-east-2.amazonaws.com/coldline/backbar-dispenser-series-manual.pdf
CDD-48 48″ Refrigerated Direct Draw Beer Dispenser with 1 Spout - 11.8 Cu. Ft.,CDD-48,1113,COLDLINE,"
                            <ul>
<li>Durable stainless steel top, interior walls, floor, and ceiling</li>
<li>Exterior construction is attractive corrosion resistant vinyl on steel in black finish</li>
<li>Refrigeration system keeps the drinks at safe temperatures between 33°F and 41°F</li>
<li>Electronic control system makes it easy to adjust temperature set point and defrost frequency<br>
</li>
<li>Adjustable heavy-duty PVC coated shelves</li>
<li>Self-closing doors with locks</li>
<li>LED interior lighting</li>
<li>Hydro-Carbon R290 refrigerant, which is environmentally friendly and more efficient than R134a/R404a refrigerant</li>
<li>Removable installation board makes it easy to access condenser coil for cleaning and service</li>
</ul>
                          ",https://usrbrands.com/cdn/shop/files/cdd-48-beer-dispenser-angle_130x.jpg?v=1755595516,"
      This Coldline beer dispenser is ideal for bars and restaurants that need to store draft beer “on tap.” Hold barrels or wall kegs in refrigerated sections, and keep your customer’s favorite brew flowing on-demand. Coldline draft beer dispensers are equipped with electronic temperature control to keep the product at the ideal refrigeration point. Interior LED lighting, self-closing doors, and adjustable PVC shelves all make this unit a reliable commercial refrigerated beer dispenser for any bar service.
    ",https://usr-content.s3.us-east-2.amazonaws.com/coldline/cdd-48-specsheet.pdf,https://usr-content.s3.us-east-2.amazonaws.com/coldline/refrigeration-warranty.pdf,https://usr-content.s3.us-east-2.amazonaws.com/coldline/backbar-dispenser-series-manual.pdf
"BBC-65 65"" Horizontal Reach-In Black Bottle Cooler - 18 Cu. Ft.",BBC-65,1124,COLDLINE,"
                            <ul data-mce-fragment=""1"">
<li data-mce-fragment=""1"">Durable stainless steel top</li>
<li data-mce-fragment=""1"">Black coated steel exterior</li>
<li data-mce-fragment=""1"">Coated aluminum interior</li>
<li data-mce-fragment=""1"">33F to 40F degree temperature range</li>
<li data-mce-fragment=""1"">Removable bottle cap opener and cap catcher with locking lid</li>
<li data-mce-fragment=""1"">Digital temperature control and display</li>
<li data-mce-fragment=""1"">Automatic defrost</li>
<li data-mce-fragment=""1"">Adjustable coated-steel dividers included</li>
<li data-mce-fragment=""1"">Foamed-in-place polyurethane insulation</li>
</ul>
                          ",https://usrbrands.com/cdn/shop/products/bbc-60-mian_130x.jpg?v=1644231545,"
      This Coldline commercial horizontal bottle cooler is perfect for restaurants, delis, bakeries, or cafes. It keeps your bottles at safe temperatures.
    ",https://usr-content.s3.us-east-2.amazonaws.com/coldline/bbc-65-specsheet.pdf,https://usr-content.s3.us-east-2.amazonaws.com/coldline/refrigeration-warranty.pdf,https://usr-content.s3.us-east-2.amazonaws.com/coldline/bbc-series-manual.pdf
"Coldline UC-48FT 48"" Undercounter Worktop Freezer",UC-48FT,1141,COLDLINE,"
                            <ul>
<li>47.25"" W Undercounter Refrigerator</li>
<li>Stay-open, self-closing doors</li>
<li>Digital temperature controller</li>
<li>430 stainless steel exterior and interior</li>
<li>Built-in recessed handle</li>
<li>Auto-defrost</li>
<li>Foamed-in-place polyurethane insulation</li>
<li>Pre-installed casters, two with brakes</li>
<li>2 Adjustable PVC-coated shelves</li>
<li>-8 to 0 degrees Fahrenheit temperature range<br>
</li>
</ul>
                          ",https://usrbrands.com/cdn/shop/files/uc-48rt-front_1_1_1_130x.jpg?v=1745837726,"
      Fit your commercial freezer under a counter or worktable, or use it as a worktop freezer with the Coldline 48"" commercial undercounter freezer. Each unit features a durable stainless steel exterior and interior including a heavy duty 2"" stainless steel work surface strong enough for cutting or mixing and smooth enough to prepare foods. the 29.5"" depth is narrow enough to fit into small kitchens or even behind a bar or counter in your shop. All units come with pre-installed casters and shelves. 5"" removeable backsplash is optional.
    ",https://usr-content.s3.us-east-2.amazonaws.com/coldline/uc-48ft-specsheet.pdf,https://usr-content.s3.us-east-2.amazonaws.com/coldline/refrigeration-warranty.pdf,https://usrbrands.com/products/coldline-uc-48ft-48-undercounter-worktop-freezer
GRANITA-1X Single 1 Bowl Pourover Granita Slush Machine,GRANITA-1X,1151,COLDLINE,"
                            <ul>
<li>Pourover Granita / Slushy / Frozen Beverage Dispenser</li>
<li>Single 3.2 gallon (12 liter) bowl</li>
<li>Digital control includes Slush mode and Beverage mode</li>
<li>Attractive black stainless steel front</li>
<li>High-density anti-cracking polycarbonate bowls</li>
<li>Brilliant built-in LED lighting</li>
<li>Quick defrost feature speeds up the thawing process for frozen mix after service</li>
<li>Hinged lids for convenient access and effortless filling</li>
<li>Adjustable product consistency</li>
<li>Hydro-Carbon R290 refrigerant</li>
<li>Enhanced auger drive system and seal design for reliable performance</li>
<li>Transparent bowl encourages impulse purchasing</li>
<li>Slush, sorbet, margaritas and more</li>
<li>Perfect solution for restaurants, convenience stores, bars, amusement parks, kiosks, and much more<br>
</li>
</ul>
                          ",,"
      Ideal for serving frozen delights such as slushies, sorbets, granitas, and even alcoholic beverages, this granita / slushy / frozen beverage machine with digital control is guaranteed to boost beverage sales at any establishment by showcasing the enticing specialties you have available! With the ability to accommodate alcoholic mixes, this machine is perfect for bars aiming to offer alcoholic slushies, expanding their drink menu with ease!
    ",https://usr-content.s3.us-east-2.amazonaws.com/coldline/granita-1x-specsheet.pdf,https://usr-content.s3.us-east-2.amazonaws.com/coldline/coldline-one-year-warranty.pdf,https://usrbrands.com/products/granita-1x-single-1-bowl-pourover-granita-slush-machine
"CPT-44 44"" Refrigerated Pizza Prep Table - 5 Pans",CPT-44,1189,COLDLINE,"
                            <ul>
<li>Stainless steel interior and exterior</li>
<li>Refrigeration system keeps food at safe temperatures between 33°F and 41°F (0.5°C to 5°C)</li>
<li>Self-closing doors with 90-degree stay-open feature with locks and keys included</li>
<li>Adjustable heavy-duty PVC coated shelves</li>
<li>Cutting board and pans included</li>
<li>Recessed door handle</li>
<li>Electronic control system makes it easy to adjust temperature set point and defrost frequency</li>
<li>Pre-installed heavy-duty casters with brakes</li>
<li>Removable installation board makes it easy to access condenser coil for cleaning and service</li>
<li>Hydro-Carbon R290 refrigerant</li>
<li>Equipped with NEMA 5-15P plug</li>
</ul>
                          ",https://usrbrands.com/cdn/shop/files/cpt-50_angle.954_130x.jpg?v=1755591973,"
      Coldline CPT 44"" Refrigerated Pizza Prep unit features a large 20"" work surface, perfect for any business serious about pizza. The durable stainless steel unit has 7.6 cubic feet of storage capacity and can hold 5 x 1/3 size pans in under the insulated rail lid. Self-closing doors and a 33-41 degree temp range ensure your food stays in the health department safe zone.
    ",https://usr-content.s3.us-east-2.amazonaws.com/coldline/cpt-44-specsheet.pdf,https://usr-content.s3.us-east-2.amazonaws.com/coldline/refrigeration-warranty.pdf,https://usr-content.s3.us-east-2.amazonaws.com/coldline/prep-table-undercounter-series-manual.pdf
DP-360-FSG 50'' 8-Tub Ice Cream Dipping Cabinet Freezer with Sneeze Guard,DP-360-FSG,1192,COLDLINE,"
                            <ul>
<li>
<span data-mce-fragment=""1"">White Powder Coated Steel</span>&nbsp;E<span data-mce-fragment=""1"">xterior</span>
</li>
<li><span>Accommodate up to&nbsp;8 ice cream tubs</span></li>
<li>Manual temperature control</li>
<li>Flat-front glass sneeze guard</li>
<li>-15 and 8 degrees Fahrenheit</li>
<li>Interior LED lighting</li>
<li>Hydro-Carbon R290 refrigerant</li>
</ul>
                          ",https://usrbrands.com/cdn/shop/files/dp-360_130x.jpg?v=1706007646,"
      Equipped with flat sneeze guard, this 50"" 8-Tub Ice Cream Dipping Cabinet Freezer ensures the hygiene and safety of your ice cream. And it's the perfect solution for displaying and serving delicious ice cream treats. This dipping cabinet freezer is designed to enhance the customer experience while keeping your frozen desserts at the perfect temperature.
    ",https://usr-content.s3.us-east-2.amazonaws.com/coldline/dp-360-fsg-specsheet.pdf,https://usr-content.s3.us-east-2.amazonaws.com/coldline/coldline-one-year-warranty.pdf,https://usrbrands.com/products/dp-360-fsg-50-8-tub-ice-cream-dipping-cabinet-freezer-with-sneeze-guard
UC-48F 48” Undercounter Work Top Freezer - 12 Cu. Ft,UC-48F,1193,COLDLINE,"
                            
<ul>
 	<li>Stainless steel exterior and interior</li>
 	<li>Refrigeration system keeps food at safe temperatures</li>
 	<li>Self-closing doors with 90 degree stay-open feature</li>
 	<li>Adjustable heavy-duty PVC coated shelves</li>
 	<li>Recessed door handle</li>
 	<li>Electronic control system</li>
 	<li>Preinstalled heavy-duty casters with brakes</li>
 	<li>Removable installation board</li>
 	<li>Hydro-Carbon R290 refrigerant</li>
</ul>

                          ",https://usrbrands.com/cdn/shop/files/uc48f_front.814_130x.jpg?v=1755664326,"
      The Coldline UC 48"" is an excellent freezer for any under-counter or worktop application. This 2 door unit provides 12 cubic feet of storage and a thick 48"" stainless steel work surface. Interior and Exterior made of stainless steel. Wheels, adjustable shelves, and self-closing doors come standard on all units. Optional small casters will reduce height by 1"". Eco-friendly R290 refrigeration system maintains -8 to 0 degree temperature to keep your food in the safe zone.
    ",https://usr-content.s3.us-east-2.amazonaws.com/coldline/uc-48f-specsheet.pdf,https://usr-content.s3.us-east-2.amazonaws.com/coldline/refrigeration-warranty.pdf,https://usr-content.s3.us-east-2.amazonaws.com/coldline/prep-table-undercounter-series-manual.pdf
C19F 29” Single Solid Door Narrow Depth Reach-In Freezer,C19F,1198,COLDLINE,"
                            <ul>
<li>Stainless steel door and exterior sides, aluminum back, bright white aluminum interior</li>
<li>Refrigeration system keeps food at safe temperatures between -8°F and 0°F (-22°C to -18°C)</li>
<li>Self-closing doors with 90 degree stay-open feature with locks and keys included</li>
<li>Adjustable heavy-duty PVC coated shelves</li>
<li>Optional glass door</li>
<li>Recessed door handle</li>
<li>Interior lighting</li>
<li>Electronic control system makes it easy to adjust temperature set point and defrost frequency</li>
<li>Preinstalled heavy-duty casters with brakes</li>
<li>Removable installation board makes it easy to access condenser coil for cleaning and service</li>
<li>Hydro-Carbon R290 refrigerant</li>
<li>Equipped with NEMA 5-15P plug<br>
</li>
</ul>
                          ",,"
      The narrow 25"" depth stainless steel reach-in commercial freezer is perfect for small restaurants, delis, or bakeries, cafes. With a spacious cabinet and adjustable shelves, the unit can still fit in narrow hallways, upstairs, or small kitchens. The 1/2+ HP compressor provides plenty of power for hot kitchens. The bottom mount raises the bottom shelf for easier access. With lockable wheels, door locks, digital temperature control, and coated corrosion resistant shelves, it has all of the features of more expensive commercial units at a reasonable price.
    ",https://usr-content.s3.us-east-2.amazonaws.com/coldline/c19f-specsheet.pdf,https://usr-content.s3.us-east-2.amazonaws.com/coldline/refrigeration-warranty.pdf,https://usr-content.s3.us-east-2.amazonaws.com/coldline/reach-in-series-manual.pdf
"CB36 36"" 2 Drawer Stainless Steel Refrigerated Chef Base",CB36,1207,COLDLINE,"
                            <ul>
 	<li>Stainless steel interior and exterior retains attractive finish longer. Matching aluminum finished back</li>
 	<li>Stainless steel top equipped with a marine edge enables the unit's top to contain drips and spills for easy cleanup</li>
 	<li>Refrigeration system keeps food at safe temperatures between 33°F and 41°F (0.5°C to 5°C)</li>
 	<li>Preinstalled heavy-duty casters with brakes</li>
 	<li>Heavy-duty pull handles</li>
 	<li>Electronic control system makes it easy to adjust temperature set point and defrost frequency</li>
 	<li>Removable installation board makes it easy to access condenser coil for cleaning and service</li>
 	<li>These units are HYDRO-CARBON R290 refrigerant, which is environmentally friendly and more efficient than R134a/R404a refrigerant</li>
</ul>
                          ",https://usrbrands.com/cdn/shop/products/cb36_130x.jpg?v=1612898268,"
      This Coldline chef base refrigerator is ideal for restaurants, bakeries, and cafes assorted refrigerated goods. Coldline chef base refrigerators are equipped with electronic temperature control to keep the product at the perfect refrigeration point. Heavy-duty pull handles, stainless steel top, stainless steel interior, and exterior all make this unit a reliable commercial refrigerator for any food service locale.
    ",https://usr-content.s3.us-east-2.amazonaws.com/coldline/cb36-specsheet.pdf,https://usr-content.s3.us-east-2.amazonaws.com/coldline/refrigeration-warranty.pdf,https://usr-content.s3.us-east-2.amazonaws.com/coldline/chef-base-series-manual.pdf
CDD-60 60″ Refrigerated Direct Draw Beer Dispenser - 15.8 Cu. Ft.,CDD-60,1223,COLDLINE,"
                            <ul>
<li>Durable stainless steel top, interior walls, floor, and ceiling</li>
<li>Exterior construction is attractive corrosion resistant vinyl on steel in black finish</li>
<li>Refrigeration system keeps the drinks at safe temperatures between 33°F and 41°F</li>
<li>Electronic control system makes it easy to adjust temperature set point and defrost frequency<br>
</li>
<li>Adjustable heavy-duty PVC coated shelves</li>
<li>Self-closing doors with locks</li>
<li>LED interior lighting</li>
<li>Hydro-Carbon R290 refrigerant, which is environmentally friendly and more efficient than R134a/R404a refrigerant</li>
<li>Removable installation board makes it easy to access condenser coil for cleaning and service</li>
</ul>
                          ",https://usrbrands.com/cdn/shop/files/cdd-60-beer-dispenser-front-view_130x.jpg?v=1755595759,"
      This Coldline beer dispenser is ideal for bars and restaurants that need to store draft beer “on tap.” Hold barrels or wall kegs in refrigerated sections, and keep your customer’s favorite brew flowing on-demand. Coldline draft beer dispensers are equipped with electronic temperature control to keep the product at the ideal refrigeration point. Interior LED lighting, self-closing doors, and adjustable PVC shelves all make this unit a reliable commercial refrigerated beer dispenser for any bar service.
    ",https://usr-content.s3.us-east-2.amazonaws.com/coldline/cdd-60-specsheet.pdf,https://usr-content.s3.us-east-2.amazonaws.com/coldline/refrigeration-warranty.pdf,https://usr-content.s3.us-east-2.amazonaws.com/coldline/backbar-dispenser-series-manual.pdf
"DC48-B 48"" Black Curved Glass Refrigerated Deli Display Case",DC48-B,1241,COLDLINE,"
                            
<ul>
 	<li>Black coated exterior with stainless steel trim</li>
 	<li>Attractive aluminum liner with stainless steel floor</li>
 	<li>Curved front glass and sliding rear glass doors</li>
 	<li>Rounded corner design</li>
 	<li>Refrigeration system keeps food at safe temperatures</li>
 	<li>Hydro-Carbon R290 refrigerant</li>
 	<li>Electronic control system</li>
 	<li>Removable installation board</li>
 	<li>Preinstalled heavy-duty casters with brakes</li>
 	<li>Adjustable heavy-duty PVC coated shelves</li>
 	<li>LED interior lighting</li>
</ul>

                          ",https://usrbrands.com/cdn/shop/files/dc48_black_angle.1125_130x.jpg?v=1755747413,"
      This Coldline DC-Series refrigerated meat and deli display case is perfect for restaurants, delis, bakeries, or cafes. It keeps your food products at safe temperatures. Featuring a 1/4 HP refrigeration system and R290 refrigerant, this deli display case unit is perfect for showcasing your products to your customers in your restaurant, diners, and deli.
    ",https://usr-content.s3.us-east-2.amazonaws.com/coldline/dc48-b-specsheet.pdf,https://usr-content.s3.us-east-2.amazonaws.com/coldline/refrigeration-warranty.pdf,https://usr-content.s3.us-east-2.amazonaws.com/coldline/deli-case-series-manual.pdf
"DC48-SS 48"" Stainless Steel Curved Glass Refrigerated Deli Display Case",DC48-SS,1241,COLDLINE,"
                            
<ul>
 	<li>Stainless steel coated exterior</li>
 	<li>Attractive aluminum liner with stainless steel floor</li>
 	<li>Curved front glass and sliding rear glass doors</li>
 	<li>Rounded corner design</li>
 	<li>Refrigeration system keeps food at safe temperatures</li>
 	<li>Hydro-Carbon R290 refrigerant</li>
 	<li>Electronic control system</li>
 	<li>Removable installation board</li>
 	<li>Preinstalled heavy-duty casters with brakes</li>
 	<li>Adjustable heavy-duty PVC coated shelves</li>
 	<li>LED interior lighting</li>
</ul>

                          ",https://usrbrands.com/cdn/shop/files/dc48_angle.1114_2_130x.jpg?v=1755747192,"
      This Coldline DC-Series refrigerated meat and deli display case is perfect for restaurants, delis, bakeries, or cafes. It keeps your food products at safe temperatures. Featuring a 1/4 HP refrigeration system and R290 refrigerant, this deli display case unit is perfect for showcasing your products to your customers in your restaurant, diners, and deli.
    ",https://usr-content.s3.us-east-2.amazonaws.com/coldline/dc48-ss-specsheet.pdf,https://usr-content.s3.us-east-2.amazonaws.com/coldline/refrigeration-warranty.pdf,https://usr-content.s3.us-east-2.amazonaws.com/coldline/deli-case-series-manual.pdf
"MC58 58"" Single Access Cold Wall Milk Cooler Refrigerator",MC58,1248,COLDLINE,"
                            <ul>
<li>White coated steel exterior</li>
<li>Stainless steel lid and door</li>
<li>White aluminum liner with stainless steel floor</li>
<li>CFC and HCFC-free foamed-in-place polyurethane insulation</li>
<li>Single access cold wall</li>
<li>Hold the temperature between 33°F-38°F</li>
<li>Electronic control system makes it easy to adjust temperature set point and defrost frequency</li>
<li>Preinstalled hidden casters with brakes</li>
<li>Bottom floor drain for easy cleaning</li>
<li>Removable installation board makes it easy to access condenser coil for cleaning and service</li>
<li>Hydro-Carbon R290 refrigerant</li>
<li>Equipped with NEMA 5-15P plug<br>
</li>
</ul>
                          ",https://usrbrands.com/cdn/shop/files/mc58_angle_130x.jpg?v=1755488745,"
      This is a dedicated cooler and commercial refrigerator designed to help school cafeterias keep milk and other dairy products cold. Store crates of milk, juice, and other beverages at the industry’s most frigid holding temperatures. With easier access and a large opening, students and staff can conveniently treat themselves with a bottle of fresh milk during breakfast or lunch. Our commercial milk fridge - which is safe for use by kids - offers unbeatable durability and unchallenged refrigeration.
    ",https://usr-content.s3.us-east-2.amazonaws.com/coldline/mc58-specsheet.pdf,https://usr-content.s3.us-east-2.amazonaws.com/coldline/refrigeration-warranty.pdf,https://usrbrands.com/products/mc58-58-single-access-cold-wall-milk-cooler-refrigerator
G40S-B 40” Double Glass Sliding Door Merchandising Refrigerator - Black,G40S-B,1249,COLDLINE,"
                            
<ul>
 	<li>Black coated steel exterior</li>
 	<li>Attractive aluminum liner with stainless steel floor interior</li>
 	<li>Refrigeration system maintains temperatures between 33°F and 41°F (0.5°C to 5°C)</li>
 	<li>Self-closing double pane glass door with positive seal</li>
 	<li>Adjustable heavy-duty PVC coated shelves</li>
 	<li>LED interior lighting</li>
 	<li>Electronic control system makes it easy to adjust temperature set point and defrost frequency</li>
 	<li>Removable installation board makes it easy to access condenser coil for cleaning and service</li>
 	<li>Preinstalled heavy-duty casters with brakes</li>
 	<li>Hydro-Carbon R290 refrigerant</li>
 	<li>Sliding door</li>
 	<li>Equipped with NEMA 5-15P plug</li>
</ul>

                          ",https://usrbrands.com/cdn/shop/files/g40s-showcase-angle_1_130x.jpg?v=1755594012,"
      This Coldline G40S-B 40"" commercial 2 sliding glass door merchandiser refrigerator is perfect for restaurants, delis, bakeries, or cafes. It keeps your food products at safe temperatures. Create an enticing display, attract customers, and increase sales by showcasing your products in a sleek and practical manner.
    ",https://usr-content.s3.us-east-2.amazonaws.com/coldline/g40s-b-specsheet.pdf,https://usr-content.s3.us-east-2.amazonaws.com/coldline/refrigeration-warranty.pdf,https://usr-content.s3.us-east-2.amazonaws.com/coldline/g-d-series-merchandiser-manual.pdf
"Coldline SP60T 60"" Refrigerated Sandwich Prep Table with Cutting Board and Food Pans",SP60T,1251,COLDLINE,"
                            <ul>
<li>60.19"" two door standard top refrigerated sandwich/salad prep table</li>
<li>SS430 stainless steel exterior &amp; interior</li>
<li>Removable full length, 10"" deep cutting board</li>
<li>Includes (16) 1/6 size food pans, 304 stainless steel material</li>
<li>Self-closing swing doors, stay open past 90 degrees</li>
<li>Easily removable magnetic door gaskets</li>
<li>2 adjustable PVC-coated shelves</li>
<li>Foamed-in-place insulation keeps the interior cold</li>
<li>Pre-installed 5"" casters, two with brakes</li>
<li>Easy to use digital control and display, auto defrost<br>
</li>
</ul>
                          ",https://usrbrands.com/cdn/shop/files/spt60_with-food-front_130x.jpg?v=1745835929,"
      The SP60T standard top sandwich prep refrigerator includes 16 stainless steel pans and a full length 10 inch cutting board included standard. Stainless steel interior and exterior for long lasting durability and easy cleaning. The 1/4 HP refrigeration system will keep your food in the safe zone while the self-closing doors and insulated roll top lock the cold air at 16 cu. ft. of storage offers plenty of room for storage and 2 adjustable 90 lb. shelves allow you to organize optimally. 
    ",https://usr-content.s3.us-east-2.amazonaws.com/coldline/sp60t-specsheet.pdf,https://usr-content.s3.us-east-2.amazonaws.com/coldline/refrigeration-warranty.pdf,https://usrbrands.com/products/coldline-sp60t-60-refrigerated-sandwich-prep-table-with-cutting-board-and-food-pans
"XS700YX 79"" Curved Glass Display Ice Cream Freezer with LED 6 Baskets",XS700YX,1260,COLDLINE,"
                            <ul>
<li>Curved glass lid with two sliding doors</li>
<li>White painted steel with gray plastic trim exterior</li>
<li>Steel interior walls</li>
<li>Preinstalled low profile casters with brakes</li>
<li>LED interior lighting</li>
<li>Built-in lock for security</li>
<li>Plast trim and door frames</li>
<li>Rear drain plug for manual defrosting</li>
<li>Coated wire baskets included</li>
<li>Hydro-Carbon R290 refrigerant</li>
</ul>
                          ",https://usrbrands.com/cdn/shop/files/xs700_130x.jpg?v=1748423016,"
      The Coldline commercial ice cream freezer is an all-round merchandiser for showcasing your frozen items. This ice cream display keeps your treats at the proper temperature, prolonging their shelf life while at the same time maximizing sales potential. LED interior lights facilitate easier visibility at all times. Four adjustable legs make it easier to position the unit in a fixed location. Even better, heat reflective door lids keep the cold air in, and the freezer features durable construction, so you get longer-lasting performance.
    ",https://usr-content.s3.us-east-2.amazonaws.com/coldline/xs700yx-specsheet.pdf,https://usr-content.s3.us-east-2.amazonaws.com/coldline/coldline-one-year-warranty.pdf,https://usr-content.s3.us-east-2.amazonaws.com/coldline/xs500yx-xs700yx-manual.pdf
"CBB-72G 72"" Black Counter Height Narrow Glass Door Back Bar Refrigerator",CBB-72G,1301,COLDLINE,"
                            <ul>
 	<li>Swing glass doors</li>
 	<li>Durable stainless steel top, interior walls, floor and ceiling</li>
 	<li>Exterior construction is attractive corrosion resistant vinyl on steel in black finish</li>
 	<li>Refrigeration system keeps food at safe temperatures between 33°F and 41°F (0.5°C to 5°C)</li>
 	<li>Electronic control system makes it easy to adjust temperature set point and defrost frequency</li>
 	<li>Recessed door handle</li>
 	<li>Adjustable leveling feet</li>
 	<li>Adjustable heavy-duty PVC coated shelves</li>
 	<li>Self-closing doors with locks and keys included</li>
 	<li>LED interior lighting</li>
 	<li>Removable installation board makes it easy to access condenser coil for cleaning and service</li>
 	<li>Hydro-Carbon R290 refrigerant</li>
 	<li>Equipped with NEMA 5-15P plug</li>
 	<li>1 year warranty, 5 year compressor manufacturer warranty</li>
</ul>
                          ",https://usrbrands.com/cdn/shop/files/cbb-72_backbar-swingdoor_angle_130x.jpg?v=1755657666,"
      This 72"" black swing glass door back bar cooler has 19.6 cubic feet of space and includes 6 corrosion-resistant shelves. The 1.5"" stainless stop can be used as a work surface or go under the counter. Brilliant LED lighting, self-closing doors with locks, and a reliable 1/4+ HP compressor rounds out an impressive spec list. Perfect for any bar or restaurant.
    ",https://usr-content.s3.us-east-2.amazonaws.com/coldline/cbb-72g-specsheet.pdf,https://usr-content.s3.us-east-2.amazonaws.com/coldline/refrigeration-warranty.pdf,https://usr-content.s3.us-east-2.amazonaws.com/coldline/backbar-dispenser-series-manual.pdf
CBB-72G-SL 72” Refrigerated Narrow Black Sliding Glass Door Back Bar Cooler,CBB-72G-SL,1301,COLDLINE,"
                            <ul>
 	<li>Durable S/S top, interior walls, floor and ceiling</li>
 	<li>Vinyl on steel in black finish exterior</li>
 	<li>Refrigeration system keeps food at safe temperatures</li>
 	<li>Electronic control system</li>
 	<li>Preinstalled heavy-duty casters with brakes</li>
 	<li>Adjustable heavy-duty PVC coated shelves</li>
 	<li>Sliding doors</li>
 	<li>Narrow depth</li>
 	<li>LED interior lighting</li>
 	<li>Removable installation board</li>
 	<li>Hydro-Carbon R290 refrigerant</li>
</ul>
                          ",https://usrbrands.com/cdn/shop/files/cbb-72_backbar-slidingdoor_angle_130x.jpg?v=1755657971,"
      This 72"" black sliding glass door back bar cooler has 19.6 cubic feet of space and includes 6 corrosion-resistant shelves. The 1.5"" stainless stop can be used as a work surface or go under the counter. Brilliant LED lighting, sliding doors with locks, and a reliable 1/4+ HP compressor rounds out an impressive spec list. Perfect for any bar or restaurant.
    ",https://usr-content.s3.us-east-2.amazonaws.com/coldline/cbb-72g-sl-specsheet.pdf,https://usr-content.s3.us-east-2.amazonaws.com/coldline/refrigeration-warranty.pdf,https://usr-content.s3.us-east-2.amazonaws.com/coldline/backbar-dispenser-series-manual.pdf
"SP60 60"" Bain Marie Sandwich Prep Table - 16 Pans",SP60,1304,COLDLINE,"
                            <ul>
<li>Standard top model</li>
<li>Stainless steel interior and exterior</li>
<li>Refrigeration system keeps food at safe temperatures between 33°F and 41°F (0.5°C to 5°C)</li>
<li>Self-closing doors with 90-degree stay-open feature with locks and keys included</li>
<li>Adjustable heavy-duty PVC coated shelves</li>
<li>Cutting board and pans included</li>
<li>Recessed door handle</li>
<li>Electronic control system makes it easy to adjust temperature set point and defrost frequency</li>
<li>Pre-installed heavy-duty casters with brakes</li>
<li>Removable installation board makes it easy to access condenser coil for cleaning and service</li>
<li>Hydro-Carbon R290 refrigerant</li>
<li>Equipped with NEMA 5-15P plug</li>
<li>Optional glass sneeze guard</li>
</ul>
                          ",,"
      The SP 60"" refrigerated sandwich prep unit fits 16 x 1/6 size pans. Features a 10"" deep removable cutting board for easy cleaning, self-closing doors, and an insulated roll top to lock in cold air. The 15 cubic feet of storage inside includes an adjustable shelf. The 1/4+ HP refrigeration system features auto defrost and is electronically controlled to keep your food in the safe zone. Durable and easy to clean stainless steel construction. The 29.5"" depth makes it a great addition to small kitchens.
    ",https://usr-content.s3.us-east-2.amazonaws.com/coldline/sp60-specsheet.pdf,https://usr-content.s3.us-east-2.amazonaws.com/coldline/refrigeration-warranty.pdf,https://usr-content.s3.us-east-2.amazonaws.com/coldline/prep-table-undercounter-series-manual.pdf
"CB48 48"" 2 Drawer Stainless Steel Refrigerated Chef Base",CB48,1304,COLDLINE,"
                            <ul>
 	<li>Stainless steel interior and exterior retains attractive finish longer. Matching aluminum finished back</li>
 	<li>Stainless steel top equipped with a marine edge enables the unit's top to contain drips and spills for easy cleanup</li>
 	<li>Refrigeration system keeps food at safe temperatures between 33°F and 41°F (0.5°C to 5°C)</li>
 	<li>Preinstalled heavy-duty casters with brakes</li>
 	<li>Heavy-duty pull handles</li>
 	<li>Electronic control system makes it easy to adjust temperature set point and defrost frequency</li>
 	<li>Removable installation board makes it easy to access condenser coil for cleaning and service</li>
 	<li>These units are HYDRO-CARBON R290 refrigerant, which is environmentally friendly and more efficient than R134a/R404a refrigerant</li>
</ul>
                          ",https://usrbrands.com/cdn/shop/products/cb-48-hc_130x.jpg?v=1612898272,"
      This Coldline chef base refrigerator is ideal for restaurants, bakeries, and cafes assorted refrigerated goods. Coldline chef base refrigerators are equipped with electronic temperature control to keep the product at the perfect refrigeration point. Heavy-duty pull handles, stainless steel top, stainless steel interior, and exterior all make this unit a reliable commercial refrigerator for any food service locale.
    ",https://usr-content.s3.us-east-2.amazonaws.com/coldline/cb48-specsheet.pdf,https://usr-content.s3.us-east-2.amazonaws.com/coldline/refrigeration-warranty.pdf,https://usr-content.s3.us-east-2.amazonaws.com/coldline/chef-base-series-manual.pdf
"Coldline D12-W-L 27"" Left-Hinged White Glass Door Merchandiser Freezer with LED Lighting",D12-W-L,1322,COLDLINE,"
                            <ul>
<li>White&nbsp;coated steel exterior</li>
<li>Attractive aluminum liner with stainless steel floor interior</li>
<li>Refrigeration system maintains temperatures between -10°F and 0°F (-23°C to -18°C)</li>
<li>Self-closing double pane glass door with positive seal</li>
<li>Adjustable heavy-duty PVC coated shelves</li>
<li>LED interior lighting</li>
<li>Electronic control system makes it easy to adjust temperature set point and defrost frequency</li>
<li>Removable installation board makes it easy to access condenser coil for cleaning and service</li>
<li>Preinstalled heavy-duty casters with brakes</li>
<li>Hydro-Carbon R290 refrigerant</li>
<li>Swing door</li>
<li>Equipped with NEMA 5-15P plug</li>
<li>Left hinged door<br>
</li>
</ul>
                          ",https://usrbrands.com/cdn/shop/files/g15-showcase--silver-side_130x.jpg?v=1755745162,"
      This Coldline D12-W-L left hinged merchandiser freezer not only provides a clear view of your products but also adds a touch of elegance to your space.Whether you own a convenience store, supermarket, or any other retail establishment, it is the perfect solution for showcasing and preserving your frozen products. Upgrade your merchandising game and watch your sales soar with this stylish and efficient freezer.
    ",https://usr-content.s3.us-east-2.amazonaws.com/coldline/d12-w-l-specsheet.pdf,https://usr-content.s3.us-east-2.amazonaws.com/coldline/refrigeration-warranty.pdf,https://usr-content.s3.us-east-2.amazonaws.com/coldline/g-d-series-merchandiser-manual.pdf
D12-W 27” Single Glass Swing Door Merchandiser Freezer - White,D12-W,1322,COLDLINE,"
                            <ul>
<li>White&nbsp;coated steel exterior</li>
<li>Attractive aluminum liner with stainless steel floor interior</li>
<li>Refrigeration system maintains temperatures between -10°F and 0°F (-23°C to -18°C)</li>
<li>Self-closing double pane glass door with positive seal</li>
<li>Adjustable heavy-duty PVC coated shelves</li>
<li>LED interior lighting</li>
<li>Electronic control system makes it easy to adjust temperature set point and defrost frequency</li>
<li>Removable installation board makes it easy to access condenser coil for cleaning and service</li>
<li>Preinstalled heavy-duty casters with brakes</li>
<li>Hydro-Carbon R290 refrigerant</li>
<li>Swing door</li>
<li>Equipped with NEMA 5-15P plug</li>
<li>1 year warranty, 5 year compressor manufacturer warranty</li>
</ul>
                          ",https://usrbrands.com/cdn/shop/files/g15-showcase--silver-side-left-hinged_130x.jpg?v=1755745035,"
      Showcase your frozen foods or ice cream in this 27"" 1 glass door freezer merchandiser with LED lighting, 4 adjustable shelves, and heavy-duty lockable wheels standard. 1 self-closing anti-fog swing door provides easy access to your products. Standard 115V plug makes set up easy. Just plug it in and turn it on!
    ",https://usr-content.s3.us-east-2.amazonaws.com/coldline/d12-w-specsheet.pdf,https://usr-content.s3.us-east-2.amazonaws.com/coldline/refrigeration-warranty.pdf,https://usr-content.s3.us-east-2.amazonaws.com/coldline/g-d-series-merchandiser-manual.pdf
D12-B 27” Single Glass Swing Door Merchandiser Freezer - Black,D12-B,1322,COLDLINE,"
                            
<ul>
 	<li>Black coated steel exterior</li>
 	<li>Attractive aluminum liner with stainless steel floor interior</li>
 	<li>Refrigeration system maintains temperatures between -10°F and 0°F (-23°C to -18°C)</li>
 	<li>Self-closing double pane glass door with positive seal</li>
 	<li>Adjustable heavy-duty PVC coated shelves</li>
 	<li>LED interior lighting</li>
 	<li>Electronic control system makes it easy to adjust temperature set point and defrost frequency</li>
 	<li>Removable installation board makes it easy to access condenser coil for cleaning and service</li>
 	<li>Preinstalled heavy-duty casters with brakes</li>
 	<li>Hydro-Carbon R290 refrigerant</li>
 	<li>Swing door</li>
 	<li>Equipped with NEMA 5-15P plug</li>
 	<li>1 year warranty, 5 year compressor manufacturer warranty</li>
</ul>

                          ",https://usrbrands.com/cdn/shop/files/g15-showcase-angle_130x.jpg?v=1755744451,"
      Showcase your frozen foods or ice cream in this 27"" 1 glass door freezer merchandiser with LED lighting, 4 adjustable shelves, and heavy-duty lockable wheels standard. 1 self-closing anti-fog swing door provides easy access to your products. Standard 115V plug makes set up easy. Just plug it in and turn it on!
    ",https://usr-content.s3.us-east-2.amazonaws.com/coldline/d12-b-specsheet.pdf,https://usr-content.s3.us-east-2.amazonaws.com/coldline/refrigeration-warranty.pdf,https://usr-content.s3.us-east-2.amazonaws.com/coldline/g-d-series-merchandiser-manual.pdf
"Coldline SMP60-T 60"" Mega Top Refrigerated Sandwich Prep Table with Cutting Board and Food Pans",SMP60-T,1327,COLDLINE,"
                            <ul>
<li>60.19"" two door mega top refrigerated sandwich/salad prep table</li>
<li>SS430 stainless steel exterior &amp; interior</li>
<li>Removable full length, 7.87"" deep cutting board</li>
<li>Includes 24 x food pans with lids, 304 stainless steel material</li>
<li>Self-closing swing doors, stay open past 90 degrees</li>
<li>Easily removable magnetic door gaskets</li>
<li>2 Adjustable PVC-coated shelves</li>
<li>Foamed-in-place insulation keeps the interior cold</li>
<li>Pre-installed 5"" casters, two with brakes</li>
<li>Easy to use digital control and display, auto defrost<br>
</li>
</ul>
                          ",https://usrbrands.com/cdn/shop/files/smpt60_with-food-front_130x.jpg?v=1745836773,"
      The SMP60-T mega top sandwich prep refrigerator includes 24 stainless steel pans and a full length 7.87 inch cutting board included standard. Stainless steel interior and exterior for long lasting durability and easy cleaning. The 1/4 HP refrigeration system will keep your food in the safe zone while the self-closing doors and insulated roll top lock the cold air at 16 cu. ft. of storage offers plenty of room for storage and 2 adjustable 90 lb. shelves allow you to organize optimally.
    ",https://usr-content.s3.us-east-2.amazonaws.com/coldline/smp60-t-specsheet.pdf,https://usr-content.s3.us-east-2.amazonaws.com/coldline/refrigeration-warranty.pdf,https://usrbrands.com/products/coldline-smp60-t-60-mega-top-refrigerated-sandwich-prep-table-with-cutting-board-and-food-pans
"Coldline SPN-48 48"" Narrow Depth Refrigerated Sandwich Prep Table with Cutting Board and Food Pans",SPN-48,1330,COLDLINE,"
                            <ul>
<li>Narrow 24"" depth sandwich prep table</li>
<li>Removable full length cutting board</li>
<li>Includes (12) 1/6 size pans</li>
<li>Self-closing swing doors</li>
<li>2 adjustable PVC-coated shelves</li>
<li>Stainless steel exterior &amp; interior</li>
<li>Foamed-in-place insulation</li>
<li>Pre-installed 5"" casters, two with brakes<br>
</li>
</ul>
                          ",https://usrbrands.com/cdn/shop/files/spn-48-narrow-depth-salad-prep-angle-view_130x.jpg?v=1728446184,"
      Coldline SPN series sandwich prep refrigerators feature a narrow 24"" front to back depth measurement, making them perfect for commercial kitchens or food trucks with very tight spaces. The refrigerated base provides ample storage while the top accommodates 12 x 1/6 size pans and features a full-length removable 9.4"" cutting board for easy cleaning.
    ",https://usr-content.s3.us-east-2.amazonaws.com/coldline/spn-48-specsheet.pdf,https://usr-content.s3.us-east-2.amazonaws.com/coldline/refrigeration-warranty.pdf,https://usrbrands.com/products/coldline-spn-48-48-narrow-depth-refrigerated-sandwich-prep-table-with-cutting-board-and-food-pans
"Coldline CLM-54R 54"" Double Glass Swing Door Merchandiser Refrigerator with LED Lighting, Black",CLM-54R,1331,COLDLINE,"
                            <ul>
<li>54"" black swing glass door merchandiser refrigerator</li>
<li>Two swing glass doors with handle for easy access</li>
<li>Easy to use digital temperature controls</li>
<li>High-density polyurethane insulation preserves cold air</li>
<li>Temperature range: 33-40 degrees F</li>
<li>2 vertical brilliant LED lights</li>
<li>Independent LED switch</li>
<li>Automatic defrost</li>
<li>Magnetic door gasket</li>
<li>8 heavy-duty,adjustable PVC-coated shelves</li>
<li>Pre-installed low-profile casters, 2 with brake</li>
<li>Hydro-Carbon R290 refrigerant</li>
<li>Anti-fogging tempered self-closing glass doors</li>
<li>Bottom mounted refrigeration system</li>
<li>90"" length power cord, NEMA 5-15P plug<br>
</li>
</ul>
                          ",https://usrbrands.com/cdn/shop/files/clm-54r-web_130x.jpg?v=1745232292,"
      Showcase your soda and food in this 54"" 2 glass door refrigerated merchandiser with LED lighting, 8 adjustable shelves, and heavy-duty lockable wheels standard. 2 self-closing anti-fog swing door provides easy access to your products. Standard 115V plug makes set up easy. Just plug it in and turn it on!
    ",https://usr-content.s3.us-east-2.amazonaws.com/coldline/clm-54r-specsheet.pdf,https://usr-content.s3.us-east-2.amazonaws.com/coldline/refrigeration-warranty.pdf,https://usrbrands.com/products/coldline-clm-54r-54-double-glass-swing-door-merchandiser-refrigerator-with-led-lighting-black
Coldline UCN-48F Narrow Depth Worktop Freezer,UCN-48F,1350,COLDLINE,"
                            <ul>
<li>Narrow 24"" depth</li>
<li>Space-Saving Design</li>
<li>2 Adjustable shelves</li>
<li>Stay-open, self-closing doors</li>
<li>Digital temperature controller</li>
<li>Durable Construction</li>
<li><span>-4 F to 4 F</span></li>
</ul>
<!---->
                          ",https://usrbrands.com/cdn/shop/files/1724222535603_130x.png?v=1724222612,"
      Designed to fit seamlessly into tight spaces, this cooler offers exceptional performance without sacrificing valuable floor space. Its compact design makes it perfect for cafes, bars, and restaurants where every inch counts.
    ",https://usr-content.s3.us-east-2.amazonaws.com/coldline/ucn-48f-specsheet.pdf,https://usr-content.s3.us-east-2.amazonaws.com/coldline/refrigeration-warranty.pdf,https://usrbrands.com/products/coldline-ucn-48f-narrow-depth-worktop-freezer
"Coldline SP72T 72"" Refrigerated Sandwich Prep Table with Cutting Board and Food Pans",SP72T,1366,COLDLINE,"
                            <ul>
<li>71.5"" two door standard top refrigerated sandwich/salad prep table</li>
<li>SS430 stainless steel exterior &amp; interior</li>
<li>Removable full length, 10"" deep cutting board</li>
<li>Includes (18) 1/6 size food pans with lids, 304 stainless steel material</li>
<li>Self-closing swing doors, stay open past 90 degrees</li>
<li>Easily removable magnetic door gaskets</li>
<li>3 adjustable PVC-coated shelves</li>
<li>Foamed-in-place insulation keeps the interior cold</li>
<li>Pre-installed 5"" casters, two with brakes</li>
<li>Easy to use digital control and display, auto defrost<br>
</li>
</ul>
                          ",https://usrbrands.com/cdn/shop/files/spt72_with-food-front_130x.jpg?v=1745836032,"
      The SP72T standard top sandwich prep refrigerator includes 18 stainless steel pans and a full length 10 inch cutting board included standard. Stainless steel interior and exterior for long lasting durability and easy cleaning. The 1/4 HP refrigeration system will keep your food in the safe zone while the self-closing doors and insulated roll top lock the cold air at 19 cu. ft. of storage offers plenty of room for storage and 3 adjustable 90 lb. shelves allow you to organize optimally.
    ",https://usr-content.s3.us-east-2.amazonaws.com/coldline/sp72t-specsheet.pdf,https://usr-content.s3.us-east-2.amazonaws.com/coldline/refrigeration-warranty.pdf,https://usrbrands.com/products/coldline-sp72t-72-refrigerated-sandwich-prep-table-with-cutting-board-and-food-pans
"CB52 52"" 2 Drawer Stainless Steel Refrigerated Chef Base",CB52,1368,COLDLINE,"
                            <ul>
 	<li>Stainless steel interior and exterior retains attractive finish longer. Matching aluminum finished back</li>
 	<li>Stainless steel top equipped with a marine edge enables the unit's top to contain drips and spills for easy cleanup</li>
 	<li>Refrigeration system keeps food at safe temperatures between 33°F and 41°F (0.5°C to 5°C)</li>
 	<li>Preinstalled heavy-duty casters with brakes</li>
 	<li>Heavy-duty pull handles</li>
 	<li>Electronic control system makes it easy to adjust temperature set point and defrost frequency</li>
 	<li>Removable installation board makes it easy to access condenser coil for cleaning and service</li>
 	<li>These units are HYDRO-CARBON R290 refrigerant, which is environmentally friendly and more efficient than R134a/R404a refrigerant</li>
</ul>
                          ",https://usrbrands.com/cdn/shop/products/cb52_130x.jpg?v=1612898270,"
      This Coldline chef base refrigerator is ideal for restaurants, bakeries, and cafes assorted refrigerated goods. Coldline chef base refrigerators are equipped with electronic temperature control to keep the product at the perfect refrigeration point. Heavy-duty pull handles, stainless steel top, stainless steel interior, and exterior all make this unit a reliable commercial refrigerator for any food service locale.
    ",https://usr-content.s3.us-east-2.amazonaws.com/coldline/cb52-specsheet.pdf,https://usr-content.s3.us-east-2.amazonaws.com/coldline/refrigeration-warranty.pdf,https://usr-content.s3.us-east-2.amazonaws.com/coldline/chef-base-series-manual.pdf
G53S-B 53” Double Sliding Glass Door Merchandising Refrigerator - Black,G53S-B,1374,COLDLINE,"
                            
<ul>
 	<li>Black coated steel exterior</li>
 	<li>Attractive aluminum liner with stainless steel floor interior</li>
 	<li>Refrigeration system maintains temperatures between 33°F and 41°F (0.5°C to 5°C)</li>
 	<li>Self-closing double pane glass door with positive seal</li>
 	<li>Adjustable heavy-duty PVC coated shelves</li>
 	<li>LED interior lighting</li>
 	<li>Electronic control system makes it easy to adjust temperature set point and defrost frequency</li>
 	<li>Removable installation board makes it easy to access condenser coil for cleaning and service</li>
 	<li>Preinstalled heavy-duty casters with brakes</li>
 	<li>Hydro-Carbon R290 refrigerant</li>
 	<li>Sliding doors</li>
 	<li>Equipped with NEMA 5-15P plug</li>
 	<li>1 year warranty, 5 year compressor manufacturer warranty</li>
</ul>

                          ",https://usrbrands.com/cdn/shop/files/g53s-b_black-sliding-galss-door-showcase_130x.jpg?v=1755593083,"
      Showcase your soda and food in this 53"" 2 glass door refrigerated merchandiser with LED lighting, 8 adjustable shelves, and heavy-duty lockable wheels standard. 2 self-closing anti-fog swing door provides easy access to your products. Standard 115V plug makes set up easy. Just plug it in and turn it on!
    ",https://usr-content.s3.us-east-2.amazonaws.com/coldline/g53s-b-specsheet.pdf,https://usr-content.s3.us-east-2.amazonaws.com/coldline/refrigeration-warranty.pdf,https://usr-content.s3.us-east-2.amazonaws.com/coldline/g-d-series-merchandiser-manual.pdf
G53-B 53” Double Glass Swing Door Merchandising Refrigerator - Black,G53-B,1374,COLDLINE,"
                            <ul>
<li>Black coated steel exterior</li>
<li>Attractive aluminum liner with stainless steel floor interior</li>
<li>Refrigeration system maintains temperatures between 33°F and 41°F (0.5°C to 5°C)</li>
<li>Self-closing double pane glass door with positive seal</li>
<li>Adjustable heavy-duty PVC coated shelves</li>
<li>LED interior lighting</li>
<li>Electronic control system makes it easy to adjust temperature set point and defrost frequency</li>
<li>Removable installation board makes it easy to access condenser coil for cleaning and service</li>
<li>Preinstalled heavy-duty casters with brakes</li>
<li>Hydro-Carbon R290 refrigerant</li>
<li>Swing doors</li>
<li>Equipped with NEMA 5-15P plug<br>
</li>
</ul>
                          ",https://usrbrands.com/cdn/shop/files/g53-showcase-angle_9a021949-4ba9-49f3-9b81-f691a1c33ef2_130x.jpg?v=1755593185,"
      Showcase your soda and food in this 53"" 2 glass door refrigerated merchandiser with LED lighting, 8 adjustable shelves, and heavy-duty lockable wheels standard. 2 self-closing anti-fog swing door provides easy access to your products. Standard 115V plug makes set up easy. Just plug it in and turn it on!
    ",https://usr-content.s3.us-east-2.amazonaws.com/coldline/g53-b-specsheet.pdf,https://usr-content.s3.us-east-2.amazonaws.com/coldline/refrigeration-warranty.pdf,https://usr-content.s3.us-east-2.amazonaws.com/coldline/g-d-series-merchandiser-manual.pdf
"CBB-72 72"" Black Counter Height Narrow Solid Door Back Bar Refrigerator",CBB-72,1383,COLDLINE,"
                            <ul>
 	<li>Swing solid doors</li>
 	<li>Durable stainless steel top, interior walls, floor and ceiling</li>
 	<li>Exterior construction is attractive corrosion resistant vinyl on steel in black finish</li>
 	<li>Refrigeration system keeps food at safe temperatures between 33°F and 41°F (0.5°C to 5°C)</li>
 	<li>Electronic control system makes it easy to adjust temperature set point and defrost frequency</li>
 	<li>Recessed door handle</li>
 	<li>Adjustable leveling feet</li>
 	<li>Adjustable heavy-duty PVC coated shelves</li>
 	<li>Self-closing doors with locks and keys included</li>
 	<li>LED interior lighting</li>
 	<li>Removable installation board makes it easy to access condenser coil for cleaning and service</li>
 	<li>Hydro-Carbon R290 refrigerant</li>
 	<li>Equipped with NEMA 5-15P plug</li>
</ul>
                          ",https://usrbrands.com/cdn/shop/files/cbb-72_backbar-soliddoor_angle_130x.jpg?v=1755657767,"
      This 72"" black swing solid door back bar cooler has 19.6 cubic feet of space and includes 6 corrosion-resistant shelves. The 1.5"" stainless stop can be used as a work surface or go under the counter. Brilliant LED lighting, self-closing doors with locks, and a reliable 1/4+ HP compressor rounds out an impressive spec list. Perfect for any bar or restaurant.
    ",https://usr-content.s3.us-east-2.amazonaws.com/coldline/cbb-72-specsheet.pdf,https://usr-content.s3.us-east-2.amazonaws.com/coldline/refrigeration-warranty.pdf,https://usr-content.s3.us-east-2.amazonaws.com/coldline/backbar-dispenser-series-manual.pdf
"SMP60 60"" Two Door Mega Top Bain Marie Sandwich Prep Refrigerator - 24 Pans",SMP60,1384,COLDLINE,"
                            <ul>
<li>Mega top model</li>
<li>Stainless steel interior and exterior</li>
<li>Refrigeration system keeps food at safe temperatures between 33°F and 41°F (0.5°C to 5°C)</li>
<li>Self-closing doors with 90-degree stay-open feature with locks and keys included</li>
<li>Adjustable heavy-duty PVC coated shelves</li>
<li>Cutting board and pans included</li>
<li>Recessed door handle</li>
<li>Electronic control system makes it easy to adjust temperature set point and defrost frequency</li>
<li>Pre-installed heavy-duty casters with brakes</li>
<li>Removable installation board makes it easy to access condenser coil for cleaning and service</li>
<li>Hydro-Carbon R290 refrigerant</li>
<li>Equipped with NEMA 5-15P plug</li>
<li>Optional glass sneeze guard</li>
</ul>
                          ",,"
      The SMP 60"" mega top sandwich prep refrigerator includes 24 pans, and a full length 8"" cutting board included standard — stainless steel construction for long-lasting durability and easy cleaning. The 1/4+ HP refrigeration system will keep your food in the safe zone while the self-closing doors and insulated roll top lock the cold air in 15.5 cu. ft. of storage offers plenty of room for storage and 2 adjustable 90 lb. shelves allow you to organize optimally.
    ",https://usr-content.s3.us-east-2.amazonaws.com/coldline/smp60-specsheet.pdf,https://usr-content.s3.us-east-2.amazonaws.com/coldline/refrigeration-warranty.pdf,https://usr-content.s3.us-east-2.amazonaws.com/coldline/prep-table-undercounter-series-manual.pdf
"Coldline UCN-60R 60"" Narrow Depth Undercounter Worktop Refrigerator",UCN-60R,1387,COLDLINE,"
                            <ul>
<li>Narrow 24"" depth undercounter refrigerator</li>
<li>Stay-open, self-closing doors</li>
<li>Digital temperature controller</li>
<li>Stainless steel exterior and interior</li>
<li>Built-in handle</li>
<li>Auto-defrost</li>
<li>Foamed-in-place polyurethane insulation</li>
<li>Pre-installed 5"" casters, two with brakes</li>
<li>2 Adjustable PVC-coated shelves</li>
<li>33 to 41 degrees Fahrenheit temperature range<br>
</li>
</ul>
                          ",https://usrbrands.com/cdn/shop/files/ucn-60r-60-inch-narrow-undercounter_130x.jpg?v=1728447293,"
      Coldline UCN series undercounter worktop refrigerators feature a narrow 24"" front to back depth measurement, making them perfect for commercial kitchens or food trucks with very tight spaces. They are designed to seamlessly fit beneath counters or serve as practical worktops. Each unit features a durable stainless steel exterior and interior, including a heavy duty 2.4-inch thick stainless steel work surface strong enough for cutting or mixing and smooth enough to prepare foods.
    ",https://usr-content.s3.us-east-2.amazonaws.com/coldline/ucn-60r-specsheet.pdf,https://usr-content.s3.us-east-2.amazonaws.com/coldline/refrigeration-warranty.pdf,https://usrbrands.com/products/coldline-ucn-60r-60-narrow-depth-undercounter-worktop-refrigerator
UC-60R 60” Undercounter Work Top Refrigerator - 15 Cu. Ft.,UC-60R,1390,COLDLINE,"
                            <ul>
<li>Stainless steel interior and exterior</li>
<li>Refrigeration system keeps food at safe temperatures between 33°F and 41°F (0.5°C to 5°C)</li>
<li>Self-closing doors with 90-degree stay-open feature with locks and keys included</li>
<li>Adjustable heavy-duty PVC coated shelves</li>
<li>Recessed door handle</li>
<li>Electronic control system makes it easy to adjust temperature set point and defrost frequency</li>
<li>Pre-installed heavy-duty casters with brakes</li>
<li>Removable installation board makes it easy to access condenser coil for cleaning and service</li>
<li>Hydro-Carbon R290 refrigerant</li>
<li>Equipped with NEMA 5-15P plug</li>
</ul>
                          ",https://usrbrands.com/cdn/shop/files/uc60r_front.843_130x.jpg?v=1755484466,"
      The Coldline UC 36"" is an excellent refrigerator for any under-counter or worktop application. This 2 door unit provides 8.2 cubic feet of storage and a thick 60"" stainless steel work surface. Wheels, adjustable shelves, and self-closing doors come standard on all units. Optional small casters will reduce height by 1"". Eco-friendly R290 refrigeration system maintains 33-41 degree temperature to keep your food in the safe zone.
    ",https://usr-content.s3.us-east-2.amazonaws.com/coldline/uc-60r-specsheet.pdf,https://usr-content.s3.us-east-2.amazonaws.com/coldline/refrigeration-warranty.pdf,https://usr-content.s3.us-east-2.amazonaws.com/coldline/prep-table-undercounter-series-manual.pdf
G48-B 48” Double Glass Swing Door Merchandising Refrigerator - Black,G48-B,1390,COLDLINE,"
                            
<ul>
 	<li>Black coated steel exterior</li>
 	<li>Attractive aluminum liner with stainless steel floor interior</li>
 	<li>Refrigeration system maintains temperatures between 33°F and 41°F (0.5°C to 5°C)</li>
 	<li>Self-closing double pane glass door with positive seal</li>
 	<li>Adjustable heavy-duty PVC coated shelves</li>
 	<li>LED interior lighting</li>
 	<li>Electronic control system makes it easy to adjust temperature set point and defrost frequency</li>
 	<li>Removable installation board makes it easy to access condenser coil for cleaning and service</li>
 	<li>Preinstalled heavy-duty casters with brakes</li>
 	<li>Hydro-Carbon R290 refrigerant</li>
 	<li>Swing door</li>
 	<li>Equipped with NEMA 5-15P plug</li>
</ul>

                          ",https://usrbrands.com/cdn/shop/files/g48-showcase-angle_130x.jpg?v=1755592938,"
      This Coldline G48-B 48"" commercial 2 swing glass door merchandiser refrigerator is perfect for restaurants, delis, bakeries, or cafes. It keeps your food products at safe temperatures. Create an enticing display, attract customers, and increase sales by showcasing your products in a sleek and practical manner.
    ",https://usr-content.s3.us-east-2.amazonaws.com/coldline/g48-b-specsheet.pdf,https://usr-content.s3.us-east-2.amazonaws.com/coldline/refrigeration-warranty.pdf,https://usr-content.s3.us-east-2.amazonaws.com/coldline/g-d-series-merchandiser-manual.pdf
GRANITA-2N Double 2 Bowl Pourover Granita Slush Machine - 6 Gallon,GRANITA-2N,1400,COLDLINE,"
                            <ul>
<li>Holds Temperature Between 24°F to 29°F</li>
<li>Interior LED Lighting</li>
<li>Luxurious Design</li>
<li>Maintenance Friendly</li>
<li>Drip Tray</li>
<li>Consistant Flavor</li>
<li>Adjustable Slush Mode</li>
<li>Food-grade Anti-cracking Bow</li>
</ul>
                          ",https://usrbrands.com/cdn/shop/files/granita-2n-slush-machine_130x.jpg?v=1706608749,"
      Built to be a reliable and efficient performer, the Granita will help you prepare perfectly chilled slushies at all times. A powerful motor and heavy-duty auger make it easier to create great-textured crowd-pleasers. Whether you are an upscale adult hot spot or a family-friendly food joint, you can count on this frozen drink machine to churn out great slushies, sherbet, and more!
    ",https://usr-content.s3.us-east-2.amazonaws.com/coldline/granita-2n-specsheet.pdf,https://usr-content.s3.us-east-2.amazonaws.com/coldline/coldline-one-year-warranty.pdf,https://usr-content.s3.us-east-2.amazonaws.com/coldline/slush-machine-manual.pdf
"DIP-46 47"" Ice Cream Dipping Cabinet Freezer | (8) Tub Capacity",DIP-46,1403,COLDLINE,"
                            <ul>
<li>Ice Cream Dipping Cabinet</li>
<li>Glass Canopy with LED Lighting</li>
<li>Shelves and Tub Holders Included</li>
<li>-14.8F to -0.4F Temperature Range</li>
<li>Holds (8) 3 gallon Tubs</li>
</ul>
                          ",https://usrbrands.com/cdn/shop/files/dip46_angle_130x.jpg?v=1755750185,"
      Easily serve quality ice cream with the Coldline DIP-46 commercial ice cream dipping cabinet. This 47"" wide ice cream holding cabinet gives an enough storage capacity that can hold up to 12 (3) 12 liter gallon cans of ice cream. The 2 shelves that helps to maximize usage of the storage unit to store different flavors. 1 lid that provides easy access and safety of the ice cream. 
    ",https://usr-content.s3.us-east-2.amazonaws.com/coldline/dip-46-specsheet.pdf,https://usr-content.s3.us-east-2.amazonaws.com/coldline/refrigeration-warranty.pdf,https://usr-content.s3.us-east-2.amazonaws.com/coldline/dip-series-manual.pdf
"Coldline UC-60RT 60"" Undercounter Worktop Refrigerator",UC-60RT,1416,COLDLINE,"
                            <ul>
<li>60.19"" W Undercounter Refrigerator</li>
<li>Stay-open, self-closing doors</li>
<li>Digital temperature controller</li>
<li>430 stainless steel exterior and interior</li>
<li>Built-in recessed handle</li>
<li>Auto-defrost</li>
<li>Foamed-in-place polyurethane insulation</li>
<li>Pre-installed casters, two with brakes</li>
<li>2 Adjustable PVC-coated shelves</li>
<li>33 to 40 degrees Fahrenheit temperature range<br>
</li>
</ul>
                          ",https://usrbrands.com/cdn/shop/files/uc-60ft-worktop-refrigerator_130x.jpg?v=1745837255,"
      Fit your commercial refrigeration under a counter or worktable, or use it as a worktop refrigerator with the Coldline 60"" commercial undercounter refrigerators. Each unit features a durable stainless steel exterior and interior including a heavy duty 2"" stainless steel work surface strong enough for cutting or mixing and smooth enough to prepare foods. the 29.5"" depth is narrow enough to fit into small kitchens or even behind a bar or counter in your shop. All units come with pre-installed casters and shelves. 5"" removeable backsplash is optional.

    ",https://usr-content.s3.us-east-2.amazonaws.com/coldline/uc-60rt-specsheet.pdf,https://usr-content.s3.us-east-2.amazonaws.com/coldline/refrigeration-warranty.pdf,https://usrbrands.com/products/coldline-uc-60rt-60-undercounter-worktop-refrigerator
"SP72 71"" Bain Marie Sandwich Prep Refrigerator - 18 Pans",SP72,1425,COLDLINE,"
                            <ul>
<li>Standard top model</li>
<li>Stainless steel interior and exterior</li>
<li>Refrigeration system keeps food at safe temperatures between 33°F and 41°F (0.5°C to 5°C)</li>
<li>Self-closing doors with 90-degree stay-open feature with locks and keys included</li>
<li>Adjustable heavy-duty PVC coated shelves</li>
<li>Cutting board and pans included</li>
<li>Recessed door handle</li>
<li>Electronic control system makes it easy to adjust temperature set point and defrost frequency</li>
<li>Pre-installed heavy-duty casters with brakes</li>
<li>Removable installation board makes it easy to access condenser coil for cleaning and service</li>
<li>Hydro-Carbon R290 refrigerant</li>
<li>Equipped with NEMA 5-15P plug</li>
<li>Optional glass sneeze guard</li>
</ul>
                          ",,"
      The SP 71"" refrigerated sandwich prep unit fits 18 x 1/6 size pans. Features a 10"" deep removable cutting board for easy cleaning, self-closing doors, and an insulated roll top to lock in cold air. The 18 cubic feet of storage inside includes an adjustable shelf. The 3/4 HP refrigeration system features auto defrost and is electronically controlled to keep your food in the safe zone. Durable and easy to clean stainless steel construction. The 29.5"" depth makes it a great addition to small kitchens.
    ",https://usr-content.s3.us-east-2.amazonaws.com/coldline/sp72-specsheet.pdf,https://usr-content.s3.us-east-2.amazonaws.com/coldline/refrigeration-warranty.pdf,https://usr-content.s3.us-east-2.amazonaws.com/coldline/prep-table-undercounter-series-manual.pdf
"Coldline UC-60FT 60"" Undercounter Worktop Freezer",UC-60FT,1430,COLDLINE,"
                            <ul>
<li>60.19"" W Undercounter Refrigerator</li>
<li>Stay-open, self-closing doors</li>
<li>Digital temperature controller</li>
<li>430 stainless steel exterior and interior</li>
<li>Built-in recessed handle</li>
<li>Auto-defrost</li>
<li>Foamed-in-place polyurethane insulation</li>
<li>Pre-installed casters, two with brakes</li>
<li>2 Adjustable PVC-coated shelves</li>
<li>-8 to 0 degrees Fahrenheit temperature range<br>
</li>
</ul>
                          ",https://usrbrands.com/cdn/shop/files/uc-60ft-worktop-refrigerator_6c0030dc-5a17-45f1-a550-9b821d84e91e_130x.jpg?v=1745838220,"
      Fit your commercial freezer under a counter or worktable, or use it as a worktop freezer with the Coldline 60"" commercial undercounter freezer. Each unit features a durable stainless steel exterior and interior including a heavy duty 2"" stainless steel work surface strong enough for cutting or mixing and smooth enough to prepare foods. the 29.5"" depth is narrow enough to fit into small kitchens or even behind a bar or counter in your shop. All units come with pre-installed casters and shelves. 5"" removeable backsplash is optional.
    ",https://usr-content.s3.us-east-2.amazonaws.com/coldline/uc-60ft-specsheet.pdf,https://usr-content.s3.us-east-2.amazonaws.com/coldline/refrigeration-warranty.pdf,https://usrbrands.com/products/coldline-uc-60ft-60-undercounter-worktop-freezer
G53-W 53” Double Glass Door Merchandiser Refrigerator,G53-W,1452,COLDLINE,"
                            <ul>
<li>White coated exterior</li>
<li>Attractive aluminum liner with stainless steel floor</li>
<li>Refrigeration system keeps food at safe temperatures</li>
<li>Self-closing doors with 90 degree stay-open feature</li>
<li>Adjustable heavy-duty PVC coated shelves</li>
<li>Pull out door handle</li>
<li>Electronic control system</li>
<li>Preinstalled heavy-duty casters with brakes<br>
</li>
<li>Hydro-Carbon R290 refrigerant</li>
</ul>
                          ",https://usrbrands.com/cdn/shop/files/g53-white-showcase-angle_130x.jpg?v=1755593521,"
      This Coldline commercial glass door merchandiser refrigerator is perfect for restaurants, delis, bakeries, or cafes. It keeps your food products at safe temperatures.
    ",https://usr-content.s3.us-east-2.amazonaws.com/coldline/g53-w-specsheet.pdf,https://usr-content.s3.us-east-2.amazonaws.com/coldline/refrigeration-warranty.pdf,https://usr-content.s3.us-east-2.amazonaws.com/coldline/g-d-series-merchandiser-manual.pdf
"Coldline T-2RE 54"" Two Solid Door Commercial Reach-In Refrigerator - Stainless Steel",T-2RE,1472,COLDLINE,"
                            <ul>
<li>Two-section solid door reach-in refrigerator</li>
<li>(6) adjustable / removable epoxy coated wire shelves</li>
<li>Easy to use digital control and display, auto defrost</li>
<li>Self-closing swing doors, stay open past 90 degrees</li>
<li>Easily removable magnetic door gaskets</li>
<li>Foamed-in-place insulation keeps the interior cold</li>
<li>Durable 304 stainless steel interior &amp; 201 exterior</li>
<li>Pre-installed 4"" casters, two with brakes</li>
<li>Interior LED lighting</li>
<li>Temperature range: 33 - 40 F</li>
<li>110v plug and play<br>
</li>
</ul>
                          ",,"
      This Coldline T-2RE 54"" single-section solid door reach-in refrigerator is an ideal cold storage solution for your restaurant, bakery, or any commercial kitchen. It has a digital display and maintains temperatures between 33°F and 40°F. It also includes 6 epoxy-coated shelves with an 90 lb. capacity each, adjustable with shelf clips for customization. 
    ",https://usr-content.s3.us-east-2.amazonaws.com/coldline/t-2re-specsheet.pdf,https://usr-content.s3.us-east-2.amazonaws.com/coldline/refrigeration-warranty.pdf,https://usrbrands.com/products/coldline-t-2re-54-two-solid-door-commercial-reach-in-refrigerator-stainless-steel
"C-2RE 54"" Double Door Reach-In Refrigerator",C-2RE,1475,COLDLINE,"
                            <ul>
<li>Stainless steel interior and exterior</li>
<li>Refrigeration system keeps food at safe temperatures between 33°F and 41°F (0.5°C to 5°C)</li>
<li>Self-closing doors with 90 degree stay-open feature with locks and keys included</li>
<li>Adjustable heavy-duty PVC coated shelves</li>
<li>Optional glass door</li>
<li>Internal lighting</li>
<li>Electronic control system makes it easy to adjust temperature set point and defrost frequency</li>
<li>Preinstalled heavy-duty casters with brakes</li>
<li>Removable installation board makes it easy to access condenser coil for cleaning and service</li>
<li>Hydro-Carbon R290 refrigerant</li>
<li>Equipped with NEMA 5-15P plug</li>
</ul>
                          ",,"
      This double door reach-in refrigerator with 47 cubic feet capacity features a heavy-duty stainless steel interior and exterior, ensuring many years of dependability in even the most demanding commercial settings. Insulated self-closing lockable doors allow units to hold safe temperatures in the hottest kitchens. Included 6 wire shelves with clips. Lockable heavy-duty wheels come standard. This unit uses HYDRO-CARBON R290 refrigerant, which is environmentally friendly and more efficient than R134a/R404a refrigerant.
    ",https://usr-content.s3.us-east-2.amazonaws.com/coldline/c-2re-specsheet.pdf,https://usr-content.s3.us-east-2.amazonaws.com/coldline/refrigeration-warranty.pdf,https://usr-content.s3.us-east-2.amazonaws.com/coldline/reach-in-series-manual.pdf
"Coldline SPN-60 60"" Narrow Depth Refrigerated Sandwich Prep Table with Cutting Board and Food Pans",SPN-60,1505,COLDLINE,"
                            <ul>
<li>Narrow 24"" depth sandwich prep table</li>
<li>Removable full length cutting board</li>
<li>Includes (16) 1/6 size pans</li>
<li>Self-closing swing doors</li>
<li>2 adjustable PVC-coated shelves</li>
<li>Stainless steel exterior &amp; interior</li>
<li>Foamed-in-place insulation</li>
<li>Pre-installed 5"" casters, two with brakes<br>
</li>
</ul>
                          ",https://usrbrands.com/cdn/shop/files/spn60-narrow-salad-bar-side_130x.jpg?v=1728446387,"
      Coldline SPN series sandwich prep refrigerators feature a narrow 24"" front to back depth measurement, making them perfect for commercial kitchens or food trucks with very tight spaces. The refrigerated base provides ample storage while the top accommodates 16 x 1/6 size pans and features a full-length removable 9.4"" cutting board for easy cleaning.
    ",https://usr-content.s3.us-east-2.amazonaws.com/coldline/spn-60-specsheet.pdf,https://usr-content.s3.us-east-2.amazonaws.com/coldline/refrigeration-warranty.pdf,https://usrbrands.com/products/coldline-spn-60-60-narrow-depth-refrigerated-sandwich-prep-table-with-cutting-board-and-food-pans
"Coldline UC-72RT 72"" Undercounter Worktop Refrigerator",UC-72RT,1541,COLDLINE,"
                            <ul>
<li>71.5"" W Undercounter Refrigerator</li>
<li>Stay-open, self-closing doors</li>
<li>Digital temperature controller</li>
<li>430 stainless steel exterior and interior</li>
<li>Built-in recessed handle</li>
<li>Auto-defrost</li>
<li>Foamed-in-place polyurethane insulation</li>
<li>Pre-installed casters, two with brakes</li>
<li>3 Adjustable PVC-coated shelves</li>
<li>33 to 40 degrees Fahrenheit temperature range<br>
</li>
</ul>
                          ",https://usrbrands.com/cdn/shop/files/uc-72ft-worktop-refrigerator-front_130x.jpg?v=1745837336,"
      Fit your commercial refrigeration under a counter or worktable, or use it as a worktop refrigerator with the Coldline 72"" commercial undercounter refrigerators. Each unit features a durable stainless steel exterior and interior including a heavy duty 2"" stainless steel work surface strong enough for cutting or mixing and smooth enough to prepare foods. the 29.5"" depth is narrow enough to fit into small kitchens or even behind a bar or counter in your shop. All units come with pre-installed casters and shelves. 5"" removeable backsplash is optional.
    ",https://usr-content.s3.us-east-2.amazonaws.com/coldline/uc-72rt-specsheet.pdf,https://usr-content.s3.us-east-2.amazonaws.com/coldline/refrigeration-warranty.pdf,https://usrbrands.com/products/coldline-uc-72rt-72-undercounter-worktop-refrigerator
UC-60F 60” Undercounter Work Top Freezer - 15 Cu. Ft.,UC-60F,1542,COLDLINE,"
                            
<ul>
 	<li>Stainless steel interior and exterior</li>
 	<li>Refrigeration system keeps food at safe temperatures between -8°F and 0°F(-22°C to -18°C)</li>
 	<li>Self-closing doors with 90-degree stay-open feature with locks and keys included</li>
 	<li>Adjustable heavy-duty PVC coated shelves</li>
 	<li>Recessed door handle</li>
 	<li>Electronic control system makes it easy to adjust temperature set point and defrost frequency</li>
 	<li>Pre-installed heavy-duty casters with brakes</li>
 	<li>Removable installation board makes it easy to access condenser coil for cleaning and service</li>
 	<li>Hydro-Carbon R290 refrigerant</li>
 	<li>Equipped with NEMA 5-15P plug</li>
 	<li>1-year warranty, 5-year compressor manufacturer warranty</li>
</ul>

                          ",https://usrbrands.com/cdn/shop/files/uc60f_front.843_130x.jpg?v=1755664366,"
      The Coldline UC 60"" is an excellent freezer for any under-counter or worktop application. This 2 door unit provides 15 cubic feet of storage and a thick 60"" stainless steel work surface. Interior and Exterior made of stainless steel. Wheels, adjustable shelves, and self-closing doors come standard on all units. Optional small casters will reduce height by 1"". Eco-friendly R290 refrigeration system maintains -8 to 0 degree temperature to keep your food in the safe zone.
    ",https://usr-content.s3.us-east-2.amazonaws.com/coldline/uc-60f-specsheet.pdf,https://usr-content.s3.us-east-2.amazonaws.com/coldline/refrigeration-warranty.pdf,https://usr-content.s3.us-east-2.amazonaws.com/coldline/prep-table-undercounter-series-manual.pdf
CDD-72 72″ Refrigerated Direct Draw Beer Dispenser - 19.6 Cu. Ft.,CDD-72,1544,COLDLINE,"
                            <ul>
<li>Durable stainless steel top, interior walls, floor, and ceiling</li>
<li>Exterior construction is attractive corrosion resistant vinyl on steel in black finish</li>
<li>Refrigeration system keeps the drinks at safe temperatures between 33°F and 41°F</li>
<li>Electronic control system makes it easy to adjust temperature set point and defrost frequency<br>
</li>
<li>Adjustable heavy-duty PVC coated shelves</li>
<li>Self-closing doors with locks</li>
<li>LED interior lighting</li>
<li>Hydro-Carbon R290 refrigerant, which is environmentally friendly and more efficient than R134a/R404a refrigerant</li>
<li>Removable installation board makes it easy to access condenser coil for cleaning and service</li>
</ul>
                          ",https://usrbrands.com/cdn/shop/files/cdd-72-beer-dispenser-front-view_130x.jpg?v=1755595868,"
      This Coldline beer dispenser is ideal for bars and restaurants that need to store draft beer “on tap.” Hold barrels or wall kegs in refrigerated sections, and keep your customer’s favorite brew flowing on-demand. Coldline draft beer dispensers are equipped with electronic temperature control to keep the product at the ideal refrigeration point. Interior LED lighting, self-closing doors, and adjustable PVC shelves all make this unit a reliable commercial refrigerated beer dispenser for any bar service.
    ",https://usr-content.s3.us-east-2.amazonaws.com/coldline/cdd-72-specsheet.pdf,https://usr-content.s3.us-east-2.amazonaws.com/coldline/refrigeration-warranty.pdf,https://usr-content.s3.us-east-2.amazonaws.com/coldline/backbar-dispenser-series-manual.pdf
"Coldline SMP72-T 72"" Mega Top Refrigerated Sandwich Prep Table with Cutting Board and Food Pans",SMP72-T,1546,COLDLINE,"
                            <ul>
<li>71.5"" three door mega top refrigerated sandwich/salad prep table</li>
<li>SS430 stainless steel exterior &amp; interior</li>
<li>Removable full length, 7.87"" deep cutting board</li>
<li>Includes 30 x food pans and lids, 304 stainless steel material</li>
<li>Self-closing swing doors, stay open past 90 degrees</li>
<li>Easily removable magnetic door gaskets</li>
<li>3 Adjustable PVC-coated shelves</li>
<li>Foamed-in-place insulation keeps the interior cold</li>
<li>Pre-installed 5"" casters, two with brakes</li>
<li>Easy to use digital control and display, auto defrost<br>
</li>
</ul>
                          ",https://usrbrands.com/cdn/shop/files/smp72t_with-food-front_130x.jpg?v=1745836880,"
      The SMP72-T mega top sandwich prep refrigerator includes 30 stainless steel pans and a full length 7.87 inch cutting board included standard. Stainless steel interior and exterior for long lasting durability and easy cleaning. The 1/4 HP refrigeration system will keep your food in the safe zone while the self-closing doors and insulated roll top lock the cold air at 19 cu. ft. of storage offers plenty of room for storage and 3 adjustable 90 lb. shelves allow you to organize optimally.
    ",https://usr-content.s3.us-east-2.amazonaws.com/coldline/smp72-t-specsheet.pdf,https://usr-content.s3.us-east-2.amazonaws.com/coldline/refrigeration-warranty.pdf,https://usrbrands.com/products/coldline-smp72-t-72-mega-top-refrigerated-sandwich-prep-table-with-cutting-board-and-food-pans
"C35R 40"" Double Solid Door Reach-In Refrigerator - 28 cu.ft.",C35R,1551,COLDLINE,"
                            <ul>
<li>Stainless steel interior and exterior</li>
<li>Aluminum back</li>
<li>Refrigeration system keeps food at safe temperatures</li>
<li>Self-closing doors with 90 degree stay-open feature</li>
<li>Locks and keys included</li>
<li>Adjustable heavy-duty PVC coated shelves</li>
<li>Optional glass door</li>
<li>Recessed door handle</li>
<li>Electronic control system</li>
<li>Preinstalled heavy-duty casters with brakes</li>
<li>Removable installation board</li>
<li>Hydro-Carbon R290 refrigerant</li>
</ul>
                          ",,"
      This double door reach-in refrigerator with 28 cubic feet capacity features a heavy-duty stainless steel interior and exterior, ensuring many years of dependability in even the most demanding commercial settings. Insulated self-closing lockable doors allow model to hold safe temperatures in the hottest kitchens. Included 6 wire shelves with clips. Lockable heavy-duty wheels come standard. This unit uses HYDRO-CARBON R290 refrigerant, which is environmentally friendly and more efficient than R134a/R404a refrigerant.
    ",https://usr-content.s3.us-east-2.amazonaws.com/coldline/c35r-specsheet.pdf,https://usr-content.s3.us-east-2.amazonaws.com/coldline/refrigeration-warranty.pdf,https://usr-content.s3.us-east-2.amazonaws.com/coldline/reach-in-series-manual.pdf
"CPT-72 71"" Refrigerated Pizza Prep Table - 9 Pans",CPT-72,1553,COLDLINE,"
                            
<ul>
 	<li>Stainless steel interior and exterior</li>
 	<li>Refrigeration system keeps food at safe temperatures between 33°F and 41°F (0.5°C to 5°C)</li>
 	<li>Self-closing doors with 90-degree stay-open feature with locks and keys included</li>
 	<li>Adjustable heavy-duty PVC coated shelves</li>
 	<li>Cutting board and pans included</li>
 	<li>Recessed door handle</li>
 	<li>Electronic control system makes it easy to adjust temperature set point and defrost frequency</li>
 	<li>Pre-installed heavy-duty casters with brakes</li>
 	<li>Removable installation board makes it easy to access condenser coil for cleaning and service</li>
 	<li>Hydro-Carbon R290 refrigerant</li>
 	<li>Equipped with NEMA 5-15P plug</li>
</ul>

                          ",https://usrbrands.com/cdn/shop/files/cpt-72_angle.959_130x.jpg?v=1755592071,"
      Coldline CPT-72 71"" Refrigerated Pizza Prep unit features a large 20"" worksurface, perfect for any business serious about pizza. The durable stainless steel unit has 16.9 cubic feet of storage capacity and can hold 9 x 1/3 size pans in under the insulated rail lid. Self-closing doors and a 33-41 degree temp range ensure your food stays in the health department safe zone.
    ",https://usr-content.s3.us-east-2.amazonaws.com/coldline/cpt-72-specsheet.pdf,https://usr-content.s3.us-east-2.amazonaws.com/coldline/refrigeration-warranty.pdf,https://usr-content.s3.us-east-2.amazonaws.com/coldline/prep-table-undercounter-series-manual.pdf
GRANITA-2X Double 2 Bowl Pourover Granita Slush Machine - 6.4 Gallon,GRANITA-2X,1561,COLDLINE,"
                            <ul>
<li>Pourover Granita / Slushy / Frozen Beverage Dispenser</li>
<li>Two independently operated 3.2 gallon (12 liter) bowls</li>
<li>Digital control includes Slush mode and Beverage mode</li>
<li>Attractive black stainless steel front</li>
<li>High-density anti-cracking polycarbonate bowls</li>
<li>Brilliant built-in LED lighting</li>
<li>Quick defrost feature speeds up the thawing process for frozen mix after service</li>
<li>Hinged lids for convenient access and effortless filling</li>
<li>Adjustable product consistency</li>
<li>Hydro-Carbon R290 refrigerant</li>
<li>Enhanced auger drive system and seal design for reliable performance</li>
<li>Transparent bowl encourages impulse purchasing</li>
<li>Slush, sorbet, margaritas and more</li>
<li>Perfect solution for restaurants, convenience stores, bars, amusement parks, kiosks, and much more<br>
</li>
</ul>
                          ",,"
      Ideal for serving frozen delights such as slushies, sorbets, granitas, and even alcoholic beverages, this granita / slushy / frozen beverage machine with digital control is guaranteed to boost beverage sales at any establishment by showcasing the enticing specialties you have available! With the ability to accommodate alcoholic mixes, this machine is perfect for bars aiming to offer alcoholic slushies, expanding their drink menu with ease!
    ",https://usr-content.s3.us-east-2.amazonaws.com/coldline/granita-2x-specsheet.pdf,https://usr-content.s3.us-east-2.amazonaws.com/coldline/coldline-one-year-warranty.pdf,https://usrbrands.com/products/granita-2x-double-2-bowl-pourover-granita-slush-machine-6-4-gallon
"CB60 60"" 2 Drawer Stainless Steel Refrigerated Chef Base",CB60,1562,COLDLINE,"
                            <ul>
 	<li>Stainless steel interior and exterior retains attractive finish longer. Matching aluminum finished back</li>
 	<li>Stainless steel top equipped with a marine edge enables the unit's top to contain drips and spills for easy cleanup</li>
 	<li>Refrigeration system keeps food at safe temperatures between 33°F and 41°F (0.5°C to 5°C)</li>
 	<li>Preinstalled heavy-duty casters with brakes</li>
 	<li>Heavy-duty pull handles</li>
 	<li>Electronic control system makes it easy to adjust temperature set point and defrost frequency</li>
 	<li>Removable installation board makes it easy to access condenser coil for cleaning and service</li>
 	<li>These units are HYDRO-CARBON R290 refrigerant, which is environmentally friendly and more efficient than R134a/R404a refrigerant</li>
</ul>
                          ",https://usrbrands.com/cdn/shop/products/cb-60-hc_1_130x.jpg?v=1647230765,"
      This Coldline chef base refrigerator is ideal for restaurants, bakeries, and cafes assorted refrigerated goods. Coldline chef base refrigerators are equipped with electronic temperature control to keep the product at the perfect refrigeration point. Heavy-duty pull handles, stainless steel top, stainless steel interior, and exterior all make this unit a reliable commercial refrigerator for any food service locale.
    ",https://usr-content.s3.us-east-2.amazonaws.com/coldline/cb60-specsheet.pdf,https://usr-content.s3.us-east-2.amazonaws.com/coldline/refrigeration-warranty.pdf,https://usr-content.s3.us-east-2.amazonaws.com/coldline/chef-base-series-manual.pdf
"PDR-80 80"" Refrigerated Pizza Prep with Marble Top",PDR-80,1567,COLDLINE,"
                            <ul>
<li>Marble top refrigerated pizza prep table</li>
<li>Overall dimensions: 79.5""W X 31.5""D X 39""H</li>
<li>Interior dimensions: 65""W X 26.75""D X 22.62""H</li>
<li>Stainless steel interior and exterior</li>
<li>Bottom with rounded corners</li>
<li>33.1"" work surface height</li>
<li>Three adjustable epoxy-coated steel shelves</li>
<li>Foamed-in-place polyurethane insulation<br>
</li>
</ul>
                          ",https://usrbrands.com/cdn/shop/files/pdr-80_angle_130x.jpg?v=1755592541,"
      Our pizza prep tables are built for today's chef - Keeping your food service operation running smoothly relies strongly on having the right tools and our Coldline Pizza Prep Tables do just that. Available in various sizes from small to large, our Pizza Prep Tables are made to cater from small kitchens to industrial sized ones.
    ",https://usr-content.s3.us-east-2.amazonaws.com/coldline/pdr-80-specsheet.pdf,https://usr-content.s3.us-east-2.amazonaws.com/coldline/refrigeration-warranty.pdf,https://usr-content.s3.us-east-2.amazonaws.com/coldline/pdr-60-series-manual.pdf
DP-560-FSG 71'' 12-Tub Ice Cream Dipping Cabinet Freezer with Sneeze Guard,DP-560-FSG,1569,COLDLINE,"
                            <ul>
<li>
<span data-mce-fragment=""1"">White Powder Coated Steel</span>&nbsp;E<span data-mce-fragment=""1"">xterior</span>
</li>
<li><span>Accommodate up to&nbsp;12 ice cream tubs</span></li>
<li>Manual temperature control</li>
<li>Flat-front glass sneeze guard</li>
<li>-15 and 8 degrees Fahrenheit</li>
<li>Interior LED lighting</li>
<li>Hydro-Carbon R290 refrigerant</li>
</ul>
                          ",https://usrbrands.com/cdn/shop/files/dp-560_130x.jpg?v=1706007954,"
      Equipped with flat sneeze guard, this 71"" 12-Tub Ice Cream Dipping Cabinet Freezer ensures the hygiene and safety of your ice cream. And it's the perfect solution for displaying and serving delicious ice cream treats. This dipping cabinet freezer is designed to enhance the customer experience while keeping your frozen desserts at the perfect temperature.

    ",https://usr-content.s3.us-east-2.amazonaws.com/coldline/dp-560-fsg-specsheet.pdf,https://usr-content.s3.us-east-2.amazonaws.com/coldline/coldline-one-year-warranty.pdf,https://usrbrands.com/products/dp-560-fsg-71-12-tub-ice-cream-dipping-cabinet-freezer-with-sneeze-guard
"DC64-SS 64"" Stainless Steel Curved Glass Refrigerated Deli Display Case",DC64-SS,1591,COLDLINE,"
                            
<ul>
 	<li>Stainless steel coated exterior</li>
 	<li>Attractive aluminum liner with stainless steel floor</li>
 	<li>Curved front glass and sliding rear glass doors</li>
 	<li>Rounded corner design</li>
 	<li>Refrigeration system keeps food at safe temperatures</li>
 	<li>Hydro-Carbon R290 refrigerant</li>
 	<li>Electronic control system</li>
 	<li>Removable installation board</li>
 	<li>Preinstalled heavy-duty casters with brakes</li>
 	<li>Adjustable heavy-duty PVC coated shelves</li>
 	<li>LED interior lighting</li>
</ul>

                          ",https://usrbrands.com/cdn/shop/files/dc64_angle.1133_1_130x.jpg?v=1755747820,"
      This Coldline DC-Series refrigerated meat and deli display case is perfect for restaurants, delis, bakeries, or cafes. It keeps your food products at safe temperatures. Featuring a 3/5 HP refrigeration system and R290 refrigerant, this deli display case unit is perfect for showcasing your products to your customers in your restaurant, diners, and deli.
    ",https://usr-content.s3.us-east-2.amazonaws.com/coldline/dc64-ss-specsheet.pdf,https://usr-content.s3.us-east-2.amazonaws.com/coldline/refrigeration-warranty.pdf,https://usr-content.s3.us-east-2.amazonaws.com/coldline/deli-case-series-manual.pdf
"DC64-B 64"" Black Curved Glass Refrigerated Deli Display Case",DC64-B,1591,COLDLINE,"
                            
<ul>
 	<li>Black coated exterior with stainless steel trim</li>
 	<li>Attractive aluminum liner with stainless steel floor</li>
 	<li>Curved front glass and sliding rear glass doors</li>
 	<li>Rounded corner design</li>
 	<li>Refrigeration system keeps food at safe temperatures</li>
 	<li>Hydro-Carbon R290 refrigerant</li>
 	<li>Electronic control system</li>
 	<li>Removable installation board</li>
 	<li>Preinstalled heavy-duty casters with brakes</li>
 	<li>Adjustable heavy-duty PVC coated shelves</li>
 	<li>LED interior lighting</li>
</ul>

                          ",https://usrbrands.com/cdn/shop/files/dc64_black_angle.1134_130x.jpg?v=1755747908,"
      This Coldline DC-Series refrigerated meat and deli display case is perfect for restaurants, delis, bakeries, or cafes. It keeps your food products at safe temperatures. Featuring a 3/5 HP refrigeration system and R290 refrigerant, this deli display case unit is perfect for showcasing your products to your customers in your restaurant, diners, and deli.
    ",https://usr-content.s3.us-east-2.amazonaws.com/coldline/dc64-b-specsheet.pdf,https://usr-content.s3.us-east-2.amazonaws.com/coldline/refrigeration-warranty.pdf,https://usr-content.s3.us-east-2.amazonaws.com/coldline/deli-case-series-manual.pdf
UC-72R 72” Undercounter Work Top Refrigerator - 15.5 Cu. Ft.,UC-72R,1603,COLDLINE,"
                            
<ul>
 	<li>Stainless steel interior and exterior</li>
 	<li>Refrigeration system keeps food at safe temperatures between 33°F and 41°F (0.5°C to 5°C)</li>
 	<li>Self-closing doors with 90-degree stay-open feature with locks and keys included</li>
 	<li>Adjustable heavy-duty PVC coated shelves</li>
 	<li>Recessed door handle</li>
 	<li>Electronic control system makes it easy to adjust temperature set point and defrost frequency</li>
 	<li>Pre-installed heavy-duty casters with brakes</li>
 	<li>Removable installation board makes it easy to access condenser coil for cleaning and service</li>
 	<li>Hydro-Carbon R290 refrigerant</li>
 	<li>Equipped with NEMA 5-15P plug</li>
 	<li>1-year warranty, 5-year compressor manufacturer warranty</li>
</ul>

                          ",https://usrbrands.com/cdn/shop/files/uc72r_front.835_130x.jpg?v=1755485054,"
      The Coldline UC 72"" is an excellent refrigerator for any under-counter or worktop application. This 3 door unit provides 15.5 cubic feet of storage and a thick 72"" stainless steel work surface. Wheels, adjustable shelves, and self-closing doors come standard on all units. Optional small casters will reduce height by 1"". Eco-friendly R290 refrigeration system maintains 33-41 degree temperature to keep your food in the safe zone.
    ",https://usr-content.s3.us-east-2.amazonaws.com/coldline/uc-72r-specsheet.pdf,https://usr-content.s3.us-east-2.amazonaws.com/coldline/refrigeration-warranty.pdf,https://usr-content.s3.us-east-2.amazonaws.com/coldline/prep-table-undercounter-series-manual.pdf
"C-2FE 54"" Double Door Reach-In Freezer",C-2FE,1604,COLDLINE,"
                            <ul>
<li>Stainless steel interior and exterior</li>
<li>Aluminum back</li>
<li>Refrigeration system keeps food at safe temperatures</li>
<li>Self-closing doors with 90 degree stay-open feature</li>
<li>Locks and keys included</li>
<li>Adjustable heavy-duty PVC coated shelves</li>
<li>Optional glass door</li>
<li>Electronic control system</li>
<li>Preinstalled heavy-duty casters with brakes</li>
<li>Removable installation board</li>
<li>Hydro-Carbon R290 refrigerant</li>
</ul>
                          ",https://usrbrands.com/cdn/shop/files/c-2re_angle-view_130x.jpg?v=1755746309,"
      This double door reach in freezer with 47 cubic feet capacity features a heavy-duty stainless steel interior and exterior, ensuring many years of dependability in even the most demanding commercial settings. Insulated self-closing lockable doors allow units to hold safe temperatures in the hottest kitchens. Included 6 wire shelves with clips. Lockable heavy-duty wheels come standard. This unit uses HYDRO-CARBON R290 refrigerant, which is environmentally friendly and more efficient than R134a/R404a refrigerant.
    ",https://usr-content.s3.us-east-2.amazonaws.com/coldline/c-2fe-specsheet.pdf,https://usr-content.s3.us-east-2.amazonaws.com/coldline/refrigeration-warranty.pdf,https://usr-content.s3.us-east-2.amazonaws.com/coldline/reach-in-series-manual.pdf
"SMP72 71"" Three Door Mega Top Bain Marie Sandwich Prep Refrigerator - 30 Pans",SMP72,1613,COLDLINE,"
                            <ul>
<li>Mega top model</li>
<li>Stainless steel interior and exterior</li>
<li>Refrigeration system keeps food at safe temperatures between 33°F and 41°F (0.5°C to 5°C)</li>
<li>Self-closing doors with 90-degree stay-open feature with locks and keys included</li>
<li>Adjustable heavy-duty PVC coated shelves</li>
<li>Cutting board and pans included</li>
<li>Recessed door handle</li>
<li>Electronic control system makes it easy to adjust temperature set point and defrost frequency</li>
<li>Pre-installed heavy-duty casters with brakes</li>
<li>Removable installation board makes it easy to access condenser coil for cleaning and service</li>
<li>Hydro-Carbon R290 refrigerant</li>
<li>Equipped with NEMA 5-15P plug</li>
<li>Optional glass sneeze guard</li>
</ul>
                          ",,"
      The SMP 70"" mega top sandwich prep refrigerator includes 30 pans, and a full length 8"" cutting board included standard — stainless steel construction for long-lasting durability and easy cleaning. The 3/4 HP refrigeration system will keep your food in the safe zone while the self-closing doors and insulated roll top lock the cold air in 18 cu. ft. of storage offers plenty of room for storage and 3 adjustable 90 lb. shelves allow you to organize optimally.
    ",https://usr-content.s3.us-east-2.amazonaws.com/coldline/smp72-specsheet.pdf,https://usr-content.s3.us-east-2.amazonaws.com/coldline/refrigeration-warranty.pdf,https://usr-content.s3.us-east-2.amazonaws.com/coldline/prep-table-undercounter-series-manual.pdf
"Coldline CDD-4 90"" Black 4 Tap Refrigerated Direct Draw Beer Dispenser",CDD-4,1624,COLDLINE,"
                            <ul>
<li>90"" (2)double tap kegerator beer dispenser, (4)1/2 keg capacity<br>
</li>
<li>Easy to use digital controls</li>
<li>Brilliant LED interior lighting<br>
</li>
<li>Built-in drip tray&nbsp;</li>
<li>Includes (6) ""D"" system couplers</li>
<li>Includes 4 easily adjustable shelves<br>
</li>
<li>Self-closing locking doors&nbsp;<br>
</li>
<li>Hydro-Carbon R290 refrigerant</li>
<li>Forced air refrigeration system<br>
</li>
<li>Foamed-in polyurethane cell insulation<br>
</li>
</ul>
                          ",https://usrbrands.com/cdn/shop/files/cdd4-black-kegerator-beer-dispenser_130x.jpg?v=1722339714,"
      This Coldline beer dispenser is ideal for bars and restaurants that need to store draft beer “on tap.” Hold barrels or wall kegs in refrigerated sections, and keep your customer’s favorite brew flowing on-demand. Coldline draft beer dispensers are equipped with electronic temperature control to keep the product at the ideal refrigeration point. Interior LED lighting, self-closing doors, and adjustable PVC shelves all make this unit a reliable commercial refrigerated beer dispenser for any bar service.
    ",https://usr-content.s3.us-east-2.amazonaws.com/coldline/cdd-4-specsheet.pdf,https://usr-content.s3.us-east-2.amazonaws.com/coldline/refrigeration-warranty.pdf,https://usr-content.s3.us-east-2.amazonaws.com/coldline/backbar-dispenser-series-manual.pdf
"C-1FF-TM 29"" Solid Door Commercial Top Mount Reach-In Freezer",C-1FF-TM,1633,COLDLINE,"
                            <ul>
<li>Durable S/S Interior &amp; Exterior</li>
<li>Interior LED Lighting</li>
<li>Self Closing &amp; Stay Open Door</li>
<li>Casters and Door Locks Included</li>
<li>Supports Tray Slides (Sets of 2)<br>
</li>
<li>Hydro-Carbon R290 refrigerant</li>
</ul>
                          ",https://usrbrands.com/cdn/shop/files/c-1rr-tm_angle_1_130x.jpg?v=1755746662,"
      Hold ultra low temperatures down to -7 degrees in the Coldline reach in commercial freezer. Whether you are storing ice cream or frozen foods, the reach in units will meet the needs of the highest volume bakeries and restaurants. With durable stainless steel interior and exterior and 3 corrosion resistant shelves that hold up to 120 lb each, this heavy duty commercial freezer is built to last. 
    ",https://usr-content.s3.us-east-2.amazonaws.com/coldline/c-1ff-tm-specsheet.pdf,https://usr-content.s3.us-east-2.amazonaws.com/coldline/refrigeration-warranty.pdf,https://usr-content.s3.us-east-2.amazonaws.com/coldline/top-mount-reach-in-series-manual.pdf
"Coldline T-2FE 54"" Solid Door Commercial Reach-In Freezer - Stainless Steel",T-2FE,1646,COLDLINE,"
                            <ul>
<li>Two-section solid door reach-in freezer</li>
<li>(6) adjustable / removable epoxy coated wire shelves</li>
<li>Easy to use digital control and display, auto defrost</li>
<li>Self-closing swing doors, stay open past 90 degrees</li>
<li>Easily removable magnetic door gaskets</li>
<li>Foamed-in-place insulation keeps the interior cold</li>
<li>Durable 304 stainless steel interior &amp; 201 exterior</li>
<li>Pre-installed 4"" casters, two with brakes</li>
<li>Interior LED lighting</li>
<li>Temperature range: -8 - 0 F</li>
<li>110v plug and play<br>
</li>
</ul>
                          ",,"
      This Coldline T-2FE 54"" two-section solid door reach-in freezer is an ideal cold storage solution for your restaurant, bakery, or any commercial kitchen. It has a digital display and maintains temperatures between -8°F and 0°F. It also includes 6 epoxy-coated shelves with an 90 lb. capacity each, adjustable with shelf clips for customization. 
    ",https://usr-content.s3.us-east-2.amazonaws.com/coldline/t-2fe-specsheet.pdf,https://usr-content.s3.us-east-2.amazonaws.com/coldline/refrigeration-warranty.pdf,https://usrbrands.com/products/coldline-t-2fe-54-solid-door-commercial-reach-in-freezer-stainless-steel
"Coldline UCN-72R 72"" Narrow Depth Undercounter Worktop Refrigerator",UCN-72R,1659,COLDLINE,"
                            <ul>
<li>Narrow 24"" depth undercounter refrigerator</li>
<li>Stay-open, self-closing doors</li>
<li>Digital temperature controller</li>
<li>Stainless steel exterior and interior</li>
<li>Built-in handle</li>
<li>Auto-defrost</li>
<li>Foamed-in-place polyurethane insulation</li>
<li>Pre-installed 5"" casters, two with brakes</li>
<li>3 Adjustable PVC-coated shelves</li>
<li>33 to 41 degrees Fahrenheit temperature range<br>
</li>
</ul>
                          ",https://usrbrands.com/cdn/shop/files/ucn72-narrow-undercounter-refrigerationi-side_130x.jpg?v=1728447384,"
      Coldline UCN series undercounter worktop refrigerators feature a narrow 24"" front to back depth measurement, making them perfect for commercial kitchens or food trucks with very tight spaces. They are designed to seamlessly fit beneath counters or serve as practical worktops. Each unit features a durable stainless steel exterior and interior, including a heavy duty 2.4-inch thick stainless steel work surface strong enough for cutting or mixing and smooth enough to prepare foods.
    ",https://usr-content.s3.us-east-2.amazonaws.com/coldline/ucn-72r-specsheet.pdf,https://usr-content.s3.us-east-2.amazonaws.com/coldline/refrigeration-warranty.pdf,https://usrbrands.com/products/coldline-ucn-72r-72-narrow-depth-undercounter-worktop-refrigerator
D30-B 31″ Single Glass Swing Door Merchandiser Freezer - Black,D30-B,1668,COLDLINE,"
                            <ul>
<li>Black coated steel exterior</li>
<li>Silver color door frame</li>
<li>Attractive aluminum liner with stainless steel floor interior</li>
<li>Refrigeration system maintains temperatures between -10°F and 0°F (-23°C to -18°C)</li>
<li>Self-closing double pane glass door with positive seal</li>
<li>Adjustable heavy-duty PVC coated shelves</li>
<li>LED interior lighting</li>
<li>Electronic control system makes it easy to adjust temperature set point and defrost frequency</li>
<li>Removable installation board makes it easy to access condenser coil for cleaning and service</li>
<li>Preinstalled heavy-duty casters with brakes</li>
<li>Hydro-Carbon R290 refrigerant</li>
<li>Swing door</li>
<li>Equipped with NEMA 5-15P plug<br>
</li>
</ul>
                          ",https://usrbrands.com/cdn/shop/files/g28-showcase-angle_1_130x.jpg?v=1755744341,"
      Showcase your frozen foods or ice cream in this 31"" 1 glass door freezer merchandiser with LED lighting, 4 adjustable shelves, and heavy-duty lockable wheels standard. 1 self-closing anti-fog swing door provides easy access to your products. Standard 115V plug makes set up easy. Just plug it in and turn it on!
    ",https://usr-content.s3.us-east-2.amazonaws.com/coldline/d30-b-specsheet.pdf,https://usr-content.s3.us-east-2.amazonaws.com/coldline/refrigeration-warranty.pdf,https://usr-content.s3.us-east-2.amazonaws.com/coldline/g-d-series-merchandiser-manual.pdf
GRANITA-3N Triple 3 Bowl Pourover Granita Slush Machine - 9 Gallon,GRANITA-3N,1692,COLDLINE,"
                            <ul>
<li>Holds Temperature Between 24°F to 29°F</li>
<li>Interior LED Lighting</li>
<li>Luxurious Design</li>
<li>Maintenance Friendly</li>
<li>Drip Tray</li>
<li>Consistant Flavor</li>
<li>Adjustable Slush Mode</li>
<li>Food-grade Anti-cracking Bow</li>
</ul>
                          ",https://usrbrands.com/cdn/shop/files/granita-3n-slush-machine_130x.jpg?v=1706608842,"
      Built to be a reliable and efficient performer, the Granita will help you prepare perfectly chilled slushies at all times. A powerful motor and heavy-duty auger make it easier to create great-textured crowd-pleasers. Whether you are an upscale adult hot spot or a family-friendly food joint, you can count on this frozen drink machine to churn out great slushies, sherbet, and more!
    ",https://usr-content.s3.us-east-2.amazonaws.com/coldline/granita-3n-specsheet.pdf,https://usr-content.s3.us-east-2.amazonaws.com/coldline/coldline-one-year-warranty.pdf,https://usr-content.s3.us-east-2.amazonaws.com/coldline/slush-machine-manual.pdf
C35F 40″ Double Solid Door Reach-In Freezer – 28 cu.ft.,C35F,1694,COLDLINE,"
                            <ul>
<li>Stainless steel interior and exterior</li>
<li>Aluminum back</li>
<li>Refrigeration system keeps food at safe temperatures</li>
<li>Self-closing doors with 90 degree stay-open feature</li>
<li>Locks and keys included</li>
<li>Adjustable heavy-duty PVC coated shelves</li>
<li>Optional glass door</li>
<li>Recessed door handle</li>
<li>Electronic control system</li>
<li>Preinstalled heavy-duty casters with brakes</li>
<li>Removable installation board</li>
<li>Hydro-Carbon R290 refrigerant</li>
</ul>
                          ",https://usrbrands.com/cdn/shop/files/c35r-side-view_130x.jpg?v=1755746407,"
      This double door reach-in freezer with 28 cubic feet capacity features a heavy-duty stainless steel interior and exterior, ensuring many years of dependability in even the most demanding commercial settings. Insulated self-closing lockable doors allow model to hold safe temperatures in the hottest kitchens. Included 6 wire shelves with clips. Lockable heavy-duty wheels come standard. This unit uses HYDRO-CARBON R290 refrigerant, which is environmentally friendly and more efficient than R134a/R404a refrigerant.
    ",https://usr-content.s3.us-east-2.amazonaws.com/coldline/c35f-specsheet.pdf,https://usr-content.s3.us-east-2.amazonaws.com/coldline/refrigeration-warranty.pdf,https://usr-content.s3.us-east-2.amazonaws.com/coldline/reach-in-series-manual.pdf
"SDC48 48"" Refrigerated Curved Glass Meat Deli Case with Rear Storage",SDC48,1703,COLDLINE,"
                            <ul>
<li>48"" Curved Glass Meat Deli Case</li>
<li>Auto Condensation Evaporating</li>
<li>8"" Deep SS304 Rear Work Surface</li>
<li>Lift Up Tempered Front Glass</li>
<li>Rear Refrigerated Storage</li>
<li>Brilliant LED Lighting</li>
</ul>
                          ",https://usrbrands.com/cdn/shop/files/kitchenall_meatdisplay_48inch_perspective_angle__final_130x.jpg?v=1755748182,"
      Showcase and storage your meats, prepared foods, and deli products with this modern and affordable curved glass deli case with lift up front glass by Coldline. Insulated rear storage doors provide plenty of refrigerated storage for your deli meats and salads, while the lift up curved front tempered glass makes cleaning painless.
    ",https://usr-content.s3.us-east-2.amazonaws.com/coldline/sdc48-specsheet.pdf,https://usr-content.s3.us-east-2.amazonaws.com/coldline/refrigeration-warranty.pdf,https://usr-content.s3.us-east-2.amazonaws.com/coldline/sdc-series-manual.pdf
"CB72 72"" 4 Drawer Stainless Steel Refrigerated Chef Base",CB72,1730,COLDLINE,"
                            <ul>
 	<li>Stainless steel interior and exterior retains attractive finish longer. Matching aluminum finished back</li>
 	<li>Stainless steel top equipped with a marine edge enables the unit's top to contain drips and spills for easy cleanup</li>
 	<li>Refrigeration system keeps food at safe temperatures between 33°F and 41°F (0.5°C to 5°C)</li>
 	<li>Preinstalled heavy-duty casters with brakes</li>
 	<li>Heavy-duty pull handles</li>
 	<li>Electronic control system makes it easy to adjust temperature set point and defrost frequency</li>
 	<li>Removable installation board makes it easy to access condenser coil for cleaning and service</li>
 	<li>These units are HYDRO-CARBON R290 refrigerant, which is environmentally friendly and more efficient than R134a/R404a refrigerant</li>
</ul>
                          ",https://usrbrands.com/cdn/shop/products/CB-72-HC_130x.jpg?v=1612898049,"
      This Coldline chef base refrigerator is ideal for restaurants, bakeries, and cafes assorted refrigerated goods. Coldline chef base refrigerators are equipped with electronic temperature control to keep the product at the perfect refrigeration point. Heavy-duty pull handles, stainless steel top, stainless steel interior, and exterior all make this unit a reliable commercial refrigerator for any food service locale.
    ",https://usr-content.s3.us-east-2.amazonaws.com/coldline/cb72-specsheet.pdf,https://usr-content.s3.us-east-2.amazonaws.com/coldline/refrigeration-warranty.pdf,https://usr-content.s3.us-east-2.amazonaws.com/coldline/chef-base-series-manual.pdf
"DC80-B 80"" Black Curved Glass Refrigerated Deli Display Case",DC80-B,1733,COLDLINE,"
                            
<ul>
 	<li>Black coated exterior with stainless steel trim</li>
 	<li>Attractive aluminum liner with stainless steel floor</li>
 	<li>Curved front glass and sliding rear glass doors</li>
 	<li>Rounded corner design</li>
 	<li>Refrigeration system keeps food at safe temperatures</li>
 	<li>Hydro-Carbon R290 refrigerant</li>
 	<li>Electronic control system</li>
 	<li>Removable installation board</li>
 	<li>Preinstalled heavy-duty casters with brakes</li>
 	<li>Adjustable heavy-duty PVC coated shelves</li>
 	<li>LED interior lighting</li>
</ul>

                          ",https://usrbrands.com/cdn/shop/files/dc80_black_angle.1138_130x.jpg?v=1755747612,"
      This Coldline DC-Series refrigerated meat and deli display case is perfect for restaurants, delis, bakeries, or cafes. It keeps your food products at safe temperatures. Featuring a 3/4 HP refrigeration system and R290 refrigerant, this deli display case unit is perfect for showcasing your products to your customers in your restaurant, diners, and deli.
    ",https://usr-content.s3.us-east-2.amazonaws.com/coldline/dc80-b-specsheet.pdf,https://usr-content.s3.us-east-2.amazonaws.com/coldline/refrigeration-warranty.pdf,https://usr-content.s3.us-east-2.amazonaws.com/coldline/deli-case-series-manual.pdf
"DC80-SS 80"" Stainless Steel Curved Glass Refrigerated Deli Display Case",DC80-SS,1733,COLDLINE,"
                            
<ul>
 	<li>Stainless steel coated exterior</li>
 	<li>Attractive aluminum liner with stainless steel floor</li>
 	<li>Curved front glass and sliding rear glass doors</li>
 	<li>Rounded corner design</li>
 	<li>Refrigeration system keeps food at safe temperatures</li>
 	<li>Hydro-Carbon R290 refrigerant</li>
 	<li>Electronic control system</li>
 	<li>Removable installation board</li>
 	<li>Preinstalled heavy-duty casters with brakes</li>
 	<li>Adjustable heavy-duty PVC coated shelves</li>
 	<li>LED interior lighting</li>
</ul>

                          ",https://usrbrands.com/cdn/shop/files/dc80_angle.1137_1_130x.jpg?v=1755747277,"
      This Coldline DC-Series refrigerated meat and deli display case is perfect for restaurants, delis, bakeries, or cafes. It keeps your food products at safe temperatures. Featuring a 3/4 HP refrigeration system and R290 refrigerant, this deli display case unit is perfect for showcasing your products to your customers in your restaurant, diners, and deli.
    ",https://usr-content.s3.us-east-2.amazonaws.com/coldline/dc80-ss-specsheet.pdf,https://usr-content.s3.us-east-2.amazonaws.com/coldline/refrigeration-warranty.pdf,https://usr-content.s3.us-east-2.amazonaws.com/coldline/deli-case-series-manual.pdf
"D48-B 48"" Double Glass Swing Door Merchandising Freezer - Black",D48-B,1748,COLDLINE,"
                            
<ul>
 	<li>Black coated steel exterior</li>
 	<li>Attractive aluminum liner with stainless steel floor interior</li>
 	<li>Refrigeration system maintains temperatures between -10°F and 0°F (-23°C to -18°C)</li>
 	<li>Self-closing double pane glass door with positive seal</li>
 	<li>Adjustable heavy-duty PVC coated shelves</li>
 	<li>LED interior lighting</li>
 	<li>Electronic control system makes it easy to adjust temperature set point and defrost frequency</li>
 	<li>Removable installation board makes it easy to access condenser coil for cleaning and service</li>
 	<li>Preinstalled heavy-duty casters with brakes</li>
 	<li>Hydro-Carbon R290 refrigerant</li>
 	<li>Swing doors</li>
 	<li>Equipped with NEMA 5-20P plug</li>
 	<li>1 year warranty, 5 year compressor manufacturer warranty</li>
</ul>

                          ",https://usrbrands.com/cdn/shop/products/G40-B-1_130x.jpg?v=1612898511,"
      This Coldline D48-B 48"" commercial 2 swing glass door merchandiser freezer is perfect for restaurants, delis, bakeries, or cafes. It keeps your food products at safe temperatures. Create an enticing display, attract customers, and increase sales by showcasing your products in a sleek and practical manner.
    ",https://usr-content.s3.us-east-2.amazonaws.com/coldline/d48-b-specsheet.pdf,https://usr-content.s3.us-east-2.amazonaws.com/coldline/refrigeration-warranty.pdf,https://usr-content.s3.us-east-2.amazonaws.com/coldline/g-d-series-merchandiser-manual.pdf
"Coldline SPN-72 72"" Narrow Depth Refrigerated Sandwich Prep Table with Cutting Board and Food Pans",SPN-72,1763,COLDLINE,"
                            <ul>
<li>Narrow 24"" depth sandwich prep table</li>
<li>Removable full length cutting board</li>
<li>Includes (18) 1/6 size pans</li>
<li>Self-closing swing doors</li>
<li>3 PVC-coated shelves</li>
<li>Stainless steel exterior &amp; interior</li>
<li>Foamed-in-place insulation</li>
<li>Pre-installed 5"" casters, two with brakes<br>
</li>
</ul>
                          ",https://usrbrands.com/cdn/shop/files/spn72-narrow-salad-prep-angle_130x.jpg?v=1728446494,"
      Coldline SPN series sandwich prep refrigerators feature a narrow 24"" front to back depth measurement, making them perfect for commercial kitchens or food trucks with very tight spaces. The refrigerated base provides ample storage while the top accommodates 18 x 1/6 size pans and features a full-length removable 9.4"" cutting board for easy cleaning.
    ",https://usr-content.s3.us-east-2.amazonaws.com/coldline/spn-72-specsheet.pdf,https://usr-content.s3.us-east-2.amazonaws.com/coldline/refrigeration-warranty.pdf,https://usrbrands.com/products/coldline-spn-72-72-narrow-depth-refrigerated-sandwich-prep-table-with-cutting-board-and-food-pans
"HDL48 48"" Refrigerated Slanted Glass High Meat Deli Case with Rear Storage",HDL48,1833,COLDLINE,"
                            <ul>
<li>48"" Slanted Glass Meat Deli Case</li>
<li>Double Gravity Coil System</li>
<li>Rear Refrigerated Storage</li>
<li>Brilliant LED Lighting</li>
<li>Sliding Rear Doors</li>
<li>Adjustable Shelves</li>
</ul>
                          ",https://usrbrands.com/cdn/shop/files/hdl48-raw-meat-deli-case-front_1_130x.jpg?v=1687743606,"
      Showcase and storage your meats, prepared foods, and deli products with this sleek, attractive, high end case design. Insulated rear storage compartment provides plenty of refrigerated storage for your deli meats and salads.
    ",https://usr-content.s3.us-east-2.amazonaws.com/coldline/hdl-48-specsheet.pdf,https://usr-content.s3.us-east-2.amazonaws.com/coldline/refrigeration-warranty.pdf,https://usr-content.s3.us-east-2.amazonaws.com/coldline/hdl-series-manual.pdf
D53-B 53” Double Glass Swing Door Merchandising Freezer - Black,D53-B,1854,COLDLINE,"
                            <ul>
<li>Black coated steel exterior</li>
<li>Attractive aluminum liner with stainless steel floor interior</li>
<li>Refrigeration system maintains temperatures between -10°F and 0°F (-23°C to -18°C)</li>
<li>Self-closing double pane glass door with positive seal</li>
<li>Adjustable heavy-duty PVC coated shelves</li>
<li>LED interior lighting</li>
<li>Electronic control system makes it easy to adjust temperature set point and defrost frequency</li>
<li>Removable installation board makes it easy to access condenser coil for cleaning and service</li>
<li>Preinstalled heavy-duty casters with brakes</li>
<li>Hydro-Carbon R290 refrigerant</li>
<li>Swing doors</li>
<li>Equipped with NEMA 5-20P plug<br>
</li>
</ul>
                          ",https://usrbrands.com/cdn/shop/files/g53-showcase-angle_1_130x.jpg?v=1755744600,"
      Showcase your frozen foods or ice cream in this 53"" 2 glass door freezer merchandiser with LED lighting, 8 adjustable shelves, and heavy-duty lockable wheels standard. 2 self-closing anti-fog swing door provides easy access to your products. Standard 115V plug makes set up easy. Just plug it in and turn it on!
    ",https://usr-content.s3.us-east-2.amazonaws.com/coldline/d53-b-specsheet.pdf,https://usr-content.s3.us-east-2.amazonaws.com/coldline/refrigeration-warranty.pdf,https://usr-content.s3.us-east-2.amazonaws.com/coldline/g-d-series-merchandiser-manual.pdf
"Coldline SDC48-F 48"" Refrigerated Fish Display Case with Ice Bin and Drain",SDC48-F,1885,COLDLINE,"
                            <ul>
<li>48"" SuperMarket Seafood Display Case</li>
<li>Built-in Ice Bin and Drain</li>
<li>Auto Condensation Evaporating</li>
<li>8"" Deep SS304 Rear Work Surface</li>
<li>Lift Up Tempered Front Glass</li>
<li>Rear Refrigerated Storage</li>
<li>Brilliant LED Lighting</li>
</ul>
                          ",https://usrbrands.com/cdn/shop/files/kitchenall_meatdisplay_48inch_front__final__w_fish_1_1_130x.jpg?v=1755750491,"
      Showcase and storage your meats, prepared foods, and deli products with this modern and affordable curved glass deli case with lift up front glass by Coldline. Insulated rear storage doors provide plenty of refrigerated storage for your deli meats and salads, while the lift up curved front tempered glass makes cleaning painless.
    ",https://usr-content.s3.us-east-2.amazonaws.com/coldline/sdc48-f-specsheet.pdf,https://usr-content.s3.us-east-2.amazonaws.com/coldline/refrigeration-warranty.pdf,https://usr-content.s3.us-east-2.amazonaws.com/coldline/sdc-series-manual.pdf
"PDR-60-SG 60"" Refrigerated Pizza Prep with Refrigerated Glass Topping Rail",PDR-60-SG,1911,COLDLINE,"
                            <ul>
<li>Marble top refrigerated pizza prep table</li>
<li>Refrigerated prep rail with sneeze guard</li>
<li>Overall dimensions: 59.45""W X 31.5""D X 56""H</li>
<li>Interior dimensions: 41.5""W X 26.75""D X 22.62""H</li>
<li>Stainless steel interior and exterior</li>
<li>Bottom with rounded corners</li>
<li>33.1"" work surface height</li>
<li>Two adjustable epoxy-coated steel shelves</li>
<li>Foamed-in-place polyurethane insulation<br>
</li>
</ul>
                          ",https://usrbrands.com/cdn/shop/files/pdr-60-sg_angle_130x.jpg?v=1755592451,"
      Our pizza prep tables are built for today's chef - Keeping your food service operation running smoothly relies strongly on having the right tools and our Coldline Pizza Prep Tables do just that. Available in various sizes from small to large, our Pizza Prep Tables are made to cater from small kitchens to industrial sized ones.
    ",https://usr-content.s3.us-east-2.amazonaws.com/coldline/pdr-60-sg-specsheet.pdf,https://usr-content.s3.us-east-2.amazonaws.com/coldline/refrigeration-warranty.pdf,https://usr-content.s3.us-east-2.amazonaws.com/coldline/pdr-60-series-manual.pdf
D53-W 53″ White Double Glass Merchandiser Freezer,D53-W,1971,COLDLINE,"
                            
<ul>
    <li>White coated exterior</li>
    <li>Attractive aluminum liner with stainless steel floor</li>
    <li>Refrigeration system keeps food at safe temperatures</li>
    <li>Self-closing doors with 90 degree stay-open feature</li>
    <li>Adjustable heavy-duty PVC coated shelves</li>
    <li>Pull out door handle</li>
    <li>Electronic control system</li>
    <li>Preinstalled heavy-duty casters with brakes</li>
    <li>Removable installation board</li>
    <li>Hydro-Carbon R290 refrigerant</li>          
</ul>

                          ",https://usrbrands.com/cdn/shop/files/g53-white-showcase-angle_1_130x.jpg?v=1755744937,"
      This Coldline commercial glass door merchandiser freezer is perfect for restaurants, delis, bakeries, or cafes. It keeps your food products at safe temperatures.
    ",https://usr-content.s3.us-east-2.amazonaws.com/coldline/d53-w-specsheet.pdf,https://usr-content.s3.us-east-2.amazonaws.com/coldline/refrigeration-warranty.pdf,https://usr-content.s3.us-east-2.amazonaws.com/coldline/g-d-series-merchandiser-manual.pdf
"DIP-66 68"" Ice Cream Dipping Cabinet Freezer | (12) Tub Capacity",DIP-66,1975,COLDLINE,"
                            <ul>
<li>Ice Cream Dipping Cabinet</li>
<li>Glass Canopy with LED Lighting</li>
<li>Shelves and Tub Holders Included</li>
<li>(12) 3 gallon Tub Capacity</li>
<li>-14.8F to -0.4F Temperature Range</li>
</ul>
                          ",https://usrbrands.com/cdn/shop/files/dip68_angle_130x.jpg?v=1755750385,"
      Easily serve quality ice cream with the Coldline DIP-66 commercial ice cream dipping cabinet. This 68"" wide ice cream holding cabinet gives an enough storage capacity that can hold up to 20 (3) 12 liter gallon cans of ice cream. The 3 shelves that helps to maximize usage of the storage unit to store different flavors. 2 lid that provides easy access and safety of the ice cream.
    ",https://usrbrands.com/,https://usr-content.s3.us-east-2.amazonaws.com/coldline/refrigeration-warranty.pdf,https://usr-content.s3.us-east-2.amazonaws.com/coldline/dip-series-manual.pdf
"HDC48 48"" Refrigerated Curved Glass High Meat Deli Case with Rear Storage",HDC48,1997,COLDLINE,"
                            <ul>
<li>48"" Curved Glass Meat Deli Case</li>
<li>Top AND Botton Gravity Coils</li>
<li>Rear Refrigerated Storage</li>
<li>Brilliant LED Lighting</li>
<li>Sliding Rear Doors</li>
<li>Adjustable Shelves<br>
</li>
</ul>
                          ",https://usrbrands.com/cdn/shop/files/hdc36-delicase_130x.jpg?v=1724663837,"
      Showcase and storage your fish or seafood with this sleek, attractive, high end case design. Insulated rear storage compartment provides plenty of refrigerated storage for your products.
    ",https://usr-content.s3.us-east-2.amazonaws.com/coldline/hdc-48-specsheet.pdf,https://usr-content.s3.us-east-2.amazonaws.com/coldline/refrigeration-warranty.pdf,https://usr-content.s3.us-east-2.amazonaws.com/coldline/hdl-series-manual.pdf
G80-B 78” Triple Glass Swing Door Merchandising Refrigerator - Black,G80-B,2016,COLDLINE,"
                            
<ul>
    <li>Black coated exterior</li>
    <li>Attractive aluminum liner with stainless steel floor</li>
    <li>Refrigeration system keeps food at safe temperatures</li>
    <li>Self-closing doors with 90 degree stay-open feature</li>
    <li>Adjustable heavy-duty PVC coated shelves</li>
    <li>Pull out door handle</li>
    <li>Electronic control system</li>
    <li>Preinstalled heavy-duty casters with brakes</li>
    <li>Removable installation board</li>
    <li>Hydro-Carbon R290 refrigerant</li>    
</ul>

                          ",https://usrbrands.com/cdn/shop/files/g80-swing-showcase-angle_130x.jpg?v=1755593315,"
      Showcase your soda and food in this 78"" 3 glass door refrigerated merchandiser with L.E.D lighting, 12 adjustable shelves, and heavy-duty lockable wheels standard. 3 self-closing anti-fog swing door provides easy access to your products. Standard 115V plug makes set up easy. Just plug it in and turn it on!
    ",https://usr-content.s3.us-east-2.amazonaws.com/coldline/g80-b-specsheet.pdf,https://usr-content.s3.us-east-2.amazonaws.com/coldline/refrigeration-warranty.pdf,https://usr-content.s3.us-east-2.amazonaws.com/coldline/g-d-series-merchandiser-manual.pdf
"CPT-92 92"" Refrigerated Pizza Prep Table - 12 Pans",CPT-92,2028,COLDLINE,"
                            
<ul>
 	<li>Stainless steel interior and exterior</li>
 	<li>Refrigeration system keeps food at safe temperatures between 33°F and 41°F (0.5°C to 5°C)</li>
 	<li>Self-closing doors with 90-degree stay-open feature with locks and keys included</li>
 	<li>Adjustable heavy-duty PVC coated shelves</li>
 	<li>Cutting board and pans included</li>
 	<li>Recessed door handle</li>
 	<li>Electronic control system makes it easy to adjust temperature set point and defrost frequency</li>
 	<li>Pre-installed heavy-duty casters with brakes</li>
 	<li>Removable installation board makes it easy to access condenser coil for cleaning and service</li>
 	<li>Hydro-Carbon R290 refrigerant</li>
 	<li>Equipped with NEMA 5-15P plug</li>
</ul>

                          ",https://usrbrands.com/cdn/shop/files/cpt-92_angle.962_130x.jpg?v=1755592202,"
      Coldline CPT-92 92"" Refrigerated Pizza Prep unit features a large 20"" worksurface, perfect for any business serious about pizza. The durable stainless steel unit has 24.2 cubic feet of storage capacity and can hold 12 x 1/3 size pans in under the insulated rail lid. Self-closing doors and a 33-41 degree temp range ensure your food stays in the health department safe zone.
    ",https://usr-content.s3.us-east-2.amazonaws.com/coldline/cpt-92-specsheet.pdf,https://usr-content.s3.us-east-2.amazonaws.com/coldline/refrigeration-warranty.pdf,https://usr-content.s3.us-east-2.amazonaws.com/coldline/prep-table-undercounter-series-manual.pdf
"AOC-28-B 28"" Black High Profile Refrigerated Self-Serve Display Merchandiser",AOC-28-B,2032,COLDLINE,"
                            <ul>
<li>Digital controller</li>
<li>Automatic defrost</li>
<li>LED light for every shelf</li>
<li>An optional external drain included</li>
<li>Adjustable shelves</li>
<li>With price tag</li>
<li>30°F to 40°F temperature range</li>
<li>8"" front glass</li>
<li>cETLus</li>
</ul>
                          ",https://usrbrands.com/cdn/shop/files/aoc28-open-air-cooler-with-drinks-side_130x.jpg?v=1755749233,"
      With its modern black design, this merchandiser will effortlessly blend into any retail space, adding a touch of sophistication. Its ample 28"" size provides plenty of space to showcase your products effectively, attracting customers and boosting sales.
    ",https://usr-content.s3.us-east-2.amazonaws.com/coldline/aoc-28-b-specsheet.pdf,https://usr-content.s3.us-east-2.amazonaws.com/coldline/refrigeration-warranty.pdf,https://usr-content.s3.us-east-2.amazonaws.com/coldline/aoc-series-manual.pdf
"PDR-80-SG 80"" Refrigerated Pizza Prep with Refrigerated Glass Topping Rail",PDR-80-SG,2135,COLDLINE,"
                            <ul>
<li>Marble top refrigerated pizza prep table</li>
<li>Refrigerated topping rail and sneeze guard</li>
<li>Overall dimensions: 79.5""W X 31.5""D X 56.3""H</li>
<li>Interior dimensions: 65""W X 26.75""D X 22.62""H</li>
<li>Stainless steel interior and exterior</li>
<li>Bottom with rounded corners</li>
<li>33.1"" work surface height</li>
<li>Three adjustable epoxy-coated steel shelves</li>
<li>Foamed-in-place polyurethane insulation<br>
</li>
</ul>
                          ",https://usrbrands.com/cdn/shop/files/pdr-80-sg_angle_130x.jpg?v=1755592625,"
      Our pizza prep tables are built for today's chef - Keeping your food service operation running smoothly relies strongly on having the right tools and our Coldline Pizza Prep Tables do just that. Available in various sizes from small to large, our Pizza Prep Tables are made to cater from small kitchens to industrial sized ones.
    ",https://usr-content.s3.us-east-2.amazonaws.com/coldline/pdr-80-sg-specsheet.pdf,https://usr-content.s3.us-east-2.amazonaws.com/coldline/refrigeration-warranty.pdf,https://usr-content.s3.us-east-2.amazonaws.com/coldline/pdr-60-series-manual.pdf
"SDC72 72"" Refrigerated Curved Glass Meat Deli Case with Rear Storage",SDC72,2190,COLDLINE,"
                            <ul>
<li>72"" Curved Glass Meat Deli Case</li>
<li>Auto Condensation Evaporating</li>
<li>8"" Deep SS304 Rear Work Surface</li>
<li>Lift Up Tempered Front Glass</li>
<li>Rear Refrigerated Storage</li>
<li>Brilliant LED Lighting</li>
</ul>
                          ",https://usrbrands.com/cdn/shop/files/kitchenall_meatdisplay_72inch_perspective_angle__final__1_130x.jpg?v=1755748293,"
      Showcase and storage your meats, prepared foods, and deli products with this modern and affordable curved glass deli case with lift up front glass by Coldline. Insulated rear storage doors provide plenty of refrigerated storage for your deli meats and salads, while the lift up curved front tempered glass makes cleaning painless.
    ",https://usr-content.s3.us-east-2.amazonaws.com/coldline/sdc72-specsheet.pdf,https://usr-content.s3.us-east-2.amazonaws.com/coldline/refrigeration-warranty.pdf,https://usr-content.s3.us-east-2.amazonaws.com/coldline/sdc-series-manual.pdf
"HDL60 60"" Refrigerated Slanted Glass High Meat Deli Case with Rear Storage",HDL60,2239,COLDLINE,"
                            <ul>
<li>60"" Slanted Glass Meat Deli Case</li>
<li>Double Gravity Coil System</li>
<li>Rear Refrigerated Storage</li>
<li>Brilliant LED Lighting</li>
<li>Sliding Rear Doors</li>
<li>Adjustable Shelves</li>
</ul>
                          ",https://usrbrands.com/cdn/shop/files/hdl60-deli-food_130x.jpg?v=1724664125,"
      Showcase and storage your meats, prepared foods, and deli products with this sleek, attractive, high end case design. Insulated rear storage compartment provides plenty of refrigerated storage for your deli meats and salads.
    ",https://usr-content.s3.us-east-2.amazonaws.com/coldline/hdl-60-specsheet.pdf,https://usr-content.s3.us-east-2.amazonaws.com/coldline/refrigeration-warranty.pdf,https://usr-content.s3.us-east-2.amazonaws.com/coldline/hdl-series-manual.pdf
GRANITA-3X Triple 3 Bowl Pourover Granita Slush Machine - 9.6 Gallon,GRANITA-3X,2352,COLDLINE,"
                            <ul>
<li>Pourover Granita / Slushy / Frozen Beverage Dispenser</li>
<li>Three independently operated 3.2 gallon (12 liter) bowls</li>
<li>Digital control includes Slush mode and Beverage mode</li>
<li>Attractive black stainless steel front</li>
<li>High-density anti-cracking polycarbonate bowls</li>
<li>Brilliant built-in LED lighting</li>
<li>Quick defrost feature speeds up the thawing process for frozen mix after service</li>
<li>Hinged lids for convenient access and effortless filling</li>
<li>Adjustable product consistency</li>
<li>Hydro-Carbon R290 refrigerant</li>
<li>Enhanced auger drive system and seal design for reliable performance</li>
<li>Transparent bowl encourages impulse purchasing</li>
<li>Slush, sorbet, margaritas and more</li>
<li>Perfect solution for restaurants, convenience stores, bars, amusement parks, kiosks, and much more</li>
</ul>
                          ",,"
      Ideal for serving frozen delights such as slushies, sorbets, granitas, and even alcoholic beverages, this granita / slushy / frozen beverage machine with digital control is guaranteed to boost beverage sales at any establishment by showcasing the enticing specialties you have available! With the ability to accommodate alcoholic mixes, this machine is perfect for bars aiming to offer alcoholic slushies, expanding their drink menu with ease!
    ",https://usr-content.s3.us-east-2.amazonaws.com/coldline/granita-3x-specsheet.pdf,https://usr-content.s3.us-east-2.amazonaws.com/coldline/coldline-one-year-warranty.pdf,https://usrbrands.com/products/granita-3x-triple-3-bowl-pourover-granita-slush-machine-9-6-gallon
"C-2FF-TM 54"" Solid Door Commercial Top Mount Reach-In Freezer",C-2FF-TM,2388,COLDLINE,"
                            <ul>
<li>Durable S/S Interior &amp; Exterior</li>
<li>Interior LED Lighting</li>
<li>Self Closing &amp; Stay Open Door</li>
<li>Casters and Door Locks Included</li>
<li>Supports Tray Slides (Sets of 2)<br>
</li>
</ul>
                          ",https://usrbrands.com/cdn/shop/files/c-2rr-tm_side_1_130x.jpg?v=1755746808,"
      Hold ultra low temperatures down to -7 degrees in the Coldline reach in commercial freezer. Whether you are storing ice cream or frozen foods, the reach in units will meet the needs of the highest volume bakeries and restaurants. With durable stainless steel interior and exterior and 3 corrosion resistant shelves that hold up to 120 lb each, this heavy duty commercial freezer is built to last. 
    ",https://usr-content.s3.us-east-2.amazonaws.com/coldline/c-2ff-tm-specsheet.pdf,https://usr-content.s3.us-east-2.amazonaws.com/coldline/refrigeration-warranty.pdf,https://usr-content.s3.us-east-2.amazonaws.com/coldline/top-mount-reach-in-series-manual.pdf
"Coldline SDC72-F 72"" Refrigerated Fish Display Case with Ice Bin and Drain",SDC72-F,2444,COLDLINE,"
                            <ul>
<li>72"" SuperMarket Seafood Display Case</li>
<li>Built-in Ice Bin and Drain</li>
<li>8"" Deep SS304 Rear Work Surface</li>
<li>Lift Up Tempered Front Glass</li>
<li>Rear Refrigerated Storage</li>
<li>Brilliant LED Lighting</li>
</ul>
                          ",https://usrbrands.com/cdn/shop/files/kitchenall_meatdisplay_72inch_front__final__w_fish_1_1_130x.jpg?v=1755750638,"
      Showcase and storage your meats, prepared foods, and deli products with this modern and affordable curved glass deli case with lift up front glass by Coldline. Insulated rear storage doors provide plenty of refrigerated storage for your deli meats and salads, while the lift up curved front tempered glass makes cleaning painless.
    ",https://usr-content.s3.us-east-2.amazonaws.com/coldline/sdc72-f-specsheet.pdf,https://usr-content.s3.us-east-2.amazonaws.com/coldline/refrigeration-warranty.pdf,https://usr-content.s3.us-east-2.amazonaws.com/coldline/sdc-series-manual.pdf
"AOC-36-B 36"" Black High Profile Refrigerated Self-Serve Display Merchandiser",AOC-36-B,2449,COLDLINE,"
                            <ul>
<li>Digital controller</li>
<li>Automatic defrost</li>
<li>LED light for every shelf</li>
<li>An optional external drain included</li>
<li>Adjustable shelves</li>
<li>With price tag</li>
<li>8"" front glass</li>
<li>30°F to 40°F temperature range</li>
<li>cETLus</li>
</ul>
                          ",https://usrbrands.com/cdn/shop/files/aoc36-open-air-cooler-with-drinks-side_130x.jpg?v=1755749333,"
      With its modern black design, this merchandiser will effortlessly blend into any retail space, adding a touch of sophistication. Its ample 36"" size provides plenty of space to showcase your products effectively, attracting customers and boosting sales.
    ",https://usr-content.s3.us-east-2.amazonaws.com/coldline/aoc-36-b-specsheet.pdf,https://usr-content.s3.us-east-2.amazonaws.com/coldline/refrigeration-warranty.pdf,https://usr-content.s3.us-east-2.amazonaws.com/coldline/aoc-series-manual.pdf
"DIP-88 89"" Ice Cream Dipping Cabinet Freezer | (16) Tub Capacity",DIP-88,2496,COLDLINE,"
                            <ul>
<li>Ice Cream Dipping Cabinet</li>
<li>Glass Canopy with LED Lighting</li>
<li>Shelves and Tub Holders Included</li>
<li>(16) 3 gallon Tub Capacity</li>
<li>-14.8F to -0.4F temperature range</li>
</ul>
                          ",https://usrbrands.com/cdn/shop/files/dip88_angle_130x.jpg?v=1755750291,"
      Easily serve quality ice cream with the Coldline DIP-88 commercial ice cream dipping cabinet. This 89"" wide ice cream holding cabinet gives an enough storage capacity that can hold up to 28 (3) 12 liter gallon cans of ice cream. The 4 shelves that helps to maximize usage of the storage unit to store different flavors. 2 lid that provides easy access and safety of the ice cream. 
    ",https://usrbrands.com/,https://usr-content.s3.us-east-2.amazonaws.com/coldline/refrigeration-warranty.pdf,https://usr-content.s3.us-east-2.amazonaws.com/coldline/dip-series-manual.pdf
"HDL72 72"" Refrigerated Slanted Glass High Meat Deli Case with Rear Storage",HDL72,2567,COLDLINE,"
                            <ul>
<li>72"" Slanted Glass Meat Deli Case</li>
<li>Double Gravity Coil System</li>
<li>Rear Refrigerated Storage</li>
<li>Brilliant LED Lighting</li>
<li>Sliding Rear Doors</li>
<li>Adjustable Shelves</li>
</ul>
                          ",https://usrbrands.com/cdn/shop/files/hdl72-raw-meat-deli-case_1_130x.jpg?v=1687746498,"
      Showcase and storage your meats, prepared foods, and deli products with this sleek, attractive, high end case design. Insulated rear storage compartment provides plenty of refrigerated storage for your deli meats and salads.
    ",https://usr-content.s3.us-east-2.amazonaws.com/coldline/hdl-72-specsheet.pdf,https://usr-content.s3.us-east-2.amazonaws.com/coldline/refrigeration-warranty.pdf,https://usr-content.s3.us-east-2.amazonaws.com/coldline/hdl-series-manual.pdf
"C-3RE 81"" Triple Door Reach-In Refrigerator",C-3RE,2578,COLDLINE,"
                            <ul>
<li>Stainless steel interior and exterior</li>
<li>Refrigeration system keeps food at safe temperatures between 33°F and 41°F (0.5°C to 5°C)</li>
<li>Self-closing doors with 90 degree stay-open feature with locks and keys included</li>
<li>Adjustable heavy-duty PVC coated shelves</li>
<li>Optional glass door</li>
<li>Internal lighting</li>
<li>Electronic control system makes it easy to adjust temperature set point and defrost frequency</li>
<li>Preinstalled heavy-duty casters with brakes</li>
<li>Removable installation board makes it easy to access condenser coil for cleaning and service</li>
<li>Hydro-Carbon R290 refrigerant</li>
<li>Equipped with NEMA 5-15P plug</li>
</ul>
                          ",,"
      This triple door reach-in refrigerator with 72 cubic feet capacity features a heavy-duty stainless steel interior and exterior, ensuring many years of dependability in even the most demanding commercial settings. Insulated self-closing lockable doors allow units to hold safe temperatures in the hottest kitchens. Included 9 wire shelves with clips. Lockable heavy-duty wheels come standard. This unit uses HYDRO-CARBON R290 refrigerant, which is environmentally friendly and more efficient than R134a/R404a refrigerant.
    ",https://usr-content.s3.us-east-2.amazonaws.com/coldline/c-3fe-specsheet.pdf,https://usr-content.s3.us-east-2.amazonaws.com/coldline/refrigeration-warranty.pdf,https://usr-content.s3.us-east-2.amazonaws.com/coldline/reach-in-series-manual.pdf
"HDC72 72"" Refrigerated Curved Glass High Meat Deli Case with Rear Storage",HDC72,2742,COLDLINE,"
                            <ul>
<li>72"" Curved Glass Meat Deli Case</li>
<li>Top AND Botton Gravity Coils</li>
<li>Rear Refrigerated Storage</li>
<li>Brilliant LED Lighting</li>
<li>Sliding Rear Doors</li>
<li>Adjustable Shelves<br>
</li>
</ul>
                          ",https://usrbrands.com/cdn/shop/files/hdc72-deli-case_130x.jpg?v=1724663966,"
      Showcase and storage your fish or seafood with this sleek, attractive, high end case design. Insulated rear storage compartment provides plenty of refrigerated storage for your products.
    ",https://usr-content.s3.us-east-2.amazonaws.com/coldline/hdc-72-specsheet.pdf,https://usr-content.s3.us-east-2.amazonaws.com/coldline/refrigeration-warranty.pdf,https://usr-content.s3.us-east-2.amazonaws.com/coldline/hdl-series-manual.pdf
"Coldline C-2RF 54"" Two Solid Door Dual Temperature Commercial Reach-In Refrigerator, Freezer Combo - Stainless Steel",C-2RF,2792,COLDLINE,"
                            <ul>
<li>Reach-In dual temperature refrigerator/freezer combo</li>
<li>Left refrigerator cabinet and right freezer cabinet</li>
<li>Refrigerator capacity: 21 cu. ft., Freezer capacity: 21 cu. ft.</li>
<li>(6) adjustable / removable epoxy coated wire shelves</li>
<li>Independent digital controls</li>
<li>LED interior lighting</li>
<li>Durable stainless steel interior &amp; exterior</li>
<li>Pre-installed 5"" casters, two with brakes</li>
<li>Interior dimensions: 26.69"" x 46.02"" x 58.86""</li>
<li>Refrigerator cabinet temperature range: 33 - 41 F</li>
<li>Freezer cabinet temperature range: -4 - 4 F<br>
</li>
</ul>
                          ",https://usrbrands.com/cdn/shop/files/c-2rf-refrigerator-freezer-combo-front_130x.jpg?v=1728447741,"
      Maximize your kitchen efficiency with the Coldline C-2RF 54"" stainless steel solid door dual temperature reach-in refrigerator/freezer combo. With a freezer section on the right and a refrigerated section on the left, this versatile model offers 42 cu. ft. of space, allowing you to store both chilled and frozen products.
    ",https://usr-content.s3.us-east-2.amazonaws.com/coldline/c-2rf-specsheet.pdf,https://usr-content.s3.us-east-2.amazonaws.com/coldline/refrigeration-warranty.pdf,https://usrbrands.com/products/coldline-c-2rf-54-two-solid-door-dual-temperature-commercial-reach-in-refrigerator-freezer-combo-stainless-steel
"Coldline AOC-46-B 46"" Black High Profile Refrigerated Self-Serve Display Merchandiser",AOC-46-B,2804,COLDLINE,"
                            <ul>
<li>Digital controller</li>
<li>Automatic defrost</li>
<li>LED light for every shelf</li>
<li>An optional external drain included</li>
<li>Adjustable shelves</li>
<li>With price tag</li>
<li>8"" front glass</li>
<li>30°F to 40°F temperature range</li>
<li>cETLus</li>
</ul>
                          ",https://usrbrands.com/cdn/shop/files/aoc46-open-air-cooler-with-drinks_130x.jpg?v=1755749462,"
      With its modern black design, this merchandiser will effortlessly blend into any retail space, adding a touch of sophistication. Its ample 46"" size provides plenty of space to showcase your products effectively, attracting customers and boosting sales.
    ",https://usr-content.s3.us-east-2.amazonaws.com/coldline/aoc-46-b-specsheet.pdf,https://usr-content.s3.us-east-2.amazonaws.com/coldline/refrigeration-warranty.pdf,https://usr-content.s3.us-east-2.amazonaws.com/coldline/aoc-series-manual.pdf
"C-3FE 81"" Triple Door Reach-In Freezer",C-3FE,2851,COLDLINE,"
                            <ul>
<li>Stainless steel interior and exterior</li>
<li>Refrigeration system keeps food at safe temperatures between -8°F and 0°F</li>
<li>Self-closing doors with 90 degree stay-open feature with locks and keys included</li>
<li>Adjustable heavy-duty PVC coated shelves</li>
<li>Optional glass door</li>
<li>Internal lighting</li>
<li>Electronic control system makes it easy to adjust temperature set point and defrost frequency</li>
<li>Preinstalled heavy-duty casters with brakes</li>
<li>Removable installation board makes it easy to access condenser coil for cleaning and service</li>
<li>Hydro-Carbon R290 refrigerant</li>
<li>Equipped with NEMA 5-20P plug</li>
</ul>
                          ",https://usrbrands.com/cdn/shop/files/c-3re_angle_1_1_130x.jpg?v=1755746496,"
      This triple door reach in freezer with 72 cubic feet capacity features a heavy-duty stainless steel interior and exterior, ensuring many years of dependability in even the most demanding commercial settings. Insulated self-closing lockable doors allow units to hold safe temperatures in the hottest kitchens. Included 9 wire shelves with clips. Lockable heavy-duty wheels come standard. This unit uses HYDRO-CARBON R290 refrigerant, which is environmentally friendly and more efficient than R134a/R404a refrigerant.
    ",https://usr-content.s3.us-east-2.amazonaws.com/coldline/c-3fe-specsheet.pdf,https://usr-content.s3.us-east-2.amazonaws.com/coldline/refrigeration-warranty.pdf,https://usr-content.s3.us-east-2.amazonaws.com/coldline/reach-in-series-manual.pdf
"HDL84 84"" Refrigerated Slanted Glass High Meat Deli Case with Rear Storage",HDL84,2896,COLDLINE,"
                            <ul>
<li>84"" Slanted Glass Meat Deli Case</li>
<li>Double Gravity Coil System</li>
<li>Rear Refrigerated Storage</li>
<li>Brilliant LED Lighting</li>
<li>Sliding Rear Doors</li>
<li>Adjustable Shelves</li>
</ul>
                          ",https://usrbrands.com/cdn/shop/files/hdl84_130x.jpg?v=1695983693,"
      Showcase and storage your meats, prepared foods, and deli products with this sleek, attractive, high end case design. Insulated rear storage compartment provides plenty of refrigerated storage for your deli meats and salads.
    ",https://usr-content.s3.us-east-2.amazonaws.com/coldline/hdl-84-specsheet.pdf,https://usr-content.s3.us-east-2.amazonaws.com/coldline/refrigeration-warranty.pdf,https://usr-content.s3.us-east-2.amazonaws.com/coldline/hdl-series-manual.pdf
"Coldline SDC98 102"" Refrigerated Curved Glass Meat Deli Case with Rear Storage",SDC98,3000,COLDLINE,"
                            <ul>
<li>98"" Curved Glass Meat Deli Case</li>
<li>Auto Condensation Evaporating</li>
<li>8"" Deep SS304 Rear Work Surface</li>
<li>Lift Up Tempered Front Glass</li>
<li>Rear Refrigerated Storage</li>
<li>Brilliant LED Lighting</li>
</ul>
                          ",https://usrbrands.com/cdn/shop/files/kitchenall_meatdisplay_98inch_perspective_angle__final_130x.jpg?v=1755748375,"
      Showcase and storage your meats, prepared foods, and deli products with this modern and affordable curved glass deli case with lift up front glass by Coldline. Insulated rear storage doors provide plenty of refrigerated storage for your deli meats and salads, while the lift up curved front tempered glass makes cleaning painless.
    ",https://usr-content.s3.us-east-2.amazonaws.com/coldline/sdc98-specsheet.pdf,https://usr-content.s3.us-east-2.amazonaws.com/coldline/refrigeration-warranty.pdf,https://usr-content.s3.us-east-2.amazonaws.com/coldline/sdc-series-manual.pdf
"HDC84 84"" Refrigerated Curved Glass High Meat Deli Case with Rear Storage",HDC84,3146,COLDLINE,"
                            <ul>
<li>84"" Curved Glass Meat Deli Case</li>
<li>Top AND Botton Gravity Coils</li>
<li>Rear Refrigerated Storage</li>
<li>Brilliant LED Lighting</li>
<li>Sliding Rear Doors</li>
<li>Adjustable Shelves<br>
</li>
</ul>
                          ",https://usrbrands.com/cdn/shop/files/hdc84-delicase_130x.jpg?v=1739935688,"
      Showcase and storage your fish or seafood with this sleek, attractive, high end case design. Insulated rear storage compartment provides plenty of refrigerated storage for your products.
    ",https://usr-content.s3.us-east-2.amazonaws.com/coldline/hdc-84-specsheet.pdf,https://usr-content.s3.us-east-2.amazonaws.com/coldline/refrigeration-warranty.pdf,https://usr-content.s3.us-east-2.amazonaws.com/coldline/hdl-series-manual.pdf
"SOC-51-W 51"" White High Profile Refrigerated Self-Serve Display Merchandiser",SOC-51-W,3174,COLDLINE,"
                            <ul>
<li>LED light for every shelf</li>
<li>With night curtain</li>
<li>Automatic dfrost</li>
<li>Digital controller</li>
<li>33.8 °F to 42.8°F temperature range</li>
<li>ETL, ETL-Sanitation</li>
<li>Finned evaporator</li>
<li>4"" front glass</li>
</ul>
                          ",https://usrbrands.com/cdn/shop/files/soc-51-w-open-air_15d60181-86ae-48c5-a606-3a3117149fb3_130x.jpg?v=1743994094,"
      Coldline SOC-51-W 51"" White Refrigerated Air Curtain Merchandiser features LED lighting for each (4)shelf, and will improve impulse sales while keeping your salads, dairy, deli or baked goods it safe cold temperatures. The built-in condensation evaporating systems means no drain required.
    ",https://usr-content.s3.us-east-2.amazonaws.com/coldline/soc-51-w-specsheet.pdf,https://usr-content.s3.us-east-2.amazonaws.com/coldline/refrigeration-warranty.pdf,https://usr-content.s3.us-east-2.amazonaws.com/coldline/soc-series-manual.pdf
"SOC-51-B 51"" High Profile Refrigerated Self-Serve Display Merchandiser",SOC-51-B,3174,COLDLINE,"
                            <ul>
<li>LED light for every shelf</li>
<li>With night curtain</li>
<li>Automatic dfrost</li>
<li>Digital controller</li>
<li>33.8 °F to 42.8°F temperature range</li>
<li>ETL, ETL-Sanitation</li>
<li>Finned evaporator</li>
<li>4"" front glass</li>
</ul>
                          ",https://usrbrands.com/cdn/shop/files/soc-51-b_1_1_d41cbcad-317e-4ca5-8910-006c8755fb15_130x.jpg?v=1743994215,"
      Coldline SOC-51-B 51"" Black Refrigerated Air Curtain Merchandiser features LED lighting for each (4)shelf, and will improve impulse sales while keeping your salads, dairy, deli or baked goods it safe cold temperatures. The built-in condensation evaporating systems means no drain required.
    ",https://usr-content.s3.us-east-2.amazonaws.com/coldline/soc-51-b-specsheet.pdf,https://usr-content.s3.us-east-2.amazonaws.com/coldline/refrigeration-warranty.pdf,https://usr-content.s3.us-east-2.amazonaws.com/coldline/soc-series-manual.pdf
Coldline SDC98-F 102” Refrigerated Fish Display Case with Ice Bin and Drain,SDC98-F,3340,COLDLINE,"
                            <ul>
<li>98"" SuperMarket Seafood Display Case</li>
<li>Built-in Ice Bin and Drain</li>
<li>8"" Deep SS304 Rear Work Surface</li>
<li>Lift Up Tempered Front Glass</li>
<li>Rear Refrigerated Storage</li>
<li>Brilliant LED Lighting</li>
</ul>
                          ",https://usrbrands.com/cdn/shop/files/kitchenall_meatdisplay_98inch_front__final__w_fish_1_130x.jpg?v=1755750863,"
      Showcase and storage your meats, prepared foods, and deli products with this modern and affordable curved glass deli case with lift up front glass by Coldline. Insulated rear storage doors provide plenty of refrigerated storage for your deli meats and salads, while the lift up curved front tempered glass makes cleaning painless.
    ",https://usr-content.s3.us-east-2.amazonaws.com/coldline/sdc98-f-specsheet.pdf,https://usr-content.s3.us-east-2.amazonaws.com/coldline/refrigeration-warranty.pdf,https://usr-content.s3.us-east-2.amazonaws.com/coldline/sdc-series-manual.pdf
"Coldline SOCD-51-B 51"" Black Deep High Profile Refrigerated Self-Serve Display Merchandiser",SOCD-51-B,3350,COLDLINE,"
                            <ul>
<li>31.5'' depth deep merchandiser</li>
<li>Solid side panels</li>
<li>LED light for every shelf</li>
<li>With night curtain</li>
<li>Automatic dfrost</li>
<li>Digital controller</li>
<li>30.2°F - 44.6°F</li>
<li>ETL, ETL-Sanitation</li>
<li>Finned evaporator</li>
<li>4"" front glass</li>
</ul>
                          ",https://usrbrands.com/cdn/shop/files/socd-51-b_fa5cfa9d-f7b1-4859-948c-6363a1db9af0_130x.jpg?v=1743993987,"
      Coldline SOCD-51-B 51"" Deep Refrigerated Merchandiser features LED lighting for each (4)shelf, and will improve impulse sales while keeping your salads, dairy, deli or baked goods it safe cold temperatures. The built-in condensation evaporating systems means no drain required.
    ",https://usr-content.s3.us-east-2.amazonaws.com/coldline/socd-51-b-specsheet.pdf,https://usr-content.s3.us-east-2.amazonaws.com/coldline/refrigeration-warranty.pdf,https://usr-content.s3.us-east-2.amazonaws.com/coldline/soc-series-manual.pdf
"SOC-61-W 61"" White High Profile Refrigerated Self-Serve Display Merchandiser",SOC-61-W,3563,COLDLINE,"
                            <ul>
<li>LED light for every shelf</li>
<li>With night curtain</li>
<li>Automatic dfrost</li>
<li>Digital controller</li>
<li>
<span data-mce-fragment=""1"">30.2 °F to 44.6°F</span> temperature range</li>
<li>ETL, ETL-Sanitation</li>
<li>Finned evaporator</li>
<li>4"" front glass</li>
</ul>
                          ",https://usrbrands.com/cdn/shop/files/soc-61-w-open-air_31badfcd-2719-4a47-850e-f89bee29dab9_130x.jpg?v=1743994035,"
      Coldline SOC-61-W 51"" White Refrigerated Air Curtain Merchandiser features LED lighting for each (4)shelf, and will improve impulse sales while keeping your salads, dairy, deli or baked goods it safe cold temperatures. The built-in condensation evaporating systems means no drain required.
    ",https://usr-content.s3.us-east-2.amazonaws.com/coldline/soc-61-w-specsheet.pdf,https://usr-content.s3.us-east-2.amazonaws.com/coldline/refrigeration-warranty.pdf,https://usr-content.s3.us-east-2.amazonaws.com/coldline/soc-series-manual.pdf
"SOC-61-B 61"" Black High Profile Refrigerated Self-Serve Display Merchandiser",SOC-61-B,3563,COLDLINE,"
                            <ul>
<li>LED light for every shelf</li>
<li>With night curtain</li>
<li>Automatic dfrost</li>
<li>Digital controller</li>
<li>33.8 °F to 42.8°F temperature range</li>
<li>ETL, ETL-Sanitation</li>
<li>Finned evaporator</li>
<li>4"" front glass</li>
</ul>
                          ",https://usrbrands.com/cdn/shop/files/soc-61-b_1_3cae48db-3470-44da-934d-f0d4fc89b49c_130x.jpg?v=1743994195,"
      Coldline SOC61-B 61"" Black Refrigerated Air Curtain Merchandiser features LED lighting for each (4)shelf, and will improve impulse sales while keeping your salads, dairy, deli or baked goods it safe cold temperatures. The built-in condensation evaporating systems means no drain required.
    ",https://usr-content.s3.us-east-2.amazonaws.com/coldline/soc-61-b-specsheet.pdf,https://usr-content.s3.us-east-2.amazonaws.com/coldline/refrigeration-warranty.pdf,https://usr-content.s3.us-east-2.amazonaws.com/coldline/soc-series-manual.pdf
"G4-B 98"" Four Glass Door Merchandiser Refrigerator with LED Lighting, Black",G4-B,3696,COLDLINE,"
                            <ul>
<li>Low-E double pane swing glass doors</li>
<li>Anti-fogging tempered&nbsp;</li>
<li>Digital temperature control<br>
</li>
<li><span>32 F to 41 F</span></li>
<li>Interior vertical brilliant LED lights<br>
</li>
<li>16 adjustable shelves</li>
<li>10 Pre-installed low-profile casters<br>
</li>
<li>Hydro-Carbon R290 refrigerant</li>
</ul>
                          ",https://usrbrands.com/cdn/shop/files/g4-b_130x.jpg?v=1724328928,"
      This Coldline G4-B 98"" commercial 4 swing glass door merchandiser refrigerator is perfect for grocery stores, supermarkets and restaurants etc. It keeps your food products at safe temperatures. Create an enticing display, attract customers, and increase sales by showcasing your products in a sleek and practical manner.
    ",https://usr-content.s3.us-east-2.amazonaws.com/coldline/g4-b-specsheet.pdf,https://usr-content.s3.us-east-2.amazonaws.com/coldline/refrigeration-warranty.pdf,https://usrbrands.com/products/d4-b-98-four-glass-door-merchandiser-refrigerator-with-led-lighting-black
D80-B 79” Triple Glass Swing Door Merchandising Freezer - Black,D80-B,3803,COLDLINE,"
                            
<ul>
 	<li>Black coated steel exterior</li>
 	<li>Attractive aluminum liner with stainless steel floor interior</li>
 	<li>Refrigeration system maintains temperatures between -10°F and 0°F (-23°C to -18°C)</li>
 	<li>Self-closing double pane glass door with positive seal</li>
 	<li>Adjustable heavy-duty PVC coated shelves</li>
 	<li>LED interior lighting</li>
 	<li>Electronic control system makes it easy to adjust temperature set point and defrost frequency</li>Removable installation board makes it easy to access condenser coil for cleaning and service
 	<li>Preinstalled heavy-duty casters with brakes</li>
 	<li>Hydro-Carbon R290 refrigerant</li>
 	<li>Swing doors</li>
 	<li>Equipped with NEMA 5-20P plug</li>
 	<li>1 year warranty, 5 year compressor manufacturer warranty</li>
</ul>

                          ",https://usrbrands.com/cdn/shop/files/g80-swing-showcase-angle_1_130x.jpg?v=1755744689,"
      This Coldline D80-B 79"" commercial 3 swing glass door merchandiser freezer is perfect for restaurants, delis, bakeries, or cafes. It keeps your food products at safe temperatures. Create an enticing display, attract customers, and increase sales by showcasing your products in a sleek and practical manner.
    ",https://usr-content.s3.us-east-2.amazonaws.com/coldline/d80-b-specsheet.pdf,https://usr-content.s3.us-east-2.amazonaws.com/coldline/refrigeration-warranty.pdf,https://usr-content.s3.us-east-2.amazonaws.com/coldline/g-d-series-merchandiser-manual.pdf
"Coldline SOCD-61-B 61"" Black Deep High Profile Refrigerated Self-Serve Display Merchandiser",SOCD-61-B,3896,COLDLINE,"
                            <ul>
<li>31.5'' depth deep merchandiser</li>
<li>Solid side panels</li>
<li>LED light for every shelf</li>
<li>With night curtain</li>
<li>Automatic defrost</li>
<li>Digital controller</li>
<li>30.2°F - 44.6°F</li>
<li>ETL, ETL-Sanitation</li>
<li>Finned evaporator</li>
<li>4"" front glass</li>
</ul>
                          ",https://usrbrands.com/cdn/shop/files/soc-76-open-air-merchandiser_48973113-9cdc-4e1a-9bc4-f45ae40c4008_130x.jpg?v=1743993955,"
      Coldline SOCD-61-B 61"" Deep Refrigerated Merchandiser features LED lighting for each (4)shelf, and will improve impulse sales while keeping your salads, dairy, deli or baked goods it safe cold temperatures. The built-in condensation evaporating systems means no drain required.
    ",https://usr-content.s3.us-east-2.amazonaws.com/coldline/socd-61-b-specsheet.pdf,https://usr-content.s3.us-east-2.amazonaws.com/coldline/refrigeration-warranty.pdf,https://usr-content.s3.us-east-2.amazonaws.com/coldline/soc-series-manual.pdf
"D4-B 98"" Four Glass Door Merchandiser Freezer with LED Lighting, Black",D4-B,4611,COLDLINE,"
                            <ul>
<li>Low-E double pane swing glass doors</li>
<li>Anti-fogging tempered&nbsp;</li>
<li>Digital temperature control<br>
</li>
<li><span> -8 F to 1 F</span></li>
<li>Interior vertical brilliant LED lights</li>
<li>Automatic defrost</li>
<li>16 adjustable shelves</li>
<li>10 Pre-installed low-profile casters<br>
</li>
</ul>
                          ",https://usrbrands.com/cdn/shop/files/d4-b_130x.jpg?v=1724327997,"
      This Coldline D4-B 98"" commercial 4 swing glass door merchandiser freezer is perfect for grocery stores, supermarkets and restaurants etc. It keeps your food products at safe temperatures. Create an enticing display, attract customers, and increase sales by showcasing your products in a sleek and practical manner.
    ",https://usr-content.s3.us-east-2.amazonaws.com/coldline/d4-b-specsheet.pdf,https://usr-content.s3.us-east-2.amazonaws.com/coldline/refrigeration-warranty.pdf,https://usrbrands.com/products/d4-b-98-four-glass-door-merchandiser-freezer-with-led-lighting-black
"Coldline SOCD-76-B 76"" Black Deep High Profile Refrigerated Self-Serve Display Merchandiser",SOCD-76-B,4656,COLDLINE,"
                            <ul>
<li>31.5'' depth deep merchandiser</li>
<li>Solid side panels</li>
<li>LED light for every shelf</li>
<li>With night curtain</li>
<li>Automatic dfrost</li>
<li>Digital controller</li>
<li>30.2°F - 44.6°F</li>
<li>ETL, ETL-Sanitation</li>
<li>Finned evaporator</li>
<li>4"" front glass</li>
</ul>
                          ",https://usrbrands.com/cdn/shop/files/socd-76-b_2_c540a086-7c87-4712-868c-12b198df5463_130x.jpg?v=1743993924,"
      Coldline SOCD-76-B 76"" Deep Refrigerated Merchandiser features LED lighting for each (8)shelf, and will improve impulse sales while keeping your salads, dairy, deli or baked goods it safe cold temperatures. The built-in condensation evaporating systems means no drain required.
    ",https://usr-content.s3.us-east-2.amazonaws.com/coldline/socd-76-b-specsheet.pdf,https://usr-content.s3.us-east-2.amazonaws.com/coldline/refrigeration-warranty.pdf,https://usr-content.s3.us-east-2.amazonaws.com/coldline/soc-series-manual.pdf
"Coldline UC-27FT 27"" Undercounter Worktop Freezer",UC-27FT,,COLDLINE,"
                            <ul>
<li>27"" W Undercounter Refrigerator</li>
<li>Stay-open, self-closing door</li>
<li>Digital temperature controller</li>
<li>430 stainless steel exterior and interior</li>
<li>Built-in recessed handle</li>
<li>Auto-defrost</li>
<li>Foamed-in-place polyurethane insulation</li>
<li>Pre-installed casters, two with brakes</li>
<li>Adjustable PVC-coated shelf</li>
<li>-8 to 0 degrees Fahrenheit temperature range<br>
</li>
</ul>
                          ",https://usrbrands.com/cdn/shop/files/uct27_undercounter-refrigerator-front_1_16ca338c-2834-4160-90ed-64ed1f63d05b_130x.jpg?v=1745837633,"
      Fit your commercial freezer under a counter or worktable, or use it as a worktop freezer with the Coldline 27"" commercial undercounter freezer. Each unit features a durable stainless steel exterior and interior including a heavy duty 2"" stainless steel work surface strong enough for cutting or mixing and smooth enough to prepare foods. the 29.5"" depth is narrow enough to fit into small kitchens or even behind a bar or counter in your shop. All units come with pre-installed casters and shelves. 5"" removeable backsplash is optional.
    ",https://usr-content.s3.us-east-2.amazonaws.com/coldline/uc-27ft-specsheet.pdf,https://usr-content.s3.us-east-2.amazonaws.com/coldline/refrigeration-warranty.pdf,https://usrbrands.com/products/coldline-uc-27ft-27-undercounter-worktop-freezer
"Coldline UC-36RT 36"" Undercounter Worktop Refrigerato",UC-36RT,,COLDLINE,"
                            <ul>
<li>36.25"" W Undercounter Refrigerator</li>
<li>Stay-open, self-closing doors</li>
<li>Digital temperature controller</li>
<li>430 stainless steel exterior and interior</li>
<li>Built-in recessed handle</li>
<li>Auto-defrost</li>
<li>Foamed-in-place polyurethane insulation</li>
<li>Pre-installed casters, two with brakes</li>
<li>2 Adjustable PVC-coated shelves</li>
<li>33 to 40 degrees Fahrenheit temperature range<br>
</li>
</ul>
                          ",https://usrbrands.com/cdn/shop/files/uc-36ft-worktop-refrigerator_1_130x.jpg?v=1745837155,"
      Fit your commercial refrigeration under a counter or worktable, or use it as a worktop refrigerator with the Coldline 36.25"" commercial undercounter refrigerators. Each unit features a durable stainless steel exterior and interior including a heavy duty 2"" stainless steel work surface strong enough for cutting or mixing and smooth enough to prepare foods. the 29.5"" depth is narrow enough to fit into small kitchens or even behind a bar or counter in your shop. All units come with pre-installed casters and shelves. 5"" removeable backsplash is optional.
    ",https://usr-content.s3.us-east-2.amazonaws.com/coldline/uc-36rt-specsheet.pdf,https://usr-content.s3.us-east-2.amazonaws.com/coldline/refrigeration-warranty.pdf,https://usrbrands.com/products/coldline-uc-36rt-36-undercounter-worktop-refrigerato
"Coldline UC-27RT 27"" Undercounter Worktop Refrigerator",UC-27RT,,COLDLINE,"
                            <ul>
<li>27"" W Undercounter Refrigerator</li>
<li>Stay-open, self-closing door</li>
<li>Digital temperature controller</li>
<li>430 stainless steel exterior and interior</li>
<li>Built-in recessed handle</li>
<li>Auto-defrost</li>
<li>Foamed-in-place polyurethane insulation</li>
<li>Pre-installed casters, two with brakes</li>
<li>Adjustable PVC-coated shelf</li>
<li>33 to 40 degrees Fahrenheit temperature range<br>
</li>
</ul>
                          ",https://usrbrands.com/cdn/shop/files/uct27_undercounter-refrigerator-front_1_130x.jpg?v=1745837056,"
      Fit your commercial refrigeration under a counter or worktable, or use it as a worktop refrigerator with the Coldline 27"" commercial undercounter refrigerators. Each unit features a durable stainless steel exterior and interior including a heavy duty 2"" stainless steel work surface strong enough for cutting or mixing and smooth enough to prepare foods. the 29.5"" depth is narrow enough to fit into small kitchens or even behind a bar or counter in your shop. All units come with pre-installed casters and shelf. 5"" removeable backsplash is optional.

    ",https://usr-content.s3.us-east-2.amazonaws.com/coldline/uc-27rt-specsheet.pdf,https://usr-content.s3.us-east-2.amazonaws.com/coldline/refrigeration-warranty.pdf,https://usrbrands.com/products/coldline-uc-27rt-27-undercounter-worktop-refrigerator
"Coldline SP36T 36"" Refrigerated Sandwich Prep Table with Cutting Board and Food Pans",SP36T,,COLDLINE,"
                            <ul>
<li>36.25"" two door standard top refrigerated sandwich/salad prep table</li>
<li>SS430 stainless steel exterior &amp; interior</li>
<li>Removable full length, 10"" deep cutting board</li>
<li>Includes (10) 1/6 size food pans, 304 stainless steel material</li>
<li>Self-closing swing doors, stay open past 90 degrees</li>
<li>Easily removable magnetic door gaskets</li>
<li>2 adjustable PVC-coated shelves</li>
<li>Foamed-in-place insulation keeps the interior cold</li>
<li>Pre-installed 5"" casters, two with brakes</li>
<li>Easy to use digital control and display, auto defrost<br>
</li>
</ul>
                          ",https://usrbrands.com/cdn/shop/files/spt36_with-food-front_130x.jpg?v=1745835713,"
      The SP36T standard top sandwich prep refrigerator includes 8 stainless steel pans and a full length 10 inch cutting board included standard. Stainless steel interior and exterior for long lasting durability and easy cleaning. The 1/4 HP refrigeration system will keep your food in the safe zone while the self-closing doors and insulated roll top lock the cold air at 9 cu. ft. of storage offers plenty of room for storage and 2 adjustable 90 lb. shelves allow you to organize optimally.
    ",https://usr-content.s3.us-east-2.amazonaws.com/coldline/sp36t-specsheet.pdf,https://usr-content.s3.us-east-2.amazonaws.com/coldline/refrigeration-warranty.pdf,https://usrbrands.com/products/coldline-sp36t-36-refrigerated-sandwich-prep-table-with-cutting-board-and-food-pans
"Coldline SP27T 27"" Refrigerated Sandwich Prep Table with Cutting Board and Food Pans",SP27T,,COLDLINE,"
                            <ul>
<li>27"" two door standard top refrigerated sandwich/salad prep table</li>
<li>SS430 stainless steel exterior &amp; interior</li>
<li>Removable full length, 10"" deep cutting board</li>
<li>Includes (6) 1/6 , (2) 1/9 size food pans, 304 stainless steel material</li>
<li>Self-closing swing door, stays open past 90 degrees</li>
<li>Easily removable magnetic door gaskets</li>
<li>Adjustable PVC-coated shelf</li>
<li>Foamed-in-place insulation keeps the interior cold</li>
<li>Pre-installed 5"" casters, two with brakes</li>
<li>Easy to use digital control and display, auto defrost<br>
</li>
</ul>
                          ",https://usrbrands.com/cdn/shop/files/spt27_with-food-front_130x.jpg?v=1745835579,"
      The SP27T standard top sandwich prep refrigerator includes 8 stainless steel pans and a full length 10 inch cutting board included standard. Stainless steel interior and exterior for long lasting durability and easy cleaning. The 1/4 HP refrigeration system will keep your food in the safe zone while the self-closing doors and insulated roll top lock the cold air at 6.1 cu. ft. of storage offers plenty of room for storage and 2 adjustable 90 lb. shelves allow you to organize optimally.
    ",https://usr-content.s3.us-east-2.amazonaws.com/coldline/sp27t-specsheet.pdf,https://usr-content.s3.us-east-2.amazonaws.com/coldline/refrigeration-warranty.pdf,https://usrbrands.com/products/coldline-sp27t-27-refrigerated-sandwich-prep-table-with-cutting-board-and-food-pans
"Coldline ICE550-BD-FA 30"" 550 lb. Modular Full Cube Ice Machine with Ice Dispensing Bin, Air Cooled",ICE550-BD-FA,,COLDLINE,"
                            <ul>
<li>Modular top mount ice machine</li>
<li>Ice Dispensing storage bin</li>
<li>Accessible side filters for easy cleaning</li>
<li>In-Line Water Filter Included at no extra charge</li>
<li>Digital controller and display</li>
<li>Durable type 304 stainless steel exterior</li>
<li>Interior polyethylene liner</li>
<li>Makes full cube shaped ice</li>
<li>Adjustable ice thickness</li>
<li>Easy clean function</li>
<li>550 lb. of ice production every 24hrs</li>
<li>250 lb. ice storage capacity</li>
<li>Eco-friendly R290 refrigerant</li>
<li>Adjustable 6-in. legs</li>
<li>ETL, cETLus, Conforms to NSF standard<br>
</li>
</ul>
                          ",,"
      The Coldline ICE550-BD-FA modular full cube ice machine with ice dispensing bin is perfect for hotels or restaurants requiring self service ice dispensing, at a reasonable cost. This modular unit is made up of a 550 lb. per day ice machine head and a 250 lb. insulated ice bin with ice dispenser for self service.
    ",https://usr-content.s3.us-east-2.amazonaws.com/coldline/ice550-bd-fa-specsheet.pdf,https://usr-content.s3.us-east-2.amazonaws.com/coldline/ice-machines-warranty.pdf,https://usr-content.s3.us-east-2.amazonaws.com/coldline/modular-ice-machine-manual.pdf
"Coldline ICE550-BD-HA 30"" 550 lb. Modular Half Cube Ice Machine with Ice Dispensing Bin, Air Cooled",ICE550-BD-HA,,COLDLINE,"
                            <ul>
<li>Modular top mount ice machine</li>
<li>Ice Dispensing storage bin</li>
<li>Accessible side filters for easy cleaning</li>
<li>In-Line Water Filter Included at no extra charge</li>
<li>Digital controller and display</li>
<li>Durable type 304 stainless steel exterior</li>
<li>Interior polyethylene liner</li>
<li>Makes half cube shaped ice</li>
<li>Adjustable ice thickness</li>
<li>Easy clean function</li>
<li>550 lb. of ice production every 24hrs</li>
<li>250 lb. ice storage capacity</li>
<li>Eco-friendly R290 refrigerant</li>
<li>Adjustable 6-in. legs</li>
<li>ETL, cETLus, Conforms to NSF standard<br>
</li>
</ul>
                          ",,"
      The Coldline ICE550-BD-HA modular half cube ice machine with ice dispensing bin is perfect for hotels or restaurants requiring self service ice dispensing, at a reasonable cost. This modular unit is made up of a 550 lb. per day ice machine head and a 250 lb. insulated ice bin with ice dispenser for self service. 
    ",https://usr-content.s3.us-east-2.amazonaws.com/coldline/ice550-bd-ha-specsheet.pdf,https://usr-content.s3.us-east-2.amazonaws.com/coldline/ice-machines-warranty.pdf,https://usr-content.s3.us-east-2.amazonaws.com/coldline/modular-ice-machine-manual.pdf
"Coldline BD250 30"" 250 lb. Hotel Ice Dispenser - Bin Only",BD250,,COLDLINE,"
                            <ul>
<li>Ice dispensing storage bin for ice machine</li>
<li>250 lb. ice storage capacity</li>
<li>304 Luxury stainless steel and plastic molding construction</li>
<li>No touch, more convenient and hygienic for taking ice</li>
<li>Corrosion resistant</li>
<li>Polyurethane insulation</li>
<li>Bin interior is sanitary and easy to clean</li>
<li>Rear drain hole</li>
<li>Spring loaded door for easy opening and closing</li>
<li>6"" adjustable feet</li>
<li>Accessories included: ice scooper, water hose, water drain hose</li>
<li>cETLus, conforms to NSF standard<br>
</li>
</ul>
                          ",,"
       
    ",https://usr-content.s3.us-east-2.amazonaws.com/coldline/bd250-specsheet.pdf,https://usr-content.s3.us-east-2.amazonaws.com/coldline/ice-machines-warranty.pdf,https://usrbrands.com/products/coldline-bd250-30-250-lb-hotel-ice-dispenser-bin-only
"Coldline CBT72 72"" Refrigerated Salad Bar with Cutting Board and Sneeze Guard",CBT72,,COLDLINE,"
                            <ul>
<li>72"" refrigerated employee-service salad bar / cold food table</li>
<li>Stainless steel exterior and interior</li>
<li>10"" depth cutting board for convenient prep space and removable for cleaning</li>
<li>Slanted sneeze guard prevents customers from breathing or sneezing on the food</li>
<li>Adjustable heavy-duty PVC coated shelves</li>
<li>Holds up to (15) 1/3 size or (30) 1/6 size 6"" deep food pans (sold separately)</li>
<li>Self-closing doors with 90 degree stay-open feature</li>
<li>Hydro-Carbon R290 refrigerant</li>
<li>Digital control with auto defrost</li>
<li>Stainless steel vented divider separates top and bottom</li>
<li>Preinstalled heavy-duty casters with brakes<br>
</li>
</ul>
                          ",https://usrbrands.com/cdn/shop/files/cbt72-sg-salad-bars_130x.jpg?v=1732165831,"
      Showcase and merchandise your best fruits, desserts and vegetables with Coldline refrigerated salad bars. Crafted with a sleek and durable stainless steel interior and exterior, this Coldline 72"" refrigerated salad Bar is designed to keep your food fresh and appetizing while enhancing your establishment's aesthetic.
    ",https://usr-content.s3.us-east-2.amazonaws.com/coldline/cbt72-sg-specsheet.pdf,https://usr-content.s3.us-east-2.amazonaws.com/coldline/refrigeration-warranty.pdf,https://usr-content.s3.us-east-2.amazonaws.com/coldline/buffet-table-series-manual.pdf
"Coldline CBT60 60"" Refrigerated Salad Bar with Cutting Board and Sneeze Guard",CBT60,,COLDLINE,"
                            <ul>
<li>60"" refrigerated employee-service salad bar / cold food table</li>
<li>Stainless steel exterior and interior</li>
<li>10"" depth cutting board for convenient prep space and removable for cleaning</li>
<li>Slanted sneeze guard prevents customers from breathing or sneezing on the food</li>
<li>Adjustable heavy-duty PVC coated shelves</li>
<li>Holds up to (12) 1/3 size or (24) 1/6 size 6"" deep food pans (sold separately)</li>
<li>Self-closing doors with 90 degree stay-open feature</li>
<li>Hydro-Carbon R290 refrigerant</li>
<li>Digital control with auto defrost</li>
<li>Stainless steel vented divider separates top and bottom</li>
<li>Preinstalled heavy-duty casters with brakes<br>
</li>
</ul>
                          ",https://usrbrands.com/cdn/shop/files/cbt60-sg-self-service-salad-bar_1_130x.jpg?v=1732165163,"
      Showcase and merchandise your best fruits, desserts and vegetables with Coldline refrigerated salad bars. Crafted with a sleek and durable stainless steel interior and exterior, this Coldline 60"" refrigerated salad Bar is designed to keep your food fresh and appetizing while enhancing your establishment's aesthetic.
    ",https://usr-content.s3.us-east-2.amazonaws.com/coldline/cbt60-sg-specsheet.pdf,https://usr-content.s3.us-east-2.amazonaws.com/coldline/refrigeration-warranty.pdf,https://usr-content.s3.us-east-2.amazonaws.com/coldline/buffet-table-series-manual.pdf
"Coldline CBT48 48"" Refrigerated Salad Bar with Cutting Board and Sneeze Guard",CBT48,,COLDLINE,"
                            <ul>
<li>48"" refrigerated employee-service salad bar / cold food table</li>
<li>Stainless steel exterior and interior</li>
<li>10"" depth cutting board for convenient prep space and removable for cleaning</li>
<li>Slanted sneeze guard prevents customers from breathing or sneezing on the food</li>
<li>Adjustable heavy-duty PVC coated shelves</li>
<li>Holds up to (9) 1/3 size or (15) 1/6 size 6"" deep food pans (sold separately)</li>
<li>Self-closing doors with 90 degree stay-open feature</li>
<li>Hydro-Carbon R290 refrigerant</li>
<li>Digital control with auto defrost</li>
<li>Stainless steel vented divider separates top and bottom</li>
<li>Preinstalled heavy-duty casters with brakes<br>
</li>
</ul>
                          ",https://usrbrands.com/cdn/shop/files/cbt48-sg-self-service-salad-bar_130x.jpg?v=1732165038,"
      Showcase and merchandise your best fruits, desserts and vegetables with Coldline refrigerated salad bars. Crafted with a sleek and durable stainless steel interior and exterior, this Coldline 48"" refrigerated salad Bar is designed to keep your food fresh and appetizing while enhancing your establishment's aesthetic.
    ",https://usr-content.s3.us-east-2.amazonaws.com/coldline/cbt48-sg-specsheet.pdf,https://usr-content.s3.us-east-2.amazonaws.com/coldline/refrigeration-warranty.pdf,https://usr-content.s3.us-east-2.amazonaws.com/coldline/buffet-table-series-manual.pdf
Coldline Single Water Filter Everpure i40002 Water Filtration System with Pre-Filter - 0.5 Micron and 1.67 GPM,i40002,,COLDLINE,"
                            <ul>
<li>Water filtration system with pre-filter, Everpure i40002 water filter cartridge</li>
<li>Ideal for small and medium-sized ice machine (ice capacity ≤ 1000lb./24h)</li>
<li>Service flow rate: maximum 1.67 gpm (6.3Lpm)</li>
<li>Capacity: 12,000 gallons (45,424 L)</li>
<li>10-125 PSI pressure requirement</li>
<li>Temperature: 35 - 100°F</li>
<li>3/8"" water connection</li>
<li>Overall Dimensions: 11.8"" x 2.1"" x 24.8""</li>
<li>Filters out sediment particles as small as 0.5 microns</li>
<li>Filters your water for chlorine, scale, cysts, bacteria, and sediments</li>
<li>Reduces chlorine taste and odor and other offensive contaminants</li>
<li>Sanitary cartridge replacement is simple, quick and clean</li>
<li>Internal filter parts are never exposed to handling or contamination</li>
<li>Self-contained scale inhibitor feed keeps ice machines functioning at full capacity</li>
<li>Replacement cycle: PP pre-filter cartridge 3 months/times, main filter cartridge 6 months/times</li>
<li>NSF/ANSI Standard certified<br>
</li>
</ul>
                          ",https://usrbrands.com/cdn/shop/files/coldline-everpure-water-filter_130x.jpg?v=1725884994,"
      Upgrade your ice machine's efficiency and ensure a steady supply of clean, safe water with the Coldline Everpure i40002 water filtration system with pre-filter. This cartridge boasts a 12,000 gallon capacity with a 125 PSI maximum pressure requirement, making it perfect for your waiting room, hotel lobby, or cafeteria ice machine. 
    ",https://usr-content.s3.us-east-2.amazonaws.com/coldline/iwf-4000-specsheet.pdf,https://usr-content.s3.us-east-2.amazonaws.com/coldline/ice-machines-warranty.pdf,https://usrbrands.com/products/coldline-single-water-filter-everpure-i40002-water-filtration-system-with-pre-filter-0-5-micron-and-1-67-gpm
"ICE800M-HA 48"" 800 lb. Modular Half Cube Ice Machine with 1000 lb. Bin, Air Cooled",ICE800M-HA,,COLDLINE,"
                            <ul>
<li>In-Line Water Filter Included at no extra charge</li>
<li>Modular top mount ice machine</li>
<li>Storage bin for ice</li>
<li>Accessible side filters for easy cleaning</li>
<li>Digital controller and display</li>
<li>Makes cube shaped ice</li>
<li>800 lb. of ice production every 24hrs</li>
<li>1000 lb. ice storage capacity</li>
<li>Danfoss expansion valve that precisely controls refrigerant flow</li>
<li>R290 refrigerant</li>
<li>Accessories included: ice scooper, water hose, water drain hose<br>
</li>
</ul>
                          ",https://usrbrands.com/cdn/shop/files/double-head-ice-machine_130x.jpg?v=1724665544,"
      The Coldline ICE800 is Kitchenall’s highest performing commercial ice machine in its class, with the highest customer satisfaction feedback rating and the lowest rate of service of any brand of ice machine we sell. The ICE800 modular ice machine is made up of two 400lb per day ice machine heads and a 1000 lb. insulated ice bin.
    ",https://usr-content.s3.us-east-2.amazonaws.com/coldline/ice800m-ha-specsheet.pdf,https://usr-content.s3.us-east-2.amazonaws.com/coldline/ice-machines-warranty.pdf,https://usr-content.s3.us-east-2.amazonaws.com/coldline/modular-ice-machine-manual.pdf
"ICE400-BD 22"" 400 lb. Ice Dispensing Ice Machine with Bin for Hotels",ICE400-BD,,COLDLINE,"
                            <ul>
<li>Modular top mount ice machine</li>
<li>Ice Dispensing storage bin</li>
<li>Accessible side filters for easy cleaning</li>
<li>Digital controller and display</li>
<li>Makes cube shaped ice</li>
<li>400 lb. of ice production every 24hrs</li>
<li>150 lb. ice storage capacity</li>
<li>Heavy duty, high efficiency Secop compressor, made in Germany</li>
<li>Danfoss expansion valve that precisely controls refrigerant flow</li>
<li>R290 refrigerant<br>
</li>
</ul>
                          ",https://usrbrands.com/cdn/shop/files/ice400-bd-ice-dispneser-ice-machine-side_130x.jpg?v=1755658496,"
      The Coldline ICE400-BD modular ice machine with ice dispensing bin is perfect for hotels or restaurants requiring self service ice dispensing, at a reasonable cost. This modular unit is made up of a 400 lb. per day ice machine head and a 150 lb. insulated ice bin with ice dispenser for self service. At only 22"" left to right this unit can fit into tight spaces and with 150 lbs. of ice in the bin your hotel will always have plenty of ice within customer reach.
    ",https://usr-content.s3.us-east-2.amazonaws.com/coldline/ice400-bd-specsheet.pdf,https://usr-content.s3.us-east-2.amazonaws.com/coldline/ice-machines-warranty.pdf,https://usr-content.s3.us-east-2.amazonaws.com/coldline/modular-ice-machine-manual.pdf
"C-2RR-TM 54"" Solid Door Commercial Top Mount Reach-In Refrigerator",C-2RR-TM,,COLDLINE,"
                            <ul>
<li>Durable S/S Interior &amp; Exterior</li>
<li>Interior LED Lighting</li>
<li>Self Closing &amp; Stay Open Door</li>
<li>Casters and Door Locks Included</li>
<li>Versatile Tray Slide Design (Sets of 2)<br>
</li>
<li>Hydro-Carbon R290 refrigerant</li>
</ul>
                          ",https://usrbrands.com/cdn/shop/files/c-2rr-tm_side_130x.jpg?v=1755591651,"
      Keep your foods and ingredients cold and fresh in Coldline's C-2RR-TM single solid door commercial top mount reach-in refrigerator. Whether you are storing dairy, raw meats or prepared foods, the Coldline reach in commercial refrigerators make a perfect addition to your bakery, cafe, or restaurant.. Lockable heavy-duty wheels come standard. This unit uses HYDRO-CARBON R290 refrigerant, which is environmentally friendly and more efficient than R134a/R404a refrigerant.
    ",https://usr-content.s3.us-east-2.amazonaws.com/coldline/c-2rr-tm-specsheet.pdf,https://usr-content.s3.us-east-2.amazonaws.com/coldline/refrigeration-warranty.pdf,https://usr-content.s3.us-east-2.amazonaws.com/coldline/top-mount-reach-in-series-manual.pdf
"C-1RR-TM 29"" Solid Door Commercial Top Mount Reach-In Refrigerator",C-1RR-TM,,COLDLINE,"
                            <ul>
<li>Durable S/S Interior &amp; Exterior</li>
<li>Interior LED Lighting</li>
<li>Self Closing &amp; Stay Open Door</li>
<li>Casters and Door Locks Included</li>
<li>Versatile Tray Slide Design (Sets of 2)<br>
</li>
<li>Hydro-Carbon R290 refrigerant</li>
</ul>
                          ",https://usrbrands.com/cdn/shop/files/c-1rr-tm_angle_130x.jpg?v=1755591504,"
      Keep your foods and ingredients cold and fresh in Coldline's C-1RR-TM single solid door commercial top mount reach-in refrigerator. Whether you are storing dairy, raw meats or prepared foods, the Coldline reach in commercial refrigerators make a perfect addition to your bakery, cafe, or restaurant.. Lockable heavy-duty wheels come standard. This unit uses HYDRO-CARBON R290 refrigerant, which is environmentally friendly and more efficient than R134a/R404a refrigerant.
    ",https://usr-content.s3.us-east-2.amazonaws.com/coldline/c-1rr-tm-specsheet.pdf,https://usr-content.s3.us-east-2.amazonaws.com/coldline/refrigeration-warranty.pdf,https://usr-content.s3.us-east-2.amazonaws.com/coldline/top-mount-reach-in-series-manual.pdf
"BD150 22"" 150 lb. Ice Dispenser - Bin Only",BD150,,COLDLINE,"
                            <ul>
<li>Ice dispensing storage bin for ice machine</li>
<li>150 lb. ice storage capacity</li>
<li>Stainless steel and plastic molding construction</li>
<li>Corrosion resistant</li>
<li>Polyurethane insulation</li>
<li>Bin interior is sanitary and easy to clean</li>
<li>Rear drain hole</li>
<li>Spring loaded door for easy opening and closing</li>
<li>Adjustable feet</li>
<li>Accessories included: ice scooper, water hose, water drain hose</li>
</ul>
                          ",https://usrbrands.com/cdn/shop/files/bd150-bin_130x.jpg?v=1724659841,"
       
    ",https://usr-content.s3.us-east-2.amazonaws.com/coldline/bd150-specsheet.pdf,https://usr-content.s3.us-east-2.amazonaws.com/coldline/ice-machines-warranty.pdf,https://usrbrands.com/products/bd150-22-150-lb-ice-dispenser-bin-only
"B1000 48"" 1000 lb. Ice Storage Bin - BIN ONLY",B1000,,COLDLINE,"
                            <ul>
<li>Fits (2) Coldline ICE400T-HA Heads</li>
<li>304 Stainless Steel Exterior</li>
<li>Easy Access with Lift-up Door</li>
<li>1000 lb. Bin Capacity</li>
<li>Storage Bin<br>
</li>
</ul>
                          ",https://usrbrands.com/cdn/shop/files/b1000-ice-machine-bin_130x.jpg?v=1724659548,"
      This ice machine storage bin in stainless steel from Coldline is a very reliable and versatile ice bin that stores up to 1000 lb. of ice per day. This #304 stainless steel construction provides durability to a unit that is low-maintenance and easy to clean. The unit produces crystal clear ice cubes that work great for applications in restaurants, bars, hotels, grocery stores, and more. This unit runs on a standard electrical current and is ETL approved for commercial use, pairing high output and capacity with easy to use control panel, compact design.
    ",https://usr-content.s3.us-east-2.amazonaws.com/coldline/b1000-specsheet.pdf,https://usr-content.s3.us-east-2.amazonaws.com/coldline/ice-machines-warranty.pdf,https://usrbrands.com/products/b1000-48-1000-lb-ice-storage-bin-bin-only
Coldline EIC350BIN 200 lb. Ice Storage Bin Only,EIC350BIN,,COLDLINE,"
                            <ul>
<li>22'' W Ice machine storage bin</li>
<li>Compact Design</li>
<li>200 lb. ice storage capacity</li>
<li>Durable Construction</li>
<li>Lid Included</li>
<li>Adjustable feet</li>
</ul>
                          ",https://usrbrands.com/cdn/shop/files/eic350-ice-bin_130x.jpg?v=1724322807,"
      Ensuring a steady supply of fresh ice, this ice bin is the perfect complement to EIC350T-FA ice machine head. And its compact size and robust construction make it a reliable and space-saving addition to any foodservice operation.
    ",https://usr-content.s3.us-east-2.amazonaws.com/coldline/eic350bin-specsheet.pdf,https://usrbrands.com/products/eic350bin-200-lb-ice-storage-bin-only,https://usrbrands.com/products/eic350bin-200-lb-ice-storage-bin-only
"EIC350M-FA 350 lb. Modular Full Cube Ice Machine with 200 lb. Bin, Air Cooled",EIC350M-FA,,COLDLINE,"
                            <ul>
<li>22'' W Modular ice machine</li>
<li>Compact design</li>
<li>350 lb. of ice production every 24hrs<br>
</li>
<li>200 lb. Ice Bin</li>
<li>Easy Installation and Easy to clean</li>
<li>Digital controller and display<br>
</li>
<li>Air cooled system<br>
</li>
</ul>
<!---->
                          ",https://usrbrands.com/cdn/shop/files/eic350_130x.jpg?v=1724320318,"
      This air-cooled ice maker in stainless steel from Coldline is a very reliable and versatile ice maker that produces up to 350 lb. of ice per day, with a 200 lb. capacity storage bin. This ice machine is designed to meet the demands of busy commercial kitchens, bars, and restaurants. Its modular design and air-cooled system ensure efficient operation and straightforward maintenance.
    ",https://usr-content.s3.us-east-2.amazonaws.com/coldline/eic350-specsheet.pdf,https://usr-content.s3.us-east-2.amazonaws.com/coldline/ice-machines-warranty.pdf,https://usr-content.s3.us-east-2.amazonaws.com/coldline/eic350-manual.pdf
"EIC350T-FA 350 lb. Modular Full Cube Ice Machine Head, Air Cooled",EIC350T-FA,,COLDLINE,"
                            <ul>
<li>22'' W Modular ice machine head</li>
<li>350 lb. of ice production every 24hrs<br>
</li>
<li>Easy Installation and Easy to clean</li>
<li>Digital controller and display<br>
</li>
<li>Air cooled system</li>
<li>Durable stainless steel construction</li>
</ul>
<!---->
                          ",https://usrbrands.com/cdn/shop/files/eic350t-ice-maker-head-only_130x.jpg?v=1724319083,"
      Upgrade your beverage service with our 350 lb. Modular Full Cube Ice Machine Head. Engineered for high-volume operations, this air-cooled ice machine head delivers consistent, high-quality ice cubes to keep your customers refreshed and satisfied.
    ",https://usr-content.s3.us-east-2.amazonaws.com/coldline/eic350t-specsheet.pdf,https://usr-content.s3.us-east-2.amazonaws.com/coldline/ice-machines-warranty.pdf,https://usr-content.s3.us-east-2.amazonaws.com/coldline/eic350-manual.pdf
"Coldline EIC270 270 lb. Commercial Full Cube Undercounter Ice Machine, Air Cooled",EIC270,,COLDLINE,"
                            <ul>
<li>Compact design 22'' W</li>
<li>270 lb. of ice production every 24hrs</li>
<li>50 lb. built in ice bin&nbsp;</li>
<li>Stainless steel exterior</li>
<li>Adjustable Ice Thickness<br>
</li>
<li>4"" adjustable feet</li>
<li>User-Friendly Controls</li>
</ul>
<!---->
                          ",https://usrbrands.com/cdn/shop/files/eic200-eic270_4b7c0e84-e312-47cd-98ff-da7f5a8cffec_130x.jpg?v=1724317648,"
      Upgrade your beverage service with our Commercial Full Cube Undercounter Ice Machine. Engineered for reliability and efficiency, this air-cooled ice maker is designed to fit seamlessly under counters, saving valuable floor space while delivering a steady supply of high-quality ice cubes.
    ",https://usr-content.s3.us-east-2.amazonaws.com/coldline/eic270-specsheet.pdf,https://usr-content.s3.us-east-2.amazonaws.com/coldline/ice-machines-warranty.pdf,https://usr-content.s3.us-east-2.amazonaws.com/coldline/eic-200-270-manual.pdf
"Coldline EIC200 200 lb. Commercial Full Cube Undercounter Ice Machine, Air Cooled",EIC200,,COLDLINE,"
                            <ul>
<li>Compact design 22'' W</li>
<li>200 lb. of ice production every 24hrs</li>
<li>50 lb. built in ice bin&nbsp;</li>
<li>Stainless steel exterior</li>
<li>Adjustable Ice Thickness<br>
</li>
<li>4"" adjustable feet</li>
<li>User-Friendly Controls</li>
</ul>
<!---->
                          ",https://usrbrands.com/cdn/shop/files/eic200-eic270_4b7c0e84-e312-47cd-98ff-da7f5a8cffec_130x.jpg?v=1724317648,"
      Upgrade your beverage service with our Commercial Full Cube Undercounter Ice Machine. Engineered for reliability and efficiency, this air-cooled ice maker is designed to fit seamlessly under counters, saving valuable floor space while delivering a steady supply of high-quality ice cubes.
    ",https://usr-content.s3.us-east-2.amazonaws.com/coldline/eic200-specsheet.pdf,https://usr-content.s3.us-east-2.amazonaws.com/coldline/ice-machines-warranty.pdf,https://usr-content.s3.us-east-2.amazonaws.com/coldline/eic-200-270-manual.pdf
"HDL84-F 84"" Refrigerated Slanted Glass Seafood Case with Built-in Drain and Rear Storage",HDL84-F,,COLDLINE,"
                            <ul>
<li>Slanted Glass Fish/Seafood Case</li>
<li>Double Gravity Coil System</li>
<li>Rear Refrigerated Storage</li>
<li>Brilliant LED Lighting</li>
<li>Built-in Drain</li>
<li>Adjustable Shelves</li>
</ul>
                          ",https://usrbrands.com/cdn/shop/files/hdl84_a6831d7b-651e-44a8-9b8c-b82048bd6ee7_130x.jpg?v=1695984512,"
      Showcase and storage your fish or seafood with this sleek, attractive, high end case design. Insulated rear storage compartment provides plenty of refrigerated storage for your products.
    ",https://usr-content.s3.us-east-2.amazonaws.com/coldline/hdl84-f-specsheet.pdf,https://usr-content.s3.us-east-2.amazonaws.com/coldline/refrigeration-warranty.pdf,https://usr-content.s3.us-east-2.amazonaws.com/coldline/hdl-series-manual.pdf
"HDL72-F 72"" Refrigerated Slanted Glass Seafood Case with Built-in Drain and Rear Storage",HDL72-F,,COLDLINE,"
                            <ul>
<li>Slanted Glass Fish/Seafood Case</li>
<li>Double Gravity Coil System</li>
<li>Rear Refrigerated Storage</li>
<li>Brilliant LED Lighting</li>
<li>Built-in Drain</li>
<li>Adjustable Shelves</li>
</ul>
                          ",https://usrbrands.com/cdn/shop/files/hdl72-raw-meat-deli-case-front_130x.jpg?v=1687747221,"
      Showcase and storage your fish or seafood with this sleek, attractive, high end case design. Insulated rear storage compartment provides plenty of refrigerated storage for your products.
    ",https://usr-content.s3.us-east-2.amazonaws.com/coldline/hdl72-f-specsheet.pdf,https://usr-content.s3.us-east-2.amazonaws.com/coldline/refrigeration-warranty.pdf,https://usr-content.s3.us-east-2.amazonaws.com/coldline/hdl-series-manual.pdf
"HDL48-F 48"" Refrigerated Slanted Glass Seafood Case with Built-in Drain and Rear Storage",HDL48-F,,COLDLINE,"
                            <ul>
<li>Slanted Glass Fish/Seafood Case</li>
<li>Double Gravity Coil System</li>
<li>Rear Refrigerated Storage</li>
<li>Brilliant LED Lighting</li>
<li>Built-in Drain</li>
<li>Adjustable Shelves</li>
</ul>
                          ",https://usrbrands.com/cdn/shop/files/hdl48-raw-meat-deli-case_1_130x.jpg?v=1687745630,"
      Showcase and storage your fish or seafood with this sleek, attractive, high end case design. Insulated rear storage compartment provides plenty of refrigerated storage for your products.
    ",https://usr-content.s3.us-east-2.amazonaws.com/coldline/hdl48-f-specsheet.pdf,https://usr-content.s3.us-east-2.amazonaws.com/coldline/refrigeration-warranty.pdf,https://usr-content.s3.us-east-2.amazonaws.com/coldline/hdl-series-manual.pdf
"ICE120 20"" Air Cooled 120 lb. Capacity Cube Shape Ice Machine",ICE120,,COLDLINE,"
                            <ul>
<li>Produces 120 lb. of ice in 24 hours</li>
<li>40 lb. storage bin</li>
<li>Storage bin with automatic shut-off when bin is full</li>
<li>Adjustable leveling feet</li>
<li>Self-clean system</li>
<li>Produces high-quality crystal clear ice cubes</li>
<li>Digital controller and display</li>
<li>Adjustable ice thickness</li>
<li>Hose, drain pipe, and water scooper included</li>
</ul>
                          ",https://usrbrands.com/cdn/shop/files/ice80-ice120-commercial-ice-machine-side_76c9321d-e2ca-49bd-a21e-d1094681611f_130x.jpg?v=1706530487,"
      This air-cooled ice maker in stainless steel from Coldline is a very reliable and versatile ice maker that produces up to 120 lb. of ice per day, with a 40 lb. capacity storage bin. This #304 stainless steel construction provides durability to a unit that is low-maintenance and easy to clean with a self-clean system. The unit produces crystal clear ice cubes that work great for applications in restaurants, bars, hotels, grocery stores, and more. This unit runs on a standard electrical current and is ETL approved for commercial use, pairing high output and capacity with easy to use control panel, compact design.
    ",https://usr-content.s3.us-east-2.amazonaws.com/coldline/ice120-specsheet.pdf,https://usr-content.s3.us-east-2.amazonaws.com/coldline/ice-machines-warranty.pdf,https://usr-content.s3.us-east-2.amazonaws.com/coldline/undercounter-ice-machine-manual.pdf
"SOC-76-W 76"" White High Profile Refrigerated Self-Serve Display Merchandiser",SOC-76-W,,COLDLINE,"
                            <ul>
<li>LED light for every shelf</li>
<li>With night curtain</li>
<li>Automatic dfrost</li>
<li>Digital controller</li>
<li>33.8 °F to 42.8°F temperature range</li>
<li>ETL, ETL-Sanitation</li>
<li>Finned evaporator</li>
<li>4"" front glass</li>
</ul>
                          ",https://usrbrands.com/cdn/shop/files/76-inch-open-air-curtain-merchandiser_3459204e-5f84-4556-8a20-fcb51c5b00a6_130x.jpg?v=1743994009,"
      Coldline SOC-76-W 76"" White Refrigerated Air Curtain Merchandiser features LED lighting for each (4)shelf, and will improve impulse sales while keeping your salads, dairy, deli or baked goods it safe cold temperatures. The built-in condensation evaporating systems means no drain required.
    ",https://usr-content.s3.us-east-2.amazonaws.com/coldline/soc-76-220-w-specsheet.pdf,https://usr-content.s3.us-east-2.amazonaws.com/coldline/refrigeration-warranty.pdf,https://usr-content.s3.us-east-2.amazonaws.com/coldline/soc-series-manual.pdf
Coldline Indoor Walk-in Cooler Box - NSF Listed,,,COLDLINE,"
                            <ul>
<li>White Interior / Exterior finish</li>
<li>Tongue and Groove, Cam Action Locking Panel</li>
<li>Flush-mounted, Self-closing Door with Door Closer</li>
<li>36 x 76"" Door for Easy Transportation</li>
<li>Built-in Door Heater Prevents Condensation</li>
<li>Keyed Locking Door Handle</li>
<li>Fast &amp; Easy Assembly</li>
<li>Interior Safety Release</li>
<li>Airtight Joints</li>
<li>Custom Sizes Available</li>
<li>Optional Remote Refrigeration</li>
<li>NSF Listed</li>
</ul>
                          ",https://usrbrands.com/cdn/shop/files/coldline-wfp8x10-walk-in-floor_1_2_c52d7897-27ba-4014-adba-57980d859742_130x.jpg?v=1756200805,"
      Keep fresh foods or ingredients safe and accessible with Coldline indoor walk-in cooler box. Constructed of corrosion-resistant coated steel with 4"" Urethane inside that not only helps retain the cool temperatures, but also ensures long-term usage. The cam action locking panel design allows the foam-in place ceiling, walls, and optional floor to perfectly fit each other. 
    ",https://usr-content.s3.us-east-2.amazonaws.com/coldline/wcp-series-specsheet.pdf,https://usr-content.s3.us-east-2.amazonaws.com/coldline/coldline-walk-in-warranty.pdf,https://usrbrands.com/products/coldline-indoor-walk-in-cooler-box
Coldline Indoor Walk-in Freezer Box - NSF Listed,,,COLDLINE,"
                            <ul>
<li>White Interior / Exterior finish</li>
<li>Tongue and Groove, Cam Action Locking Panel</li>
<li>Flush-mounted, Self-closing Door with Door Closer</li>
<li>36 x 76"" Door for Easy Transportation</li>
<li>Built-in Door Heater Prevents Condensation</li>
<li>Keyed Locking Door Handle</li>
<li>Fast &amp; Easy Assembly</li>
<li>Interior Safety Release</li>
<li>Stainless Steel Floor with Anti-slip Aluminum Plates</li>
<li>Airtight Joints</li>
<li>NSF Listed</li>
<li>Custom Sizes Available</li>
<li>Optional Remote Refrigeration</li>
</ul>
                          ",https://usrbrands.com/cdn/shop/files/coldline-wfp8x10-walk-in-floor_1_2_130x.jpg?v=1756200331,"
      Keep fresh foods or ingredients safe and accessible with Coldline indoor walk-in freezer box. Constructed of corrosion-resistant coated steel with Urethane inside that not only helps retain the cool temperatures, but also ensures long-term usage. The cam action locking panel design allows the foam-in place ceiling, walls, and optional floor to perfectly fit each other. 36 x 76"" door provides easy access to cooler's contents.
    ",https://usr-content.s3.us-east-2.amazonaws.com/coldline/wfp-series-specheet.pdf,https://usr-content.s3.us-east-2.amazonaws.com/coldline/coldline-walk-in-warranty.pdf,https://usrbrands.com/products/coldline-indoor-walk-in-freezer-box
"60"" Granite Top 2 Door Refrigerated Pizza Prep Table",Granite,,COLDLINE,"
                            <ul>
<li>60"" granite top for preparing food</li>
<li>Stainless steel interior and exterior</li>
<li>Double swinging solid door</li>
<li>110V. Just plug in and start selling</li>
<li>Eco-friendly R290 refrigerant</li>
<li>Equipped with NEMA 5-15P plug</li>
</ul>
                          ",https://usrbrands.com/cdn/shop/files/pdr-60_angle_130x.jpg?v=1755592323,"
      Our pizza prep tables are built for today's chef - Keeping your food service operation running smoothly relies strongly on having the right tools and our Coldline Pizza Prep Tables do just that. Available in various sizes from small to large, our Pizza Prep Tables are made to cater from small kitchens to industrial sized ones.
    ",https://usr-content.s3.us-east-2.amazonaws.com/coldline/pdr-60-specsheet.pdf,https://usr-content.s3.us-east-2.amazonaws.com/coldline/refrigeration-warranty.pdf,https://usr-content.s3.us-east-2.amazonaws.com/coldline/pdr-60-series-manual.pdf
"Coldline NU280 26"" 280 lb. Commercial Granular Nugget Ice Machine with 110 lb. Ice Bin, Air Cooled",NU280,,COLDLINE,"
                            <ul>
<li>Accessible front filter for easy cleaning</li>
<li>280 lb. of ice production every 24hrs</li>
<li>110 lb. built in ice bin storage capacity</li>
<li>Heavy duty, high efficiency Secop compressor, made in Germany</li>
<li>Danfoss expansion valve that precisely controls refrigerant flow</li>
<li>Accessories included: ice scooper, water hose, water drain hose</li>
<li>Makes granular nugget ice</li>
</ul>
                          ",https://usrbrands.com/cdn/shop/products/ice280n_130x.jpg?v=1649148054,"
      Built with a heavy duty stainless steel exterior and an included 110 lb. ice bin, the NU280 will keep making ice in the toughest commercial environments. As an air cooled machine this unit will not run up your water bill and can be conveniently installed anywhere in your shop. Adjustable legs allow for a perfect fit, or the legs can be removed to fit into tight spaces. The nickel plated evaporator and removable air filter, and auto clean cycle, make maintenance and cleaning easy. All Coldline ice machines can accept external inline or back mounted filters, and all use a standard 115V plug so its simple to get started making ice.
    ",https://usr-content.s3.us-east-2.amazonaws.com/coldline/nu280-specsheet.pdf,https://usr-content.s3.us-east-2.amazonaws.com/coldline/ice-machines-warranty.pdf,https://usr-content.s3.us-east-2.amazonaws.com/coldline/nu-series-ice-machine-manual.pdf
"Coldline NU550-T 22"" 550 lb. Modular Granular Nugget Ice Machine, Air Cooled, HEAD ONLY",NU550-T,,COLDLINE,"
                            <ul>
<li>Modular top mount ice machine</li>
<li>Accessible side filters for easy cleaning</li>
<li>Digital controller and display</li>
<li>Makes granular nugget shaped ice</li>
<li>550 lb. of ice production every 24hrs</li>
<li>Heavy duty, high efficiency Secop compressor, made in Germany</li>
<li>Danfoss expansion valve that precisely controls refrigerant flow</li>
</ul>
                          ",https://usrbrands.com/cdn/shop/products/ice550n_130x.jpg?v=1649147942,"
      This nugget crushed ice air-cooled modular ice maker in stainless steel from Coldline is a very reliable and versatile ice maker that produces up to 550 lb. of ice per day. This #304 stainless steel construction provides durability to a unit that is low-maintenance and easy to clean with a self-clean system. The unit produces crystal clear ice cubes that work great for applications in restaurants, bars, hotels, grocery stores and more. This unit runs on a standard electrical current, pairing high output and capacity with easy to use control panel, compact design.
    ",https://usr-content.s3.us-east-2.amazonaws.com/coldline/nu550-t-specsheet.pdf,https://usr-content.s3.us-east-2.amazonaws.com/coldline/ice-machines-warranty.pdf,https://usr-content.s3.us-east-2.amazonaws.com/coldline/nu-series-ice-machine-manual.pdf
"Coldline NU550 22"" 550 lb. Commercial Granular Nugget Ice Machine with 275 lb. Ice Bin, Air Cooled",NU550,,COLDLINE,"
                            <ul>
<li>Modular top mount ice machine</li>
<li>Storage bin for ice</li>
<li>Accessible side filters for easy cleaning</li>
<li>Digital controller and display</li>
<li>Makes granular nugget shaped ice</li>
<li>550 lb. of ice production every 24hrs</li>
<li>275 lb. ice storage capacity</li>
<li>Heavy duty, high efficiency Secop compressor, made in Germany</li>
<li>Danfoss expansion valve that precisely controls refrigerant flow</li>
<li>Accessories included: ice scooper, water hose, water drain hose</li>
</ul>
                          ",https://usrbrands.com/cdn/shop/products/nu550_130x.jpg?v=1649147796,"
      The Coldline NU550 is Kitchenall's highest performing commercial ice machine in its class, with the highest customer satisfaction feedback rating and the lowest rate of service of any brand of ice machine we sell. The NU550 modular ice machine is made up of a 550 lb. per day ice machine head and a 275 lb. insulated ice bin. At only 22"" left to right this unit can fit into tight spaces and with 275 lbs. of ice in the bin your business will always have plenty of ice within reach.
    ",https://usr-content.s3.us-east-2.amazonaws.com/coldline/nu550-specsheet.pdf,https://usr-content.s3.us-east-2.amazonaws.com/coldline/ice-machines-warranty.pdf,https://usr-content.s3.us-east-2.amazonaws.com/coldline/nu-series-ice-machine-manual.pdf
"B275 22"" 275 lb. Ice Machine Storage Bin",B275,,COLDLINE,"
                            <ul>
<li>Ice machine storage bin</li>
<li>275 lb. ice storage capacity</li>
<li>Stainless steel and plastic molding construction</li>
<li>Corrosion resistant</li>
<li>Polyurethane insulation</li>
<li>Bin interior is sanitary and easy to clean</li>
<li>Rear drain hole</li>
<li>Spring loaded door for easy opening and closing</li>
<li>Adjustable feet</li>
<li>Hose for water connection and drain pipe included</li>
<li>Ice scoop included</li>
</ul>
                          ",https://usrbrands.com/cdn/shop/products/ice-400-bin_130x.jpg?v=1636989418,"
      This ice machine storage bin in stainless steel from Coldline is a very reliable and versatile ice bin that stores up to 275 lb. of ice per day. This #304 stainless steel construction provides durability to a unit that is low-maintenance and easy to clean. The unit produces crystal clear ice cubes that work great for applications in restaurants, bars, hotels, grocery stores, and more. This unit runs on a standard electrical current and is ETL approved for commercial use, pairing high output and capacity with easy to use control panel, compact design.
    ",https://usr-content.s3.us-east-2.amazonaws.com/coldline/b275-specsheet.pdf,https://usrbrands.com/products/b275-22-275-lb-ice-machine-storage-bin,https://usrbrands.com/products/b275-22-275-lb-ice-machine-storage-bin
"SOC-76-B 76"" Black High Profile Refrigerated Self-Serve Display Merchandiser",SOC-76-B,,COLDLINE,"
                            <ul>
<li>LED light for every shelf</li>
<li>With night curtain</li>
<li>Automatic dfrost</li>
<li>Digital controller</li>
<li>33.8 °F to 42.8°F temperature range</li>
<li>ETL, ETL-Sanitation</li>
<li>Finned evaporator</li>
<li>4"" front glass</li>
</ul>
                          ",https://usrbrands.com/cdn/shop/files/soc-76-open-air-merchandiser_8590b4b8-7517-4ad0-846a-5ac71723903f_130x.jpg?v=1743994115,"
      Coldline SOC-76-B 76"" Black Refrigerated Air Curtain Merchandiser features LED lighting for each (4)shelf, and will improve impulse sales while keeping your salads, dairy, deli or baked goods it safe cold temperatures. The built-in condensation evaporating systems means no drain required.
    ",https://www.kitchenall.com/cdn/content/coldline/soc-76-220-b-specsheet.pdf,https://usr-content.s3.us-east-2.amazonaws.com/coldline/refrigeration-warranty.pdf,https://usr-content.s3.us-east-2.amazonaws.com/coldline/soc-series-manual.pdf
"B375 30"" 375 lb. Ice Machine Storage Bin",B375,,COLDLINE,"
                            <ul>
<li>Ice machine storage bin</li>
<li>375 lb. ice storage capacity</li>
<li>Stainless steel and plastic molding construction</li>
<li>Corrosion resistant</li>
<li>Polyurethane insulation</li>
<li>Bin interior is sanitary and easy to clean</li>
<li>Rear drain hole</li>
<li>Spring loaded door for easy opening and closing</li>
<li>Adjustable feet</li>
<li>Hose for water connection and drain pipe included</li>
<li>Ice scoop included</li>
</ul>
                          ",https://usrbrands.com/cdn/shop/products/B300_130x.jpg?v=1612898538,"
      This ice machine storage bin in stainless steel from Coldline is a very reliable and versatile ice bin that stores up to 375 lb. of ice per day. This #304 stainless steel construction provides durability to a unit that is low-maintenance and easy to clean. The unit produces crystal clear ice cubes that work great for applications in restaurants, bars, hotels, grocery stores, and more. This unit runs on a standard electrical current and is ETL approved for commercial use, pairing high output and capacity with easy to use control panel, compact design.
    ",https://usr-content.s3.us-east-2.amazonaws.com/coldline/b375-specsheet.pdf,https://usr-content.s3.us-east-2.amazonaws.com/coldline/ice-machines-warranty.pdf,https://usrbrands.com/products/b375-30-375-lb-ice-machine-storage-bin
ICE550T-HA 30” 550 lb. Ice Machine Air Cooled Half Cube Modular,ICE550T-HA,,COLDLINE,"
                            
<ul>
 	<li>Produces 550 lb. of ice in 24 hours</li>
 	<li>Modular ice machine head</li>
 	<li>Self-clean system</li>
 	<li>Produces high-quality crystal clear ice cubes</li>
 	<li>Digital controller and display</li>
 	<li>Adjustable ice thickness</li>
 	<li>Side-located air filter for more efficient operation</li>
</ul>

                          ",,"
      This air-cooled modular ice maker in stainless steel from Coldline is a very reliable and versatile ice maker that produces up to 550 lb. of ice per day. This #304 stainless steel construction provides durability to a unit that is low-maintenance and easy to clean with a self-clean system. The unit produces crystal clear ice cubes that work great for applications in restaurants, bars, hotels, grocery stores, and more. This unit runs on a standard electrical current and is ETL approved for commercial use, pairing high output and capacity with easy to use control panel, compact design.
    ",https://usr-content.s3.us-east-2.amazonaws.com/coldline/ice550t-ha-specsheet.pdf,https://usr-content.s3.us-east-2.amazonaws.com/coldline/ice-machines-warranty.pdf,https://usr-content.s3.us-east-2.amazonaws.com/coldline/modular-ice-machine-manual.pdf
ICE550M-HA 30” 550 lb. Ice Machine Air Cooled Half Cube Modular with Bin,ICE550M-HA,,COLDLINE,"
                            <ul>
<li>Produces 550 lb. of ice in 24 hours</li>
<li>375 lb. storage bin</li>
<li>Storage bin with automatic shut-off when bin is full</li>
<li>Adjustable leveling feet</li>
<li>Self-clean system</li>
<li>Produces high-quality crystal clear ice cubes</li>
<li>Digital controller and display</li>
<li>Adjustable ice thickness</li>
<li>Hose, drain pipe, and water scooper included</li>
</ul>
                          ",,"
      This air-cooled ice maker in stainless steel from Coldline is a very reliable and versatile ice maker that produces up to 550 lb. of ice per day, with a 375 lb. capacity storage bin. This #304 stainless steel construction provides durability to a unit that is low-maintenance and easy to clean with a self-clean system. The unit produces crystal clear ice cubes that work great for applications in restaurants, bars, hotels, grocery stores, and more. This unit runs on a standard electrical current and is ETL approved for commercial use, pairing high output and capacity with easy to use control panel, compact design.
    ",https://usr-content.s3.us-east-2.amazonaws.com/coldline/ice550m-ha-specsheet.pdf,https://usr-content.s3.us-east-2.amazonaws.com/coldline/ice-machines-warranty.pdf,https://usr-content.s3.us-east-2.amazonaws.com/coldline/modular-ice-machine-manual.pdf
ICE400M-HA 22” 400 lb. Ice Machine Air Cooled Half Cube Modular with Bin,ICE400M-HA,,COLDLINE,"
                            <ul>
<li>Produces 400 lb. of ice in 24 hours</li>
<li>275 lb. storage bin</li>
<li>Storage bin with automatic shut-off when bin is full</li>
<li>Adjustable leveling feet</li>
<li>Self-clean system</li>
<li>Produces high-quality crystal clear ice cubes</li>
<li>Digital controller and display</li>
<li>Adjustable ice thickness</li>
<li>Hose, drain pipe, and water scooper included</li>
</ul>
                          ",https://usrbrands.com/cdn/shop/products/ice400m-ha_130x.jpg?v=1612898213,"
      This air-cooled ice maker in stainless steel from Coldline is a very reliable and versatile ice maker that produces up to 400 lb. of ice per day, with an 275 lb. capacity storage bin. This #304 stainless steel construction provides durability to a unit that is low-maintenance and easy to clean with a self-clean system. The unit produces crystal clear ice cubes that work great for applications in restaurants, bars, hotels, grocery stores and more. This unit runs on a standard electrical current and is ETL approved for commercial use, pairing high output and capacity with easy to use control panel, compact design.
    ",https://usr-content.s3.us-east-2.amazonaws.com/coldline/ice400m-ha-specsheet.pdf,https://usr-content.s3.us-east-2.amazonaws.com/coldline/ice-machines-warranty.pdf,https://usr-content.s3.us-east-2.amazonaws.com/coldline/modular-ice-machine-manual.pdf
"ICE180 26"" 180 lb. Air Cooled Half Cube Ice Machine with Bin",ICE180,,COLDLINE,"
                            <ul>
<li>Produces 180 lb. of ice in 24 hours</li>
<li>80 lb. storage bin</li>
<li>Storage bin with automatic shut-off when bin is full</li>
<li>Adjustable leveling feet</li>
<li>Self-clean system</li>
<li>Produces high-quality crystal clear ice cubes</li>
<li>Digital controller and display</li>
<li>Adjustable ice thickness</li>
<li>Hose, drain pipe, and water scooper included</li>
</ul>
                          ",https://usrbrands.com/cdn/shop/products/ice280-angle_1_130x.jpg?v=1631846439,"
      This air-cooled ice maker in stainless steel from Coldline is a very reliable and versatile ice maker that produces up to 180 lb. of ice per day, with an 80 lb. capacity storage bin. This #304 stainless steel construction provides durability to a unit that is low-maintenance and easy to clean with a self-clean system. The unit produces crystal clear ice cubes that work great for applications in restaurants, bars, hotels, grocery stores and more. This unit runs on a standard electrical current and is ETL approved for commercial use, pairing high output and capacity with easy to use control panel, compact design.
    ",https://usr-content.s3.us-east-2.amazonaws.com/coldline/ice180-specsheet.pdf,https://usr-content.s3.us-east-2.amazonaws.com/coldline/ice-machines-warranty.pdf,https://usr-content.s3.us-east-2.amazonaws.com/coldline/undercounter-ice-machine-manual.pdf
"ICE280 26"" 250 lb. Air Cooled Half Cube Ice Machine with Bin",ICE280,,COLDLINE,"
                            <ul>
<li>Produces 250 lb. of ice in 24 hours</li>
<li>80 lb. storage bin</li>
<li>Storage bin with automatic shut-off when bin is full</li>
<li>Adjustable leveling feet</li>
<li>Self-clean system</li>
<li>Produces high-quality crystal clear ice cubes</li>
<li>Digital controller and display</li>
<li>Adjustable ice thickness</li>
<li>Hose, drain pipe, and water scooper included</li>
</ul>
                          ",https://usrbrands.com/cdn/shop/products/ice280-angle_2_130x.jpg?v=1631846501,"
      This air-cooled ice maker in stainless steel from Coldline is a very reliable and versatile ice maker that produces up to 250 lb. of ice per day, with an 80 lb. capacity storage bin. This #304 stainless steel construction provides durability to a unit that is low-maintenance and easy to clean with a self-clean system. The unit produces crystal clear ice cubes that work great for applications in restaurants, bars, hotels, grocery stores and more. This unit runs on a standard electrical current and is ETL approved for commercial use, pairing high output and capacity with easy to use control panel, compact design.
    ",https://usr-content.s3.us-east-2.amazonaws.com/coldline/ice280-specsheet.pdf,https://usr-content.s3.us-east-2.amazonaws.com/coldline/ice-machines-warranty.pdf,https://usr-content.s3.us-east-2.amazonaws.com/coldline/undercounter-ice-machine-manual.pdf
ICE550M-FA 30” 550 lb. Ice Machine Air Cooled Full Cube Modular with Bin,ICE550M-FA,,COLDLINE,"
                            <ul>
<li>Produces 550 lb. of ice in 24 hours</li>
<li>375 lb. storage bin</li>
<li>Storage bin with automatic shut-off when bin is full</li>
<li>Adjustable leveling feet</li>
<li>Self-clean system</li>
<li>Produces high-quality crystal clear ice cubes</li>
<li>Digital controller and display</li>
<li>Adjustable ice thickness</li>
<li>Hose, drain pipe, and water scooper included</li>
</ul>
                          ",https://usrbrands.com/cdn/shop/files/ice550m-550-lb.-ice-machine_1_3ab71d29-f2ed-485d-8dcd-9999ea5a4b8d_130x.jpg?v=1755662477,"
      This air-cooled ice maker in stainless steel from Coldline is a very reliable and versatile ice maker that produces up to 550 lb. of ice per day, with a 375 lb. capacity storage bin. This #304 stainless steel construction provides durability to a unit that is low-maintenance and easy to clean with a self-clean system. The unit produces crystal clear ice cubes that work great for applications in restaurants, bars, hotels, grocery stores and more. This unit runs on a standard electrical current and is ETL approved for commercial use, pairing high output and capacity with easy to use control panel, compact design.
    ",https://usr-content.s3.us-east-2.amazonaws.com/coldline/ice550m-fa-specsheet.pdf,https://usr-content.s3.us-east-2.amazonaws.com/coldline/ice-machines-warranty.pdf,https://usr-content.s3.us-east-2.amazonaws.com/coldline/modular-ice-machine-manual.pdf
ICE550T-FA 30” 550 lb. Ice Machine Air Cooled Full Cube Modular,ICE550T-FA,,COLDLINE,"
                            
<ul>
 	<li>Produces 550 lb. of ice in 24 hours</li>
 	<li>Modular ice machine head</li>
 	<li>Self-clean system</li>
 	<li>Produces high-quality crystal clear ice cubes</li>
 	<li>Digital controller and display</li>
 	<li>Adjustable ice thickness</li>
 	<li>Side-located air filter for more efficient operation</li>
</ul>

                          ",https://usrbrands.com/cdn/shop/products/ice500h_130x.jpg?v=1612898196,"
      This air-cooled modular ice maker in stainless steel from Coldline is a very reliable and versatile ice maker that produces up to 550 lb. of ice per day. This #304 stainless steel construction provides durability to a unit that is low-maintenance and easy to clean with a self-clean system. The unit produces crystal clear ice cubes that work great for applications in restaurants, bars, hotels, grocery stores and more. This unit runs on a standard electrical current and is ETL approved for commercial use, pairing high output and capacity with easy to use control panel, compact design.
    ",https://usr-content.s3.us-east-2.amazonaws.com/coldline/ice550t-fa-specsheet.pdf,https://usr-content.s3.us-east-2.amazonaws.com/coldline/ice-machines-warranty.pdf,https://usr-content.s3.us-east-2.amazonaws.com/coldline/modular-ice-machine-manual.pdf
UC-27R-BS 27” Undercounter Work Top Refrigerator with 4” Backsplash,UC-27R-BS,,COLDLINE,"
                            
<ul>
 	<li>Holds temperature between 33°F to 41°F</li>
 	<li>Stainless steel interior, exterior, and backsplash</li>
 	<li>Aluminum back</li>
 	<li>Self-closing doors with 90 degree stay open feature</li>
 	<li>Adjustable PVC shelves</li>
 	<li>Electronic control system</li>
 	<li>Preinstalled 5” heavy-duty casters with brakes</li>
 	<li>Removable insallation board</li>
 	<li>Hydro-Carbon R290 refrigerant</li>
 	<li>Low profile casters lower height by 1” (optional)</li>
</ul>

                          ",https://usrbrands.com/cdn/shop/files/27inch-worktop-refrigerator-with-backsplash_1_130x.jpg?v=1755485455,"
      The Coldline UC 27” is a great refrigerator for an undercounter or worktop application. This 1 door unit provides 6.3 cu. ft. of storage and a thick 27” stainless steel work surface. Interior and exterior made of stainless steel. Wheels, adjustable shelves, and self-closing doors come standard on all units. Eco-friendly R290 refrigeration system maintains 33 to 41 degree temperature to keep your food in the safe zone
    ",https://usr-content.s3.us-east-2.amazonaws.com/coldline/uc-27r-bs-specsheet.pdf,https://usr-content.s3.us-east-2.amazonaws.com/coldline/refrigeration-warranty.pdf,https://usr-content.s3.us-east-2.amazonaws.com/coldline/prep-table-undercounter-series-manual.pdf
UC-36F-BS 36” Undercounter Work Top Freezer with 4” Backsplash,UC-36F-BS,,COLDLINE,"
                            
<ul>
 	<li>Holds temperature between -8°F to 0°F</li>
 	<li>Stainless steel interior, exterior, and backsplash</li>
 	<li>Aluminum back</li>
 	<li>Self-closing doors with 90 degree stay open feature</li>
 	<li>Adjustable PVC shelves</li>
 	<li>Electronic control system</li>
 	<li>Preinstalled 5” heavy-duty casters with brakes</li>
 	<li>Removable insallation board</li>
 	<li>Hydro-Carbon R290 refrigerant</li>
 	<li>Low profile casters lower height by 1” (optional)</li>
</ul>

                          ",https://usrbrands.com/cdn/shop/files/uc36r_angle.1181_1_130x.jpg?v=1755664919,"
      The Coldline UC 36” is a great freezer for an undercounter or worktop application. This 2 door unit provides 8.5 cu. ft. of storage and a thick 36” stainless steel work surface. Interior and exterior made of stainless steel. Wheels, adjustable shelves, and self-closing doors come standard on all units. Eco-friendly R290 refrigeration system maintains -8 to 0 degree temperature to keep your food in the safe zone.
    ",https://usr-content.s3.us-east-2.amazonaws.com/coldline/uc-36f-bs-specsheet.pdf,https://usr-content.s3.us-east-2.amazonaws.com/coldline/refrigeration-warranty.pdf,https://usr-content.s3.us-east-2.amazonaws.com/coldline/prep-table-undercounter-series-manual.pdf
UC-36R-BS 36” Undercounter Work Top Refrigerator with 4” Backsplash,UC-36R-BS,,COLDLINE,"
                            
<ul>
 	<li>Holds temperature between 33°F to 41°F</li>
 	<li>Stainless steel interior, exterior, and backsplash</li>
 	<li>Aluminum back</li>
 	<li>Self-closing doors with 90 degree stay open feature</li>
 	<li>Adjustable PVC shelves</li>
 	<li>Electronic control system</li>
 	<li>Preinstalled 5” heavy-duty casters with brakes</li>
 	<li>Removable insallation board</li>
 	<li>Hydro-Carbon R290 refrigerant</li>
 	<li>Low profile casters lower height by 1” (optional)</li>
</ul>

                          ",https://usrbrands.com/cdn/shop/files/uc36r_angle.1181_130x.jpg?v=1755485905,"
      The Coldline UC 36” is a great refrigerator for an undercounter or worktop application. This 2 door unit provides 8.5 cu. ft. of storage and a thick 36” stainless steel work surface. Interior and exterior made of stainless steel. Wheels, adjustable shelves, and self-closing doors come standard on all units. Eco-friendly R290 refrigeration system maintains 33 to 41 degree temperature to keep your food in the safe zone.
    ",https://usr-content.s3.us-east-2.amazonaws.com/coldline/uc-36r-bs-specsheet.pdf,https://usr-content.s3.us-east-2.amazonaws.com/coldline/refrigeration-warranty.pdf,https://usr-content.s3.us-east-2.amazonaws.com/coldline/prep-table-undercounter-series-manual.pdf
UC-48F-BS 48” Undercounter Work Top Freezer with 4” Backsplash,UC-48F-BS,,COLDLINE,"
                            
<ul>
 	<li>Holds temperature between -8°F to 0°F</li>
 	<li>Stainless steel interior, exterior, and backsplash</li>
 	<li>Aluminum back</li>
 	<li>Self-closing doors with 90 degree stay open feature</li>
 	<li>Adjustable PVC shelves</li>
 	<li>Electronic control system</li>
 	<li>Preinstalled 5” heavy-duty casters with brakes</li>
 	<li>Removable insallation board</li>
 	<li>Hydro-Carbon R290 refrigerant</li>
 	<li>Low profile casters lower height by 1” (optional)</li>
</ul>

                          ",https://usrbrands.com/cdn/shop/files/uc48r_angle.1178_1_130x.jpg?v=1755664742,"
      The Coldline UC 48” is a great freezer for an undercounter or worktop application. This 2 door unit provides 12 cu. ft. of storage and a thick 48” stainless steel work surface. Interior and Exterior made of stainless steel. Wheels, adjustable shelves, and self-closing doors come standard on all units. Eco-friendly R290 refrigeration system maintains -8 to 0 degree temperature to keep your food in the safe zone.
    ",https://usr-content.s3.us-east-2.amazonaws.com/coldline/uc-48f-bs-specsheet.pdf,https://usr-content.s3.us-east-2.amazonaws.com/coldline/refrigeration-warranty.pdf,https://usr-content.s3.us-east-2.amazonaws.com/coldline/prep-table-undercounter-series-manual.pdf
UC-48R-BS 48” Undercounter Work Top Refrigerator with 4” Backsplash,UC-48R-BS,,COLDLINE,"
                            
<ul>
 	<li>Holds temperature between 33°F to 41°F</li>
 	<li>Stainless steel interior, exterior, and backsplash</li>
 	<li>Aluminum back</li>
 	<li>Self-closing doors with 90 degree stay open feature</li>
 	<li>Adjustable PVC shelves</li>
 	<li>Electronic control system</li>
 	<li>Preinstalled 5” heavy-duty casters with brakes</li>
 	<li>Removable insallation board</li>
 	<li>Hydro-Carbon R290 refrigerant</li>
 	<li>Low profile casters lower height by 1” (optional)</li>
</ul>

                          ",https://usrbrands.com/cdn/shop/products/TUC36-48-60X-BS_6_109113fb-17c1-45a1-ab1a-072c0bbc3ac0_130x.jpg?v=1612898178,"
      The Coldline UC 48” is a great refrigerator for an undercounter or worktop application. This 2 door unit provides 12 cu. ft. of storage and a thick 48” stainless steel work surface. Interior and exterior made of stainless steel. Wheels, adjustable shelves, and self-closing doors come standard on all units. Eco-friendly R290 refrigeration system maintains 33 to 41 degree temperature to keep your food in the safe zone
    ",https://usr-content.s3.us-east-2.amazonaws.com/coldline/uc-48r-bs-specsheet.pdf,https://usr-content.s3.us-east-2.amazonaws.com/coldline/refrigeration-warranty.pdf,https://usr-content.s3.us-east-2.amazonaws.com/coldline/prep-table-undercounter-series-manual.pdf
UC-60F-BS 60” Undercounter Work Top Freezer with 4” Backsplash,UC-60F-BS,,COLDLINE,"
                            
<ul>
 	<li>Holds temperature between -8°F to 0°F</li>
 	<li>Stainless steel interior, exterior, and backsplash</li>
 	<li>Aluminum back</li>
 	<li>Self-closing doors with 90 degree stay open feature</li>
 	<li>Adjustable PVC shelves</li>
 	<li>Electronic control system</li>
 	<li>Preinstalled 5” heavy-duty casters with brakes</li>
 	<li>Removable insallation board</li>
 	<li>Hydro-Carbon R290 refrigerant</li>
 	<li>Low profile casters lower height by 1” (optional)</li>
</ul>

                          ",https://usrbrands.com/cdn/shop/files/uc60r_angle.1175_1_130x.jpg?v=1755664844,"
      The Coldline UC 60” is a great freezer for an undercounter or worktop application. This 3 door unit provides 15 cu. ft. of storage and a thick 60” stainless steel work surface. Interior and Exterior made of stainless steel. Wheels, adjustable shelves, and self-closing doors come standard on all units. Eco-friendly R290 refrigeration system maintains -8 to 0 degree temperature to keep your food in the safe zone.
    ",https://usr-content.s3.us-east-2.amazonaws.com/coldline/uc-60f-bs-specsheet.pdf,https://usr-content.s3.us-east-2.amazonaws.com/coldline/refrigeration-warranty.pdf,https://usr-content.s3.us-east-2.amazonaws.com/coldline/prep-table-undercounter-series-manual.pdf
UC-60R-BS 60” Undercounter Work Top Refrigerator with 4” Backsplash,UC-60R-BS,,COLDLINE,"
                            
<ul>
 	<li>Holds temperature between 33°F to 41°F</li>
 	<li>Stainless steel interior, exterior, and backsplash</li>
 	<li>Aluminum back</li>
 	<li>Self-closing doors with 90 degree stay open feature</li>
 	<li>Adjustable PVC shelves</li>
 	<li>Electronic control system</li>
 	<li>Preinstalled 5” heavy-duty casters with brakes</li>
 	<li>Removable insallation board</li>
 	<li>Hydro-Carbon R290 refrigerant</li>
 	<li>Low profile casters lower height by 1” (optional)</li>
</ul>

                          ",https://usrbrands.com/cdn/shop/files/uc60r_angle.1175_130x.jpg?v=1755486768,"
      The Coldline UC 60” is a great refrigerator for an undercounter or worktop application. This 2 door unit provides 15 cu. ft. of storage and a thick 60” stainless steel work surface. Interior and exterior made of stainless steel. Wheels, adjustable shelves, and self-closing doors come standard on all units. Eco-friendly R290 refrigeration system maintains 33 to 41 degree temperature to keep your food in the safe zone.
    ",https://usr-content.s3.us-east-2.amazonaws.com/coldline/uc-60r-bs-specsheet.pdf,https://usr-content.s3.us-east-2.amazonaws.com/coldline/refrigeration-warranty.pdf,https://usr-content.s3.us-east-2.amazonaws.com/coldline/prep-table-undercounter-series-manual.pdf
UC-27F-BS 27” Undercounter Work Top Freezer with 4” Backsplash,UC-27F-BS,,COLDLINE,"
                            
<ul>
 	<li>Holds temperature between -8°F to 0°F</li>
 	<li>Stainless steel interior, exterior, and backsplash</li>
 	<li>Aluminum back</li>
 	<li>Self-closing doors with 90 degree stay open feature</li>
 	<li>Adjustable PVC shelves</li>
 	<li>Electronic control system</li>
 	<li>Preinstalled 5” heavy-duty casters with brakes</li>
 	<li>Removable insallation board</li>
 	<li>Hydro-Carbon R290 refrigerant</li>
 	<li>Low profile casters lower height by 1” (optional)</li>
</ul>

                          ",https://usrbrands.com/cdn/shop/files/27inch-worktop-refrigerator-with-backsplash_130x.jpg?v=1755664578,"
      The Coldline UC 27” is a great freezer for an undercounter or worktop application. This 1 door unit provides 6.3 cu. ft. of storage and a thick 27” stainless steel work surface. Interior and Exterior made of stainless steel. Wheels, adjustable shelves, and self-closing doors come standard on all units. Eco-friendly R290 refrigeration system maintains -8 to 0 degree temperature to keep your food in the safe zone.
    ",https://usr-content.s3.us-east-2.amazonaws.com/coldline/uc-27f-bs-specsheet.pdf,https://usr-content.s3.us-east-2.amazonaws.com/coldline/refrigeration-warranty.pdf,https://usr-content.s3.us-east-2.amazonaws.com/coldline/prep-table-undercounter-series-manual.pdf
UC-72R-BS 72” Undercounter Work Top Refrigerator with 4” Backsplash,UC-72R-BS,,COLDLINE,"
                            
<ul>
 	<li>Holds temperature between 33°F to 41°F</li>
 	<li>Stainless steel interior, exterior, and backsplash</li>
 	<li>Aluminum back</li>
 	<li>Self-closing doors with 90 degree stay open feature</li>
 	<li>Adjustable PVC shelves</li>
 	<li>Electronic control system</li>
 	<li>Preinstalled 5” heavy-duty casters with brakes</li>
 	<li>Removable insallation board</li>
 	<li>Hydro-Carbon R290 refrigerant</li>
 	<li>Low profile casters lower height by 1” (optional)</li>
</ul>

                          ",https://usrbrands.com/cdn/shop/files/uc72r_angle.1174_130x.jpg?v=1755486905,"
      The Coldline UC 72” is a great refrigerator for an undercounter or worktop application. This 3 door unit provides 15 .5 cu. ft. of storage and a thick 72” stainless steel work surface. Interior and exterior made of stainless steel. Wheels, adjustable shelves, and self-closing doors come standard on all units. Eco-friendly R290 refrigeration system maintains 33 to 41 degree temperature to keep your food in the safe zone.
    ",https://usr-content.s3.us-east-2.amazonaws.com/coldline/uc-72r-bs-specsheet.pdf,https://usr-content.s3.us-east-2.amazonaws.com/coldline/refrigeration-warranty.pdf,https://usr-content.s3.us-east-2.amazonaws.com/coldline/prep-table-undercounter-series-manual.pdf
"ICE80 80 lb. Undercounter Half Cube Ice Machine with 33 lb. Bin, Air Cooled",ICE80,,COLDLINE,"
                            <ul>
<li>Produces 80 lb. of ice in 24 hours</li>
<li>22 lb. storage bin</li>
<li>Storage bin with automatic shut-off when bin is full</li>
<li>Adjustable leveling feet</li>
<li>Self-clean system</li>
<li>Produces high-quality crystal clear ice cubes</li>
<li>Digital controller and display</li>
<li>Adjustable ice thickness</li>
<li>Hose, drain pipe, and water scooper included</li>
</ul>
                          ",,"
      This air-cooled ice maker in stainless steel from Coldline is a very reliable and versatile ice maker that produces up to 80 lb. of ice per day, with a 22 lb. capacity storage bin. This #304 stainless steel construction provides durability to a unit that is low-maintenance and easy to clean with a self-clean system. The unit produces crystal clear ice cubes that work great for applications in restaurants, bars, hotels, grocery stores, and more. This unit runs on a standard electrical current and is ETL approved for commercial use, pairing high output and capacity with easy to use control panel, compact design.
    ",https://usr-content.s3.us-east-2.amazonaws.com/coldline/ice80-specsheet.pdf,https://usr-content.s3.us-east-2.amazonaws.com/coldline/ice-machines-warranty.pdf,https://usr-content.s3.us-east-2.amazonaws.com/coldline/undercounter-ice-machine-manual.pdf
"SD/SC-180C 34"" Flat Glass Display Ice Cream Freezer with 1 Basket, ETL",SD/SC-180C,,COLDLINE,"
                            <ul>
<li>Flat glass lid with two sliding doors</li>
<li>White painted steel with white plastic trim exterior</li>
<li>Embossed aluminum interior walls</li>
<li>Preinstalled low profile casters with brakes</li>
<li>Built-in lock for security</li>
<li>Plast trim and door frames</li>
<li>Rear drain plug for manual defrosting</li>
<li>Coated wire baskets included</li>
<li>Hydro-Carbon R290 refrigerant</li>
</ul>
                          ",https://usrbrands.com/cdn/shop/files/sd34-chest-freezer-angle_130x.jpg?v=1755665782,"
      The Coldline commercial ice cream freezer is an all-round merchandiser for showcasing your frozen items. This ice cream display keeps your treats at the proper temperature, prolonging their shelf life while at the same time maximizing sales potential. Four casters make it easier to position the unit in a fixed location. Even better, heat reflective door lids keep the cold air in, and the freezer features durable construction, so you get longer-lasting performance.
    ",https://usr-content.s3.us-east-2.amazonaws.com/coldline/sd34-specsheet.pdf,https://usr-content.s3.us-east-2.amazonaws.com/coldline/coldline-one-year-warranty.pdf,https://usr-content.s3.us-east-2.amazonaws.com/coldline/sd-series-manual.pdf
"XFS Universal Splash Guard for Deep Fryers - 20 1/2"" x 18""",XFS,32,COOKLINE,"
                            
<ul>
 	<li>Durable 18 gauge 304 series stainless steel</li>
        <li>20-1/2"" x 18"" measurement</li>
 	<li>Universal design enables easy mounting onto the side of most fryers</li>
 	<li>Minimizes post-frying cleanup time</li>
        <li>Easy installation</li>
 	<li>Helps protect kitchen walls and other equipment from grease splatters</li>
</ul>

                          ",https://usrbrands.com/cdn/shop/products/xfs_1_130x.jpg?v=1612898260,"
      Shield kitchen walls and equipment from oil splatters while deep frying with a stainless steel splash guard. Ideal for making a more secure kitchen area, and speed up cleanup time. Its universal design and seamlessly on the side of most fryers by just sliding it on. Built from 18 gauge, 304 stainless steel, durable strength, and corrosion-resistant can last the length of time in your busy commercial kitchen.
    ",https://usrbrands.com/products/xfs-universal-splash-guard-for-deep-fryers-20-1-2-x-18,https://usrbrands.com/products/xfs-universal-splash-guard-for-deep-fryers-20-1-2-x-18,https://usrbrands.com/products/xfs-universal-splash-guard-for-deep-fryers-20-1-2-x-18
"IC-1800 Portable Countertop Induction Range/Cooker - 120V, 1800W",IC-1800,105,COOKLINE,"
                            <ul class=""product attribute bullet-points-description hide-mobile"" data-mce-fragment=""1"">
<li data-mce-fragment=""1"">Overheat protection and flameless heat</li>
<li data-mce-fragment=""1"">Auto switch off safety without pot</li>
<li data-mce-fragment=""1"">Fits pans up to 11"" bottom diameter</li>
<li data-mce-fragment=""1"">140 - 460°F temperature range</li>
<li data-mce-fragment=""1"">Durable stainless steel structure</li>
</ul>
                          ",https://usrbrands.com/cdn/shop/products/ic-1800_130x.jpg?v=1646820018,"
      The Cookline Induction cooker is the ideal use for everyday tasks in catering services, display cooking or anywhere you need an extra burner, this induction cooker heats up at a incredible speed with no open flame or flammable fuel source it is safer than conventional countertop ranges. As soon as the cookware is removed the heat disappears very quickly . Each unit comes with a digital display and controls for accurate and very easy timer and temperature adjustments .
    ",https://usr-content.s3.us-east-2.amazonaws.com/prepline/ic-1800-specsheet.pdf,https://usr-content.s3.us-east-2.amazonaws.com/cookline/cookline-warranty.pdf,https://usr-content.s3.us-east-2.amazonaws.com/cookline/ic-1800-manual.pdf
"DF15-1-120 10"" Single Tank 15 lb. Electric Countertop Fryer - 120v",DF15-1-120,105,COOKLINE,"
                            
<ul>
    <li>Compact design</li>
    <li>Stainless steel</li>
    <li>Thermostat 122°F to 374°F</li>
    <li>Stainless steel tank with oil level</li>
    <li>Micro-switch for safety of operators</li>
    <li>Automatic turn off heat once lid is lifted</li>
    <li>Stainless steel night cover</li>
    <li>Cool to touch handle</li>
    <li>Wire mesh basket</li>
    <li>Power and heating indicators</li>
    <li>Nickel coating basket</li>
    <li>Heavy-duty anti slippery foot</li>
    <li>Electric box can be removed for easy cleaning</li>
    <li>446°F hi-limit ensures safety operation</li>    
</ul>

                          ",https://usrbrands.com/cdn/shop/products/DF15-1-120_130x.jpg?v=1612897935,"
      The Cookline DF15-1-120 15 lb. single tank countertop fryer with 120 volts of power is perfect for light-duty applications like delis, small sandwich shops, and concession stands. It is constructed of heavy-duty stainless steel that's durable and easy to clean. A temperature control switch allows for adjustment between 122 and 374 degrees Fahrenheit.
    ",https://usr-content.s3.us-east-2.amazonaws.com/cookline/df15-1-120-specsheet.pdf,https://usr-content.s3.us-east-2.amazonaws.com/cookline/cookline-warranty.pdf,https://usr-content.s3.us-east-2.amazonaws.com/cookline/df-120v-series-manual.pdf
"DF15-2-220 22"" Dual Tank 30 lb. Electric Countertop Fryer - 220v",DF15-2-220,189,COOKLINE,"
                            
<ul>
    <li>Compact design</li>
    <li>Stainless steel</li>
    <li>Thermostat 122°F to 374°F</li>
    <li>Stainless steel tank with oil level</li>
    <li>Micro-switch for safety of operators</li>
    <li>Automatic turn off heat once lid is lifted</li>
    <li>Stainless steel night cover</li>
    <li>Cool to touch handle</li>
    <li>Wire mesh basket</li>
    <li>Power and heating indicators</li>
    <li>Nickel coating basket</li>
    <li>Heavy-duty anti slippery foot</li>
    <li>Electric box can be removed for easy cleaning</li>
    <li>446°F hi-limit ensures safety operation</li>    
</ul>

                          ",https://usrbrands.com/cdn/shop/products/DF15-2-220_130x.jpg?v=1612898099,"
      The Cookline DF15-2-220 30 lb. dual tank countertop fryer with 220 volts of power is perfect for light-duty applications like delis, small sandwich shops, and concession stands. It is constructed of heavy-duty stainless steel that's durable and easy to clean. A temperature control switch allows for adjustment between 122 and 374 degrees Fahrenheit.
    ",https://usr-content.s3.us-east-2.amazonaws.com/cookline/df15-2-220-specsheet.pdf,https://usr-content.s3.us-east-2.amazonaws.com/cookline/cookline-warranty.pdf,https://usr-content.s3.us-east-2.amazonaws.com/cookline/df-220v-series-manual.pdf
"DF15-2-120 22"" Dual Tank 30 lb. Electric Countertop Fryer - 120v",DF15-2-120,189,COOKLINE,"
                            
<ul>
    <li>Compact design</li>
    <li>Stainless steel</li>
    <li>Thermostat 122°F to 374°F</li>
    <li>Stainless steel tank with oil level</li>
    <li>Micro-switch for safety of operators</li>
    <li>Automatic turn off heat once lid is lifted</li>
    <li>Stainless steel night cover</li>
    <li>Cool to touch handle</li>
    <li>Wire mesh basket</li>
    <li>Power and heating indicators</li>
    <li>Nickel coating basket</li>
    <li>Heavy-duty anti slippery foot</li>
    <li>Electric box can be removed for easy cleaning</li>
    <li>446°F hi-limit ensures safety operation</li>    
</ul>



                          ",https://usrbrands.com/cdn/shop/products/DF15-2-120_130x.jpg?v=1612897939,"
      The Cookline DF15-2-120 30 lb. dual tank countertop fryer with 120 volts of power is perfect for light-duty applications like delis, small sandwich shops, and concession stands. It is constructed of heavy-duty stainless steel that's durable and easy to clean. A temperature control switch allows for adjustment between 122 and 374 degrees Fahrenheit.
    ",https://usr-content.s3.us-east-2.amazonaws.com/cookline/df15-2-120-specsheet.pdf,https://usr-content.s3.us-east-2.amazonaws.com/cookline/cookline-warranty.pdf,https://usr-content.s3.us-east-2.amazonaws.com/cookline/df-120v-series-manual.pdf
"PG-1 22"" Dual Commercial Panini / Sandwich Press, Grooved Surface, 14"" x 10"" Cooking Surface, 120v",PG-1,213,COOKLINE,"
                            
<ul>
    <li>Cast iron plate with ceramic coating</li>
    <li>Stainless steel structure</li>
    <li>EGO thermostat</li>
    <li>Durable and robust</li>
    <li>Temperature range is 120°F to 570°F</li>
    <li>Hi-limit ensures safety operation</li>
    <li>Easy access to reset pole</li>
    <li>Rotating shaft suspension system</li>
    <li>Stainless steel oil and crumb tray</li>
    <li>Cool-to-touch Bakelite handle</li>
    <li>Steel wire pipe to last longer</li>
    <li>Easy access to back rotating shaft</li>
    <li>Easy to adjust tightness</li>
    <li>Anti-slippery rubber foot</li>
    <li>ON/OFF switch with illuminator</li>
    <li>Top and bottom grooved cooking surface</li>
</ul>

                          ",https://usrbrands.com/cdn/shop/products/PG-1_130x.jpg?v=1612897943,"
      This Cookline PG-1 16"" Single Section Dual Grooved Sandwich/Panini Press features a stainless steel structure. Temperature range of 120 degrees to 570 degrees Fahrenheit allows you to get an excellent grilled panini or sandwich. And a stainless steel oil and crumb tray allow for easy removal of excess crumbs. 
    ",https://usr-content.s3.us-east-2.amazonaws.com/cookline/pg-1-specsheet.pdf,https://usr-content.s3.us-east-2.amazonaws.com/cookline/cookline-warranty.pdf,https://usr-content.s3.us-east-2.amazonaws.com/cookline/pg-series-manual.pdf
"IC-3600S Double Countertop Step-Up Induction Range / Cooker - 208-240V, 3600W",IC-3600S,225,COOKLINE,"
                            <ul class=""product attribute bullet-points-description hide-mobile"" data-mce-fragment=""1"">
<li data-mce-fragment=""1"">Overheat protection and flameless heat</li>
<li data-mce-fragment=""1"">Auto switch off safety without pot</li>
<li data-mce-fragment=""1"">Fits pans up to 11"" bottom diameter</li>
<li data-mce-fragment=""1"">140 - 460°F temperature range</li>
<li data-mce-fragment=""1"">Durable stainless steel structure</li>
</ul>
                          ",https://usrbrands.com/cdn/shop/products/ic-3600f_130x.jpg?v=1646820385,"
      The Cookline Induction cooker is the ideal use for everyday tasks in catering services, display cooking or anywhere you need an extra burner, this induction cooker heats up at a incredible speed with no open flame or flammable fuel source it is safer than conventional countertop ranges. As soon as the cookware is removed the heat disappears very quickly . Each unit comes with a digital display and controls for accurate and very easy timer and temperature adjustments .
    ",https://usr-content.s3.us-east-2.amazonaws.com/prepline/ic-3600s-specsheet.pdf,https://usr-content.s3.us-east-2.amazonaws.com/cookline/cookline-warranty.pdf,https://usr-content.s3.us-east-2.amazonaws.com/cookline/ic-3600s-manual.pdf
"IC-3600F Double Countertop Induction Range / Cooker - 208-240V, 3600W",IC-3600F,228,COOKLINE,"
                            <ul class=""product attribute bullet-points-description hide-mobile"" data-mce-fragment=""1"">
<li data-mce-fragment=""1"">Overheat protection and flameless heat</li>
<li data-mce-fragment=""1"">Auto switch off safety without pot</li>
<li data-mce-fragment=""1"">Fits pans up to 11"" bottom diameter</li>
<li data-mce-fragment=""1"">140 - 460°F temperature range</li>
<li data-mce-fragment=""1"">Durable stainless steel structure</li>
</ul>
                          ",https://usrbrands.com/cdn/shop/products/ic-3600s_130x.jpg?v=1646820198,"
      The Cookline Induction cooker is the ideal use for everyday tasks in catering services, display cooking or anywhere you need an extra burner, this induction cooker heats up at a incredible speed with no open flame or flammable fuel source it is safer than conventional countertop ranges. As soon as the cookware is removed the heat disappears very quickly . Each unit comes with a digital display and controls for accurate and very easy timer and temperature adjustments .
    ",https://usr-content.s3.us-east-2.amazonaws.com/prepline/ic-3600f-specsheet.pdf,https://usr-content.s3.us-east-2.amazonaws.com/cookline/cookline-warranty.pdf,https://usr-content.s3.us-east-2.amazonaws.com/cookline/ic-3600f-manual.pdf
"CHP-12-2 12"" Gas Two Burner Commercial Countertop Hot Plate - 50,000 BTU",CHP-12-2,289,COOKLINE,"
                            
<ul>
    <li>Stainless steel front and sides</li>
    <li>Octagon cast iron burner, each 25,000 BTU/hr</li>
    <li>12"" x 12"" (30x30cm) cast iron grate</li>
    <li>Standby S/S pilot for easy start</li>
    <li>Adjustable heavy duty legs</li>
    <li>Cool to touch fiberglass Nylon knobs</li>
    <li>Full width crumb tray at the bottom</li>
    <li>Durable brass control valve</li>
    <li>Easy access to pilot valve adjustment screws</li>
    <li>Easy gas conversion in field</li>
    <li>3⁄4"" NPT rear gas connection</li>
    <li>Shipped with gas regulator</li>
    <li>One year limited parts and labor warranty</li>
</ul>

                          ",https://usrbrands.com/cdn/shop/files/chp12-hot-plate-angle_130x.jpg?v=1755827473,"
      This Cookline CHP-12-2 hot plate range incorporates high-power natural gas burners, a heavy-duty 12"" x 12"" cast iron grate, and an eye-catching stainless steel design. It occupies minimal space for a unit of its caliber, and brings efficiency and even cooking to your kitchen. Quickly prepare the very best appetizers, entrees, and other special treats with this high-performance unit.
    ",https://usr-content.s3.us-east-2.amazonaws.com/cookline/chp-12-2-specsheet.pdf,https://usr-content.s3.us-east-2.amazonaws.com/cookline/cookline-warranty.pdf,https://usr-content.s3.us-east-2.amazonaws.com/cookline/chp-series-manual.pdf
"PG-2 22"" Double Commercial Panini / Sandwich Press, Grooved Surface, 18.5"" x 10"" Cooking Surface, 120v",PG-2,290,COOKLINE,"
                            
<ul>
    <li>Cast iron plate with ceramic coating</li>
    <li>Stainless steel structure</li>
    <li>EGO thermostat</li>
    <li>Durable and robust</li>
    <li>Temperature range is 120°F to 570°F</li>
    <li>Hi-limit ensures safety operation</li>
    <li>Easy access to reset pole</li>
    <li>Rotating shaft suspension system</li>
    <li>Stainless steel oil and crumb tray</li>
    <li>Cool-to-touch Bakelite handle</li>
    <li>Steel wire pipe to last longer</li>
    <li>Easy access to back rotating shaft</li>
    <li>Easy to adjust tightness</li>
    <li>Anti-slippery rubber foot</li>
    <li>ON/OFF switch with illuminator</li>
    <li>Top and bottom grooved cooking surface</li>
</ul>

                          ",https://usrbrands.com/cdn/shop/products/PG-2_130x.jpg?v=1612897945,"
      This Cookline PG-2 22"" Single Section Dual Grooved Sandwich/Panini Press features a stainless steel structure and allows for double the sandwich grilling thanks to the dual section design.  Temperature range of 120 degrees to 570 degrees Fahrenheit will enable you to get an excellent grilled panini or sandwich. And a stainless steel oil and crumb tray allow for easy removal of excess crumbs. 
    ",https://usr-content.s3.us-east-2.amazonaws.com/cookline/pg-2-specsheet.pdf,https://usr-content.s3.us-east-2.amazonaws.com/cookline/cookline-warranty.pdf,https://usr-content.s3.us-east-2.amazonaws.com/cookline/pg-series-manual.pdf
"CT2 17"" Electric Countertop Conveyor Toaster Oven, 3"" Opening, 300-350 Slices of Bread/hr.",CT2,335,COOKLINE,"
                            
<ul>
    <li>Stainless steel construction</li>
    <li>Adjustable conveyor speed</li>
    <li>Front or rear dispensing</li>
    <li>Bread or bun heating</li>
    <li>Both top &amp; bottom elements or just the bottom</li>
    <li>Can toast 2 slices side by side</li>
    <li>Toasts 300 slices per hour</li>
    <li>3” size opening</li>
    <li>Pull-out crumb tray</li>
    <li>Energy-saving standby mode</li>      
</ul>

                          ",https://usrbrands.com/cdn/shop/products/CT2_130x.jpg?v=1612897933,"
      This Cookline CT2 15"" Electric Countertop Conveyor Toaster Oven features stainless steel construction. The adjustable conveyor speed allows you to control the speed and temperature at which your bread/bun is toasted. The CT2 is capable of toasting 300 slices per hour, which can significantly assist in your restaurant's food prep needs. And a pull-out crumb tray makes disposal of excess crumbs easy. 
    ",https://usr-content.s3.us-east-2.amazonaws.com/cookline/ct2-specsheet.pdf,https://usr-content.s3.us-east-2.amazonaws.com/cookline/cookline-warranty.pdf,https://usr-content.s3.us-east-2.amazonaws.com/cookline/ct-2-manual.pdf
"CSD-1AE 23"" half size Electric Countertop Convection Oven, 220-240V",CSD-1AE,353,COOKLINE,"
                            
<ul>
    <li>2.3 cu. ft. capacity</li>
    <li>Stainless steel structure</li>
    <li>Thermostat 120°F to 570°F</li>
    <li>570°F hi-limit ensures safety operation</li>
    <li>Ceramic coating interior</li>
    <li>120 minutes timer with bell</li>
    <li>Steel handle fixed by Bakelite base</li>
    <li>Dual round heaters plus two high-speed motors</li>
    <li>Stainless steel baffle to generate heat more evenly</li>
    <li>Timing and heating indicators</li>
    <li>Chamber light for better view of cooking process</li>
    <li>Nickel coating pan support</li>
    <li>(4) Aluminum bakery trays 17.1” x 12.4”</li>
    <li>Insulation on all sides</li>
    <li>Rounded corners in cavity for easy cleaning</li>
    <li>Door opens at 90°F for easy access to the opening</li>
    <li>Level distance is 3”</li>
    <li>Tempered glass for better view and cool-to-touch</li>     
</ul>

                          ",https://usrbrands.com/cdn/shop/products/CSD-1AE-1_130x.jpg?v=1612897931,"
      The Cookline CSD-1AE 23″ half size Electric Countertop Convection Oven, 220-240V, has a stainless steel structure complimented by a ceramic coated interior.  And the tempered glass allows for a better view and is cool-to-touch. 
    ",https://usr-content.s3.us-east-2.amazonaws.com/cookline/csd-1ae-specsheet.pdf,https://usr-content.s3.us-east-2.amazonaws.com/cookline/cookline-warranty.pdf,https://usr-content.s3.us-east-2.amazonaws.com/cookline/csd-1ae-manual.pdf
"Cookline HCVE-16-120 23"" Commercial Half Size Electric Countertop Convection Oven,120V",HCVE-16-120,356,COOKLINE,"
                            <ul>
<li>Stainless steel structure</li>
<li>150F to 500F temperature range</li>
<li>120 minutes timer in 10-minute increments</li>
<li>Advanced air flow design for even baking</li>
<li>Timing and heating indicators</li>
<li>Holds up to (4) 1/2 size sheet pans</li>
<li>4 shelves included</li>
<li>Cool-touch double pane glass door</li>
<li>Stainless steel handle</li>
</ul>
                          ",https://usrbrands.com/cdn/shop/files/cookline-convection-oven-half-size_5_130x.jpg?v=1701917457,"
      The Cookline HCVE-16-120 half size Electric Countertop Convection Oven, 120, has a stainless steel structure complimented by a ceramic coated interior.  And the tempered glass allows for a better view and is cool-to-touch. 
    ",https://usr-content.s3.us-east-2.amazonaws.com/cookline/hcve-16-120-specsheet.pdf,https://usr-content.s3.us-east-2.amazonaws.com/cookline/cookline-warranty.pdf,https://usrbrands.com/products/cookline-hcve-16-120-23-commercial-half-size-electric-countertop-convection-oven-120v
"CSP1 18"" Single Burner Countertop Gas Stock Pot Range",CSP1,371,COOKLINE,"
                            <ul>
<li>Stainless steel front and sides</li>
<li>Cast iron 1-ring burner, at 55,000 BTU/Hr</li>
<li>18"" x 24.6""cast iron grate</li>
<li>Standby S/S pilot for easy start</li>
<li>Adjustable heavy duty legs</li>
<li>Cool to touch fiberglass nylon knobs</li>
<li>Full-width crumb tray at the bottom</li>
<li>Durable brass valve for individual control</li>
<li>Easy access to pilot valve adjustment screws</li>
<li>Easy gas conversion in field</li>
<li>Gas regulator included</li>
<li>3/4"" NPT rear gas connection<br>
</li>
</ul>
                          ",https://usrbrands.com/cdn/shop/files/csp1_130x.jpg?v=1755826414,"
      This Cookline stock pot range incorporates high-power natural gas burners, a heavy-duty 18"" x 24.6"" cast iron grate, and an eye-catching stainless steel design. It occupies minimal space for a unit of its caliber, and brings efficiency and even cooking to your kitchen. Quickly prepare the very best appetizers, entrees, and other special treats with this high-performance unit.
    ",https://usr-content.s3.us-east-2.amazonaws.com/cookline/csp1-specsheet.pdf,https://usr-content.s3.us-east-2.amazonaws.com/cookline/cookline-warranty.pdf,https://usr-content.s3.us-east-2.amazonaws.com/cookline/csp-series-manual.pdf
"CGG-24M 24"" Gas Countertop Griddle with Manual Controls - 60,000 BTU",CGG-24M,399,COOKLINE,"
                            <ul>
<li>Manual controls</li>
<li>Stainless steel front and sides</li>
<li>Steel U-shape burner each 30,000 BTU/hr</li>
<li>To be controlled every 12“</li>
<li>5/8” thickness polished griddle plate</li>
<li>Standby S/S pilot for easy start</li>
<li>Adjustable heavy duty legs</li>
<li>Cool to touch fiberglass Nylon knobs</li>
<li>Grease through channel in the front</li>
<li>Stainless steel oil collector in the bottom</li>
<li>Stainless steel splash guard at 3 sides</li>
<li>Durable brass control valve</li>
<li>Easy access to pilot valve adjustment screws</li>
<li>Easy gas conversion in field</li>
<li>3⁄4” NPT rear gas connection</li>
<li>Shipped with gas regulator<br>
</li>
</ul>
                          ",https://usrbrands.com/cdn/shop/files/cgg24-griddle-angle_130x.jpg?v=1755833984,"
      This Cookline gas griddle brings reliability to your diner, concession stand, or any food business. Make breakfast favorites such as bacon, pancakes, and french toast, or quickly prepare lunch burgers and cheesesteaks for your customers. Robust steel construction ensures durability, while the ¾” thick griddle plate allows for quick and even heating - whatever you’re cooking. If you’re looking for a light-duty portable gas griddle for a small diner or restaurant, this unit will provide all the versatility you need.
    ",https://usr-content.s3.us-east-2.amazonaws.com/cookline/cgg-24m-specsheet.pdf,https://usr-content.s3.us-east-2.amazonaws.com/cookline/cookline-warranty.pdf,https://usr-content.s3.us-east-2.amazonaws.com/cookline/cgg-m-series-manual.pdf
"CCB-24 24"" Gas Countertop Radiant Charbroiler",CCB-24,422,COOKLINE,"
                            <ul>
<li>Stainless steel front and sides</li>
<li>Steel U-shape burner, each 30,000 BTU/hr</li>
<li>To be controlled every 12“</li>
<li>Hot rolled steel radiant cover with cast iron grate</li>
<li>Standby S/S pilot for easy start</li>
<li>Adjustable heavy duty legs</li>
<li>Cool to touch fiberglass Nylon knobs</li>
<li>Grease through channel in the front</li>
<li>Stainless steel oil collector in the bottom</li>
<li>Stainless steel splash guard at 3 sides</li>
<li>Durable brass control valve</li>
<li>Easy access to pilot valve adjustment screws</li>
<li>Easy gas conversion in field</li>
<li>3/4” NPT rear gas connection</li>
<li>Shipped with gas regulator<br>
</li>
</ul>
                          ",https://usrbrands.com/cdn/shop/files/ccb24-charbroiler-angle_130x.jpg?v=1755835277,"
      This Cookline gas radiant charbroiler is great for a variety of cooking operations. It features exceptionally durable cast-iron grates for optimal heat retention and well-spaced out burners for even heating and precision control over your broiling. Whether you are looking to pump out juice steaks, flame-kissed burgers, or those good chicken breasts with grill marks, this countertop gas charbroiler will suffice. The large cooking surface allows you to prepare several orders simultaneously, so you can bring total reliability to your commercial kitchen.
    ",https://usr-content.s3.us-east-2.amazonaws.com/cookline/ccb-24-specsheet.pdf,https://usr-content.s3.us-east-2.amazonaws.com/cookline/cookline-warranty.pdf,https://usr-content.s3.us-east-2.amazonaws.com/cookline/ccb-series-manual.pdf
GS2 Countertop 2 Burner Electric Hot Plate - 5200W,GS2,439,COOKLINE,"
                            
<ul>
 	<li>French-style element burner plates</li>
 	<li>Sealed design prevents food spillage</li>
 	<li>Fits up to 40 quart stock pot</li>
 	<li>800°F maximum temperature range</li>
 	<li>Infinite control allow for easy adjustment</li>
 	<li>Independent control per burner</li>
 	<li>Stainless steel housing</li>
 	<li>Adjustable bullet feet</li>
</ul>

                          ",https://usrbrands.com/cdn/shop/products/GS2_130x.jpg?v=1612898388,"
      The Cookline Electric Hot Plate is ideal for the continuous work environment of small coffee shops, restaurants, convenience stores, and caterers. The solid plate burners make cleanup a breeze and the stainless steel construction means this will last you for years to come. The 220V power and solid state burners ensure fast heating while the backsplash prevents debris from falling behind your equipment. Built into the backsplash are vents designed to pull any heat from the unit away from the person using it. The GS2 high powered electric cooktop is perfect for any space, big or small, with its narrow footprint.
    ",https://usr-content.s3.us-east-2.amazonaws.com/cookline/gs2-specsheet.pdf,https://usr-content.s3.us-east-2.amazonaws.com/cookline/cookline-warranty.pdf,https://usrbrands.com/products/gs2-countertop-2-burner-electric-hot-plate-5200w
"CHP-24-4 24"" Gas Four Burner Commercial Countertop Hot Plate - 100,000 BTU",CHP-24-4,446,COOKLINE,"
                            
<ul>
    <li>Stainless steel front and sides</li>
    <li>Octagon cast iron burner, each 25,000 BTU/hr</li>
    <li>12"" x 12"" cast iron grate</li>
    <li>Standby S/S pilot for easy start</li>
    <li>Adjustable heavy duty legs</li>
    <li>Cool to touch fiberglass Nylon knobs</li>
    <li>Full width crumb tray at the bottom</li>
    <li>Durable brass control valve</li>
    <li>Easy access to pilot valve adjustment screws</li>
    <li>Easy gas conversion in field</li>
    <li>3⁄4"" NPT rear gas connection</li>
    <li>Shipped with gas regulator</li>
    <li>One year limited parts and labor warranty</li>       
</ul>

                          ",https://usrbrands.com/cdn/shop/files/chp24-hot-plate-angle_130x.jpg?v=1755827671,"
      This Cookline CHP-24-4 hot plate range incorporates high-power natural gas burners, a heavy-duty 12"" x 12"" cast iron grate, and an eye-catching stainless steel design. It occupies minimal space for a unit of its caliber, and brings efficiency and even cooking to your kitchen. Quickly prepare the very best appetizers, entrees, and other special treats with this high-performance unit.
    ",https://usr-content.s3.us-east-2.amazonaws.com/cookline/chp-24-4-specsheet.pdf,https://usr-content.s3.us-east-2.amazonaws.com/cookline/cookline-warranty.pdf,https://usr-content.s3.us-east-2.amazonaws.com/cookline/chp-series-manual.pdf
"Cookline CPO-1 Single Deck Countertop Pizza Oven, 120V",CPO-1,462,COOKLINE,"
                            <ul>
<li>Electric countertop pizza, bakery oven</li>
<li>Baking chamber dimensions: 17.91"" x 17.91"" x 3.94""</li>
<li>Stainless steel construction</li>
<li>150F to 840F temperature range</li>
<li>30-minute timer with audible signal</li>
<li>Top and bottom elements</li>
<li>Tempered glass window</li>
<li>On/Off power switch</li>
<li>Oven light for better visibility</li>
<li>1/2"" thick cordierite stone deck included</li>
</ul>
                          ",https://usrbrands.com/cdn/shop/files/cpo-1-pizza-deck-oven-front_130x.jpg?v=1706101803,"
      The Cookline single deck countertop pizza oven can accommodate up to a 17 3/4"" diameter pizza and features a 3.94-inch-tall chamber opening suitable for bread and taller items. Included with the unit is a 1/2"" thick cordierite stone deck for achieving crispy crusts, and it incorporates top and bottom elements to ensure even cooking of pizzas. 
    ",https://usr-content.s3.us-east-2.amazonaws.com/cookline/cpo-1-specsheet.pdf,https://usr-content.s3.us-east-2.amazonaws.com/cookline/cookline-warranty.pdf,https://usr-content.s3.us-east-2.amazonaws.com/prepline/cpo-manual.pdf
"Cookline SP-1W Commercial 13"" Wok Range - 95,000 BTU",SP-1W,504,COOKLINE,"
                            <ul>
<li>
<p>Stainless Steel Body</p>
</li>
<li>
<p>16"" cast iron burner with 18 jets, up to 95,000BTU</p>
</li>
<li>
<p>15"" stainless steel legs</p>
</li>
<li>
<p>Standby S/S pilot for easy start</p>
</li>
<li>
<p>Rolled front enables easy shaking and swirling of wok</p>
</li>
<li>
<p>Gradual slope design reduces spill-over</p>
</li>
<li>
<p>Full width crumb tray at the bottom</p>
</li>
<li>
<p>Adjustable valve with zinc alloy handle<br></p>
</li>
<li>
<p>3/4"" NPT rear gas connection</p>
</li>
</ul>
                          ",https://usrbrands.com/cdn/shop/products/wok-range-cp-1w_130x.jpg?v=1657892485,"
      Achieve great stir fry dishes, soups, and savoury sauces with the Cookline SP-1W commercial 13"" liquid propane gas wok range - 95,000 BTU. This single ring model comes with standby S/S pilot for easy start and 16"" cast iron burner with 18 jets, up to 95,000 BTU. 
    ",https://usr-content.s3.us-east-2.amazonaws.com/cookline/sp-1w-specsheet.pdf,https://usr-content.s3.us-east-2.amazonaws.com/cookline/cookline-warranty.pdf,https://usrbrands.com/products/cookline-sp-1w-commercial-13-wok-range-95-000-btu
"CGG-36M 36"" Gas Countertop Griddle with Manual Controls - 90,000 BTU",CGG-36M,528,COOKLINE,"
                            <ul>
<li>Manual controls</li>
<li>Stainless steel front and sides</li>
<li>Steel U-shape burner each 30,000 BTU/hr</li>
<li>To be controlled every 12“</li>
<li>5/8” thickness polished griddle plate</li>
<li>Standby S/S pilot for easy start</li>
<li>Adjustable heavy duty legs</li>
<li>Cool to touch fiberglass Nylon knobs</li>
<li>Grease through channel in the front</li>
<li>Stainless steel oil collector in the bottom</li>
<li>Stainless steel splash guard at 3 sides</li>
<li>Durable brass control valve</li>
<li>Easy access to pilot valve adjustment screws</li>
<li>Easy gas conversion in field</li>
<li>3⁄4” NPT rear gas connection</li>
<li>Shipped with gas regulator<br>
</li>
</ul>
                          ",https://usrbrands.com/cdn/shop/files/cgg36-griddle-angle_130x.jpg?v=1755834165,"
      This Cookline gas griddle brings reliability to your diner, concession stand, or any food business. Make breakfast favorites such as bacon, pancakes, and french toast, or quickly prepare lunch burgers and cheesesteaks for your customers. Robust steel construction ensures durability, while the ¾” thick griddle plate allows for quick and even heating - whatever you’re cooking. If you’re looking for a light-duty portable gas griddle for a small diner or restaurant, this unit will provide all the versatility you need.
    ",https://usr-content.s3.us-east-2.amazonaws.com/cookline/cgg-36m-specsheet.pdf,https://usr-content.s3.us-east-2.amazonaws.com/cookline/cookline-warranty.pdf,https://usr-content.s3.us-east-2.amazonaws.com/cookline/cgg-m-series-manual.pdf
"CCB-36 36"" Gas Countertop Radiant Charbroiler",CCB-36,564,COOKLINE,"
                            <ul>
<li>Stainless steel front and sides</li>
<li>Steel U-shape burner, each 30,000 BTU/hr</li>
<li>To be controlled every 12“</li>
<li>Hot rolled steel radiant cover with cast iron grate</li>
<li>Standby S/S pilot for easy start</li>
<li>Adjustable heavy duty legs</li>
<li>Cool to touch fiberglass Nylon knobs</li>
<li>Grease through channel in the front</li>
<li>Stainless steel oil collector in the bottom</li>
<li>Stainless steel splash guard at 3 sides</li>
<li>Durable brass control valve</li>
<li>Easy access to pilot valve adjustment screws</li>
<li>Easy gas conversion in field</li>
<li>3/4” NPT rear gas connection</li>
<li>Shipped with gas regulator<br>
</li>
</ul>
                          ",https://usrbrands.com/cdn/shop/files/ccb36-charbroiler-angle_130x.jpg?v=1755835553,"
      This Cookline gas radiant charbroiler is great for a variety of cooking operations. It features exceptionally durable cast-iron grates for optimal heat retention and well-spaced out burners for even heating and precision control over your broiling. Whether you are looking to pump out juice steaks, flame-kissed burgers, or those good chicken breasts with grill marks, this countertop gas charbroiler will suffice. The large cooking surface allows you to prepare several orders simultaneously, so you can bring total reliability to your commercial kitchen.
    ",https://usr-content.s3.us-east-2.amazonaws.com/cookline/ccb-36-specsheet.pdf,https://usr-content.s3.us-east-2.amazonaws.com/cookline/cookline-warranty.pdf,https://usr-content.s3.us-east-2.amazonaws.com/cookline/ccb-series-manual.pdf
"CF40-LP 16"" Liquid Propane Tube Standing 40 lb. Commercial Deep Fryer - (90,000 BTU)",CF40-LP,591,COOKLINE,"
                            <ul>
<li>Stainless steel&nbsp;construction</li>
<li>Cast iron vertical burner, each 30,000 BTU/hr</li>
<li>Thermostat (200°F- 400°F ) controlled</li>
<li>Open S/S fryer pot with cold zone</li>
<li>Standby S/S pilot for easy start</li>
<li>Adjustable heavy duty legs</li>
<li>Millivolt control valve</li>
<li>Prompt response thermostat</li>
<li>450°F hi limit for safety</li>
<li>1-1/4” full port drain valve</li>
<li>S/S heater exchanger with baffle for high efficiency</li>
<li>S/S hanger plate at the back</li>
<li>Two baskets<br>
</li>
</ul>
                          ",https://usrbrands.com/cdn/shop/files/cf40_angle_1_2_1_93ded115-31b6-41ca-bfd2-d80a98df7491_130x.jpg?v=1755850123,"
      The Cookline CF-40-LP stainless steel deep fryer offers the perfect blend of quality, durability, and performance. This floor fryer is ideal for light-duty usage at restaurants, pizzerias, and concession stands. 3 vertical burners (each 30,000 BTU/Hr) deliver the power you need to make basket after basket of french fries, hot wings, onion rings, and fried chicken ready for your customers. The CF-40-LP is what you need to meet the daily demands of your busy kitchen, and conveniently make a variety of appetizers and entrees!
    ",https://usr-content.s3.us-east-2.amazonaws.com/cookline/cf-40-lp-specsheet.pdf,https://usr-content.s3.us-east-2.amazonaws.com/cookline/cookline-warranty.pdf,https://usr-content.s3.us-east-2.amazonaws.com/cookline/cf-series-manual.pdf
"CF40-NG 16"" Natural Gas Tube Standing 40 lb. Commercial Deep Fryer - (90,000 BTU)",CF40-NG,591,COOKLINE,"
                            <ul>
<li>3 tubes stainless steel oil heater</li>
<li>Stainless steel&nbsp;construction</li>
<li>Cast iron vertical burner each 30,000 BTU/Hr</li>
<li>Thermostat (200°F to 400°F) controlled</li>
<li>Open S/S fryer pot with cold zone</li>
<li>Standby S/S pilot for easy start</li>
<li>Set of casters included</li>
<li>Millivolt control valve</li>
<li>Prompt response thermostat ensures fast temp recovery</li>
<li>450°F hi-limit for safety</li>
<li>1-1/4"" full port drain valve</li>
<li>S/S heater exchanger with baffle for high efficiency</li>
<li>S/S hanger plate at the back</li>
<li>Two fryer baskets<br>
</li>
</ul>
                          ",https://usrbrands.com/cdn/shop/files/cf40_angle_1_2_1_130x.jpg?v=1755849922,"
      The Cookline CF-40-NG stainless steel deep fryer offers the perfect blend of quality, durability, and performance. This floor fryer is ideal for light-duty usage at restaurants, pizzerias, and concession stands. 3 vertical burners (each 30,000 BTU/Hr) deliver the power you need to make basket after basket of french fries, hot wings, onion rings, and fried chicken ready for your customers. The CF-40-NG is what you need to meet the daily demands of your busy kitchen, and conveniently make a variety of appetizers and entrees!
    ",https://usr-content.s3.us-east-2.amazonaws.com/cookline/cf-40-ng-specsheet.pdf,https://usr-content.s3.us-east-2.amazonaws.com/cookline/cookline-warranty.pdf,https://usr-content.s3.us-east-2.amazonaws.com/cookline/cf-series-manual.pdf
"ES23 23"" Electric Countertop Salamander, 220V",ES23,606,COOKLINE,"
                            <ul>
<li>Durable Stainless Steel Construction</li>
<li>Adjustable Cooking Clearance</li>
<li>Cool-to-the-touch Bakelite Handle</li>
<li>Includes Drip Tray and Cooking Grate</li>
<li>23.2"" x 12.6"" Cooking Area</li>
</ul>
                          ",https://usrbrands.com/cdn/shop/files/cookline-es23_update_130x.jpg?v=1684234561,"
      This Cookline ES23 23"" electric countertop salamander is a durable and versatile cooking appliance that is perfect for high-volume restaurants and bars. Constructed of durable stainless steel, this salamander features a spacious 23.2"" x 12 .6"" cooking area, which can accommodate a variety of dish, plate, and platter sizes.
    ",https://usr-content.s3.us-east-2.amazonaws.com/cookline/es23-specsheet.pdf,https://usr-content.s3.us-east-2.amazonaws.com/cookline/cookline-warranty.pdf,https://usrbrands.com/products/es23-23-electric-countertop-salamander-220v
"LG2-E 26"" Electric Lava Rock Charbroiler - 7200W",LG2-E,608,COOKLINE,"
                            
<ul>
 	<li>Stainless steel housing and construction</li>
 	<li>Grates can adjusted independently</li>
 	<li>Flat or inclined and reversible grate adjustment</li>
 	<li>Lava rock heating source</li>
 	<li>""Cool-to-the-touch"" independent control knob</li>
 	<li>Removable drip/crumb tray</li>
 	<li>Power ON/OFF indicator light</li>
 	<li>Rubber feet</li>
</ul>

                          ",https://usrbrands.com/cdn/shop/products/LG-02-E_130x.jpg?v=1612898390,"
      Just like a traditional gas char broiler, this electric unit features a steel grate over a powerful heating element that will char your food to perfection. No electric is no problem with this powerful 26"" char broiler. 220V electric ensures fast heat up times and the slide out drip tray captures grease and crumbs for easy disposal.
    ",https://usr-content.s3.us-east-2.amazonaws.com/cookline/lg2-e-specsheet.pdf,https://usr-content.s3.us-east-2.amazonaws.com/cookline/cookline-warranty.pdf,https://usr-content.s3.us-east-2.amazonaws.com/cookline/lg2-e-manual.pdf
"CSP2 18"" Double Burner Countertop Gas Stock Pot Range",CSP2,621,COOKLINE,"
                            <ul>
<li>Stainless steel front and sides</li>
<li>Cast iron 2-ring burner, at 55,000 BTU/Hr</li>
<li>18"" x 24.6"" cast iron grate</li>
<li>Standby S/S pilot for easy start</li>
<li>Adjustable heavy duty legs</li>
<li>Cool to touch fiberglass nylon knobs</li>
<li>Full-width crumb tray at the bottom</li>
<li>Durable brass valve for individual control</li>
<li>Easy access to pilot valve adjustment screws</li>
<li>Easy gas conversion in field</li>
<li>Gas regulator included</li>
<li>3/4"" NPT rear gas connection<br>
</li>
</ul>
                          ",https://usrbrands.com/cdn/shop/products/CSP2_130x.png?v=1612897881,"
      This Cookline stock pot range incorporates high-power natural gas burners, a heavy-duty 18"" x 24.6"" cast iron grate, and an eye-catching stainless steel design. It occupies minimal space for a unit of its caliber, and brings efficiency and even cooking to your kitchen. Quickly prepare the very best appetizers, entrees, and other special treats with this high-performance unit.
    ",https://usr-content.s3.us-east-2.amazonaws.com/cookline/csp2-specsheet.pdf,https://usr-content.s3.us-east-2.amazonaws.com/cookline/cookline-warranty.pdf,https://usr-content.s3.us-east-2.amazonaws.com/cookline/csp-series-manual.pdf
"CF50-LP 16"" Liquid Propane Tube Standing 50 lb. Commercial Deep Fryer - 120,000 BTU",CF50-LP,642,COOKLINE,"
                            <ul>
<li>4 tubes stainless steel oil heater</li>
<li>Stainless steel construction</li>
<li>Cast iron vertical burner each 30,000 BTU/Hr</li>
<li>Thermostat (200°F to 400°F) controlled</li>
<li>Open S/S fryer pot with cold zone</li>
<li>Standby S/S pilot for easy start</li>
<li>Set of casters included</li>
<li>Millivolt control valve</li>
<li>Prompt response thermostat ensures fast temp recovery</li>
<li>450°F hi-limit for safety</li>
<li>1-1/4"" full port drain valve</li>
<li>S/S heater exchanger with baffle for high efficiency</li>
<li>S/S hanger plate at the back</li>
<li>Two fryer baskets<br>
</li>
</ul>
                          ",https://usrbrands.com/cdn/shop/files/cf40_angle_1_2_1_5692ba0c-c370-4fd2-99be-9c57e4366ba9_130x.jpg?v=1755850322,"
      The Cookline CF-50-LP stainless steel deep fryer offers the perfect blend of quality, durability, and performance. This floor fryer is ideal for light-duty usage at restaurants, pizzerias, and concession stands. 4 vertical burners (each 30,000 BTU/Hr) deliver the power you need to make basket after basket of french fries, hot wings, onion rings, and fried chicken ready for your customers. The CF-50-LP is what you need to meet the daily demands of your busy kitchen, and conveniently make a variety of appetizers and entrees!
    ",https://usr-content.s3.us-east-2.amazonaws.com/cookline/cf-50-lp-specsheet.pdf,https://usr-content.s3.us-east-2.amazonaws.com/cookline/cookline-warranty.pdf,https://usr-content.s3.us-east-2.amazonaws.com/cookline/cf-series-manual.pdf
"CF50-NG 16"" Natural Gas Tube Standing 50 lb. Commercial Deep Fryer - 120,000 BTU",CF50-NG,642,COOKLINE,"
                            <ul>
<li>4 tubes stainless steel oil heater</li>
<li>Stainless steel&nbsp;construction</li>
<li>Cast iron vertical burner each 30,000 BTU/Hr</li>
<li>Thermostat (200°F to 400°F) controlled</li>
<li>Open S/S fryer pot with cold zone</li>
<li>Standby S/S pilot for easy start</li>
<li>Set of casters included</li>
<li>Millivolt control valve</li>
<li>Prompt response thermostat ensures fast temp recovery</li>
<li>450°F hi-limit for safety</li>
<li>1-1/4"" full port drain valve</li>
<li>S/S heater exchanger with baffle for high efficiency</li>
<li>S/S hanger plate at the back</li>
<li>Two fryer baskets<br>
</li>
</ul>
                          ",https://usrbrands.com/cdn/shop/files/cf40_angle_1_2_1_9f3ed1d0-9d1c-4ab8-8e7e-cbc2976ef6ae_130x.jpg?v=1755850221,"
      The Cookline CF-50-NG stainless steel deep fryer offers the perfect blend of quality, durability, and performance. This floor fryer is ideal for light-duty usage at restaurants, pizzerias, and concession stands. 4 vertical burners (each 30,000 BTU/Hr) deliver the power you need to make basket after basket of french fries, hot wings, onion rings, and fried chicken ready for your customers. The CF-50-NG is what you need to meet the daily demands of your busy kitchen, and conveniently make a variety of appetizers and entrees!
    ",https://usr-content.s3.us-east-2.amazonaws.com/cookline/cf-50-ng-specsheet.pdf,https://usr-content.s3.us-east-2.amazonaws.com/cookline/cookline-warranty.pdf,https://usr-content.s3.us-east-2.amazonaws.com/cookline/cf-series-manual.pdf
"CHP-36-6 36"" Gas Six Burner Commercial Countertop Hot Plate - 150,000 BTU",CHP-36-6,655,COOKLINE,"
                            
<ul>
    <li>Stainless steel front and sides</li>
    <li>Octagon cast iron burner, each 25,000 BTU/hr</li>
    <li>12"" x 12"" cast iron grate</li>
    <li>Standby S/S pilot for easy start</li>
    <li>Adjustable heavy duty legs</li>
    <li>Cool to touch fiberglass Nylon knobs</li>
    <li>Full width crumb tray at the bottom</li>
    <li>Durable brass control valve</li>
    <li>Easy access to pilot valve adjustment screws</li>
    <li>Easy gas conversion in field</li>
    <li>3⁄4"" NPT rear gas connection</li>
    <li>Shipped with gas regulator</li>
    <li>One year limited parts and labor warranty</li>       
</ul>

                          ",https://usrbrands.com/cdn/shop/files/chp36-hot-plate-angle_130x.jpg?v=1755827869,"
      This Cookline CHP-36-6 hot plate range incorporates high-power natural gas burners, a heavy-duty 12"" x 12"" cast iron grate, and an eye-catching stainless steel design. It occupies minimal space for a unit of its caliber, and brings efficiency and even cooking to your kitchen. Quickly prepare the very best appetizers, entrees, and other special treats with this high-performance unit.
    ",https://usr-content.s3.us-east-2.amazonaws.com/cookline/chp-36-6-specsheet.pdf,https://usr-content.s3.us-east-2.amazonaws.com/cookline/cookline-warranty.pdf,https://usr-content.s3.us-east-2.amazonaws.com/cookline/chp-series-manual.pdf
"Cookline CPO-2 Double Deck Countertop Pizza Oven, 240V",CPO-2,681,COOKLINE,"
                            <ul>
<li>Electric countertop pizza, bakery oven</li>
<li>Baking chamber dimensions: 17.91"" x 17.91"" x 3.94""</li>
<li>Two baking chambers</li>
<li>Stainless steel construction</li>
<li>150F to 840F temperature range</li>
<li>30-minute timer with audible signal</li>
<li>Top and bottom elements</li>
<li>Tempered glass window</li>
<li>On/Off power switch</li>
<li>Oven light for better visibility</li>
<li>1/2"" thick cordierite stone deck included</li>
</ul>
                          ",https://usrbrands.com/cdn/shop/files/cpo-2-pizza-deck-oven-angle_130x.jpg?v=1706102179,"
      The Cookline double deck countertop pizza oven can accommodate pizzas up to 17 3/4 inches in diameter and features 3.94-inch-tall chamber openings suitable for bread and taller items. Each chamber cavity is equipped with a 1/2-inch thick cordierite stone deck for achieving crispy crusts.
    ",https://usr-content.s3.us-east-2.amazonaws.com/cookline/cpo-2-specsheet.pdf,https://usr-content.s3.us-east-2.amazonaws.com/cookline/cookline-warranty.pdf,https://usr-content.s3.us-east-2.amazonaws.com/prepline/cpo-manual.pdf
"CGG-48M 48"" Gas Countertop Griddle with Manual Controls - 120,000 BTU",CGG-48M,725,COOKLINE,"
                            
<ul>
    <li>Manual controls</li>
    <li>Stainless steel front and sides</li>
    <li>Steel U-shape burner each 30,000 BTU/hr</li>
    <li>To be controlled every 12“</li>
    <li>5/8” thickness polished griddle plate</li>
    <li>Standby S/S pilot for easy start</li>
    <li>Adjustable heavy duty legs</li>
    <li>Cool to touch fiberglass Nylon knobs</li>
    <li>Grease through channel in the front</li>
    <li>Stainless steel oil collector in the bottom</li>
    <li>Stainless steel splash guard at 3 sides</li>
    <li>Durable brass control valve</li>
    <li>Easy access to pilot valve adjustment screws</li>
    <li>Easy gas conversion in field</li>
    <li>3⁄4” NPT rear gas connection</li>
    <li>Shipped with gas regulator</li>
    <li>One year limited parts and labor warranty</li>
</ul>

                          ",https://usrbrands.com/cdn/shop/files/cgg48-griddle-angle_130x.jpg?v=1755834305,"
      This Cookline gas griddle brings reliability to your diner, concession stand, or any food business. Make breakfast favorites such as bacon, pancakes, and french toast, or quickly prepare lunch burgers and cheesesteaks for your customers. Robust steel construction ensures durability, while the ¾” thick griddle plate allows for quick and even heating - whatever you’re cooking. If you’re looking for a light-duty portable gas griddle for a small diner or restaurant, this unit will provide all the versatility you need.
    ",https://usr-content.s3.us-east-2.amazonaws.com/cookline/cgg-48m-specsheet.pdf,https://usr-content.s3.us-east-2.amazonaws.com/cookline/cookline-warranty.pdf,https://usr-content.s3.us-east-2.amazonaws.com/cookline/cgg-m-series-manual.pdf
"CF75-LP 21"" Liquid Propane 5 Tube Standing 75 lb. Commercial Deep Fryer - 150,000 BTU",CF75-LP,738,COOKLINE,"
                            <ul>
<li>Stainless steel&nbsp;construction</li>
<li>Cast iron vertical burner, each 34,000 BTU/hr</li>
<li>Thermostat (200°F- 400°F ) controlled</li>
<li>Open S/S fryer pot with cold zone</li>
<li>Standby S/S pilot for easy start</li>
<li>Adjustable heavy duty legs</li>
<li>Millivolt control valve</li>
<li>Prompt response thermostat</li>
<li>450°F hi limit for safety</li>
<li>1-1/4” full port drain valve</li>
<li>S/S heater exchanger with baffle for high efficiency</li>
<li>S/S hanger plate at the back</li>
<li>Two baskets</li>
<li>3⁄4” NPT rear gas connection<br>
</li>
<li>Optional fryer shield</li>
</ul>
                          ",https://usrbrands.com/cdn/shop/files/cf75_angle_3_1_1a54cc22-fd14-4953-b9ba-b60230bb4333_130x.jpg?v=1755852959,"
      The Cookline CF-75-LP stainless steel deep fryer offers the perfect blend of quality, durability, and performance. This floor fryer is ideal for light-duty usage at restaurants, pizzerias, and concession stands. 5 vertical burners (each 34,000 BTU/Hr) deliver the power you need to make basket after basket of french fries, hot wings, onion rings, and fried chicken ready for your customers. The CF-75-LP is what you need to meet the daily demands of your busy kitchen, and conveniently make a variety of appetizers and entrees!
    ",https://usr-content.s3.us-east-2.amazonaws.com/cookline/cf-75-lp-specsheet.pdf,https://usr-content.s3.us-east-2.amazonaws.com/cookline/cookline-warranty.pdf,https://usr-content.s3.us-east-2.amazonaws.com/cookline/cf-series-manual.pdf
"CF75-NG 21"" Natural Gas 5 Tube Standing 75 lb. Commercial Deep Fryer - 150,000 BTU",CF75-NG,738,COOKLINE,"
                            <ul>
<li>Stainless steel&nbsp;construction</li>
<li>Cast iron vertical burner, each 30,000 BTU/hr</li>
<li>Thermostat (200°F- 400°F ) controlled</li>
<li>Open S/S fryer pot with cold zone</li>
<li>Standby S/S pilot for easy start</li>
<li>Adjustable heavy duty legs</li>
<li>Millivolt control valve</li>
<li>Prompt response thermostat</li>
<li>450°F hi limit for safety</li>
<li>1-1/4” full port drain valve</li>
<li>S/S heater exchanger with baffle for high efficiency</li>
<li>S/S hanger plate at the back</li>
<li>Two baskets</li>
<li>Optional shield splash guard<br>
</li>
</ul>
                          ",https://usrbrands.com/cdn/shop/files/cf75_angle_3_1_130x.jpg?v=1755850568,"
      The Cookline CF-75-NG stainless steel deep fryer offers the perfect blend of quality, durability, and performance. This floor fryer is ideal for light-duty usage at restaurants, pizzerias, and concession stands. 5 vertical burners (each 34,000 BTU/Hr) deliver the power you need to make basket after basket of french fries, hot wings, onion rings, and fried chicken ready for your customers. The CF-75-NG is what you need to meet the daily demands of your busy kitchen, and conveniently make a variety of appetizers and entrees!
    ",https://usr-content.s3.us-east-2.amazonaws.com/cookline/cf-75-ng-specsheet.pdf,https://usr-content.s3.us-east-2.amazonaws.com/cookline/cookline-warranty.pdf,https://usr-content.s3.us-east-2.amazonaws.com/cookline/cf-series-manual.pdf
"Cookline OV12 Countertop Conveyor Oven with 10.5"" Belt - 120V, 1700W",OV12,739,COOKLINE,"
                            <ul>
<li>Infared conveyor oven</li>
<li>On/off power switch</li>
<li>Independent top and bottom heating elements</li>
<li>Cooking area: 11.8"" x 17.7"" x 3.15""</li>
<li>Belt width:10.5""</li>
<li>Belt length: 57.5""</li>
<li>Detachable feeding tray</li>
<li>Left to Right operation</li>
</ul>
                          ",https://usrbrands.com/cdn/shop/files/cookline-countertop-conveyor-oven_130x.jpg?v=1711354906,"
      This Cookline OV12 Countertop Conveyor Oven is a must-have for any commercial kitchen looking to streamline their cooking process and create delicious, perfectly cooked bread, bagels, and pizzas every time.
    ",https://usr-content.s3.us-east-2.amazonaws.com/cookline/ov12-specsheet.pdf,https://usr-content.s3.us-east-2.amazonaws.com/cookline/cookline-warranty.pdf,https://usr-content.s3.us-east-2.amazonaws.com/cookline/ov-series-manual.pdf
"CCB-48 48"" Gas Countertop Radiant Charbroiler",CCB-48,748,COOKLINE,"
                            <ul>
<li>Stainless steel front and sides</li>
<li>Steel U-shape burner, each 30,000 BTU/hr</li>
<li>To be controlled every 12“</li>
<li>Hot rolled steel radiant cover with cast iron grate</li>
<li>Standby S/S pilot for easy start</li>
<li>Adjustable heavy duty legs</li>
<li>Cool to touch fiberglass Nylon knobs</li>
<li>Grease through channel in the front</li>
<li>Stainless steel oil collector in the bottom</li>
<li>Stainless steel splash guard at 3 sides</li>
<li>Durable brass control valve</li>
<li>Easy access to pilot valve adjustment screws</li>
<li>Easy gas conversion in field</li>
<li>3/4” NPT rear gas connection</li>
<li>Shipped with gas regulator<br>
</li>
</ul>
                          ",https://usrbrands.com/cdn/shop/files/ccb48-charbroiler-angle_130x.jpg?v=1755835760,"
      This Cookline gas radiant charbroiler is great for a variety of cooking operations. It features exceptionally durable cast-iron grates for optimal heat retention and well-spaced out burners for even heating and precision control over your broiling. Whether you are looking to pump out juice steaks, flame-kissed burgers, or those good chicken breasts with grill marks, this countertop gas charbroiler will suffice. The large cooking surface allows you to prepare several orders simultaneously, so you can bring total reliability to your commercial kitchen.
    ",https://usr-content.s3.us-east-2.amazonaws.com/cookline/ccb-48-specsheet.pdf,https://usr-content.s3.us-east-2.amazonaws.com/cookline/cookline-warranty.pdf,https://usr-content.s3.us-east-2.amazonaws.com/cookline/ccb-series-manual.pdf
Automax 4G 120 lb. Gas Vertical Gyro Shawarma Machine,4G,799,COOKLINE,"
                            
<ul>
 	<li>All stainless steel body</li>
 	<li>Durable and easy to clean</li>
 	<li>Infrared burner can ensure excellent roasting</li>
 	<li>Adjustable distance between burner and satay</li>
 	<li>Motor speed is 4 RPM</li>
 	<li>Diameter of satay holder is no more than 16""</li>
 	<li>Consistant surface temperature</li>
 	<li>Oil inflow drain</li>
 	<li>Collector drawer for oil, and leavings</li>
 	<li>Simple controls and easy to operate</li>
 	<li>Each burner is independently controlled</li>
</ul>

                          ",https://usrbrands.com/cdn/shop/files/4g_vertical-gyro-shawarma-broiler-with-pan-side_130x.jpg?v=1755838108,"
      This Cookline 4G Gas Vertical Gyro/Kebab Shawarma Machine features an all stainless steel body, which is durable and easy to clean. The 4G is well equipped with an infrared burner that will ensure excellent roasting of your meats. And the collector drawer for oil, and leavings make cleaning a breeze.
    ",https://usr-content.s3.us-east-2.amazonaws.com/cookline/4g-specsheet.pdf,https://usr-content.s3.us-east-2.amazonaws.com/cookline/cookline-warranty.pdf,https://usr-content.s3.us-east-2.amazonaws.com/cookline/4g-manual.pdf
"CGG-36T-HD 36"" Commercial Countertop Gas Griddle with Thermostatic Controls - 90,000 BTU",CGG-36T-HD,813,COOKLINE,"
                            <ul>
<li>Countertop gas griddle with thermostatic controls</li>
<li>Stainless steel front and sides</li>
<li>Steel U-shape burner each 30,000 BTU/hr</li>
<li>200°F to 500°F temperature range in 50°F increments</li>
<li>1” thickness polished griddle plate</li>
<li>Standby S/S pilot for easy start</li>
<li>Adjustable heavy-duty legs</li>
<li>Cool to touch fiberglass Nylon knobs</li>
<li>Grease through the channel in the front</li>
<li>Stainless steel oil collector in the bottom</li>
<li>Stainless steel splash guard at 3 sides</li>
<li>Durable brass control valve</li>
<li>Easy access to pilot valve adjustment screws</li>
<li>LP conversion kit included, easy gas conversion in the field</li>
<li>3⁄4” NPT rear gas connection</li>
<li>Shipped with gas regulator</li>
</ul>
                          ",https://usrbrands.com/cdn/shop/files/cgg36-angle_130x.jpg?v=1755853627,"
      Thanks to its heavy-duty griddle plate, precise temperature control, and overall robust design, the Cookline commercial gas griddle is the perfect choice for commercial kitchens. Use the thermostat to adjust temperatures based on what you're cooking, and add a variety of options to your menu list. This portable gas griddle has a pull-out crumb tray that collects grease and food debris throughout the day, making cleaning much easier.
    ",https://usr-content.s3.us-east-2.amazonaws.com/cookline/cgg-36t-hd-specsheet.pdf,https://usr-content.s3.us-east-2.amazonaws.com/cookline/cookline-warranty.pdf,https://usrbrands.com/products/cgg-36t-hd-36-commercial-countertop-gas-griddle-with-thermostatic-controls-90-000-btu
"Cookline OV14 Countertop Conveyor Oven with 14"" Belt - 240V, 3600W",OV14,817,COOKLINE,"
                            <ul>
<li>Infared conveyor oven</li>
<li>On/off power switch</li>
<li>Independent top and bottom heating elements</li>
<li>Cooking area: 14"" x 17.7"" x 3.15""</li>
<li>Belt width:13""</li>
<li>Belt length: 57.5""</li>
<li>Detachable feeding tray</li>
<li>Left to Right operation</li>
</ul>
                          ",https://usrbrands.com/cdn/shop/files/cookline-countertop-conveyor-oven_1_130x.jpg?v=1711355321,"
      This Cookline OV14 Countertop Conveyor Oven is a must-have for any commercial kitchen looking to streamline their cooking process and create delicious, perfectly cooked bread, bagels, and pizzas every time.
    ",https://usr-content.s3.us-east-2.amazonaws.com/cookline/ov14-specsheet.pdf,https://usr-content.s3.us-east-2.amazonaws.com/cookline/cookline-warranty.pdf,https://usr-content.s3.us-east-2.amazonaws.com/cookline/ov-series-manual.pdf
"Cookline CPO-2D Double Deck Countertop Pizza Oven with Two Independent Chambers, 240V",CPO-2D,836,COOKLINE,"
                            <ul>
<li>Electric countertop pizza, bakery oven</li>
<li>Baking chamber dimensions: 17.91"" x 17.91"" x 3.94""</li>
<li>Independent baking chambers with separate controls</li>
<li>Stainless steel construction</li>
<li>150F to 840F temperature range</li>
<li>30-minute timer with audible signal</li>
<li>Top and bottom elements</li>
<li>Tempered glass windows</li>
<li>On/Off power switches</li>
<li>Oven lights for better visibility</li>
<li>1/2"" thick cordierite stone decks included</li>
</ul>
                          ",https://usrbrands.com/cdn/shop/files/cpo-2d-pizza-deck-oven-front_130x.jpg?v=1706102267,"
      The Cookline double deck countertop pizza oven can accommodate pizzas up to 17 3/4 inches in diameter and features 3.94-inch-tall chamber openings suitable for bread and taller items. Each oven cavity is equipped with a 1/2-inch thick cordierite stone deck for achieving crispy crusts.
    ",https://usr-content.s3.us-east-2.amazonaws.com/cookline/cpo-2d-specsheet.pdf,https://usr-content.s3.us-east-2.amazonaws.com/cookline/cookline-warranty.pdf,https://usr-content.s3.us-east-2.amazonaws.com/prepline/cpo-manual.pdf
Automax 4E 120 lb. Electric Vertical Gyro Shawarma Machine - 220/240v,4E,839,COOKLINE,"
                            <ul>
<li>All stainless steel body</li>
<li>Durable and easy to clean</li>
<li>Heating elements can ensure excellent roasting</li>
<li>Adjustable distance between burner and satay</li>
<li>Motor speed is 2.5 RPM</li>
<li>Diameter of satay holder is no more than 16""</li>
<li>Consistant surface temperature</li>
<li>Oil inflow drain</li>
<li>Collector drawer for oil, and leavings</li>
<li>Simple controls and easy to operate</li>
<li>Each burner is independently controlled</li>
<li>220-240v/60hz/1ph/6000w</li>
</ul>
                          ",https://usrbrands.com/cdn/shop/products/4e-2_130x.jpg?v=1612897918,"
      This Cookline 4E Electric Vertical Gyro/Kebab Shawarma Machine features an all stainless steel body that is durable and easy to clean. The 4E equipped with heating elements that will ensure excellent roasting of your meats. And the collector drawer for oil, and leavings make cleaning a breeze.
    ",https://usr-content.s3.us-east-2.amazonaws.com/cookline/4e-specsheet.pdf,https://usr-content.s3.us-east-2.amazonaws.com/cookline/cookline-warranty.pdf,https://usrbrands.com/products/automax-4e-120-lb-electric-vertical-gyro-shawarma-machine-240v
"DOF-30 Commercial 30 lb. Gas Flat Bottom Countertop Donut Fryer - 50,000 BTU",DOF-30,914,COOKLINE,"
                            <ul>
<li>Countertop Funnel Cake, Donut Fryer</li>
<li>Durable stainless steel construction</li>
<li>(2 ) ""U"" shaped burners, 25,000 BTU / burner</li>
<li>Stainless steel 30 lb. oil capacity tank</li>
<li>Millivolt (snap action) thermostat, 200°F - 400°F</li>
<li>Natural Gas Standard, <span data-mce-fragment=""1"">&nbsp;Field convertible to </span>LP(Kit Sold Separately)</li>
<li>Adjustable 4"" stainless steel feet</li>
</ul>
                          ",https://usrbrands.com/cdn/shop/files/countertop-donut-fryer-funnel-fryer_891043b3-0f9c-4aee-9f6a-e1fc5314e4a6_130x.jpg?v=1697624713,"
      Experience the ease of frying with the Cookline DOF-30 gas countertop donut fryer featuring a convenient standing pilot. Designed with a flat bottom, this fryer is tailor-made for the delicate frying of wet batter products like donuts and funnel cakes. Setting it apart from standard fryers, these flat-bottom fryers excel in swiftly recovering oil and do away with the notion of a cold zone. This exceptional design guarantees the precise cooking of diverse wet batter items, all at the perfect temperature. The built-in adjustable thermostatic control system, featuring a snap-action thermostat, ensures that the oil temperature remains steady within the 200 to 400 degrees Fahrenheit range.
    ",https://usr-content.s3.us-east-2.amazonaws.com/cookline/dof-30-specsheet.pdf,https://usr-content.s3.us-east-2.amazonaws.com/cookline/cookline-warranty.pdf,https://usrbrands.com/products/dof-30-commercial-30-lb-gas-flat-bottom-countertop-donut-fryer-54-000-btu
"CCB-60 60"" Gas Countertop Radiant Charbroiler",CCB-60,967,COOKLINE,"
                            
<ul>
 	<li>Stainless steel front and sides</li>
 	<li>Steel U-shape burner, each 30,000 BTU/hr</li>
 	<li>To be controlled every 12“</li>
 	<li>Hot rolled steel radiant cover with cast iron grate</li>
 	<li>Standby S/S pilot for easy start</li>
 	<li>Adjustable heavy duty legs</li>
 	<li>Cool to touch fiberglass Nylon knobs</li>
 	<li>Grease through channel in the front</li>
 	<li>Stainless steel oil collector in the bottom</li>
 	<li>Stainless steel splash guard at 3 sides</li>
 	<li>Durable brass control valve</li>
 	<li>Easy access to pilot valve adjustment screws</li>
 	<li>Easy gas conversion in field</li>
 	<li>3/4” NPT rear gas connection</li>
 	<li>Shipped with gas regulator</li>
</ul>

                          ",https://usrbrands.com/cdn/shop/products/ccb-60_130x.jpg?v=1612898222,"
      This Cookline gas radiant charbroiler is great for a variety of cooking operations. It features exceptionally durable cast-iron grates for optimal heat retention and well-spaced out burners for even heating and precision control over your broiling. Whether you are looking to pump out juice steaks, flame-kissed burgers, or those good chicken breasts with grill marks, this countertop gas charbroiler will suffice. The large cooking surface allows you to prepare several orders simultaneously, so you can bring total reliability to your commercial kitchen.
    ",https://usr-content.s3.us-east-2.amazonaws.com/cookline/ccb-60-specsheet.pdf,https://usr-content.s3.us-east-2.amazonaws.com/cookline/cookline-warranty.pdf,https://usr-content.s3.us-east-2.amazonaws.com/cookline/ccb-series-manual.pdf
"CGG-48T-HD 48"" Commercial Countertop Gas Griddle with Thermostatic Controls - 120,000 BTU",CGG-48T-HD,1089,COOKLINE,"
                            <ul>
<li>Countertop gas griddle with thermostatic controls</li>
<li>Stainless steel front and sides</li>
<li>Steel U-shape burner each 30,000 BTU/hr</li>
<li>200°F to 500°F temperature range in 50°F increments</li>
<li>1” thickness polished griddle plate</li>
<li>Standby S/S pilot for easy start</li>
<li>Adjustable heavy-duty legs</li>
<li>Cool to touch fiberglass Nylon knobs</li>
<li>Grease through the channel in the front</li>
<li>Stainless steel oil collector in the bottom</li>
<li>Stainless steel splash guard at 3 sides</li>
<li>Durable brass control valve</li>
<li>Easy access to pilot valve adjustment screws</li>
<li>LP conversion kit included, easy gas conversion in the field</li>
<li>3⁄4” NPT rear gas connection</li>
<li>Shipped with gas regulator<br>
</li>
</ul>
                          ",https://usrbrands.com/cdn/shop/files/cgg48-angle_130x.jpg?v=1755834762,"
      This Cookline gas griddle brings reliability to your diner, concession stand, or any food business. Make breakfast favorites such as bacon, pancakes, and french toast, or quickly prepare lunch burgers and cheesesteaks for your customers. Robust steel construction ensures durability, while the ¾” thick griddle plate allows for quick and even heating - whatever you’re cooking. If you’re looking for a light-duty portable gas griddle for a small diner or restaurant, this unit will provide all the versatility you need.
    ",https://usr-content.s3.us-east-2.amazonaws.com/cookline/cgg-48t-hd-specsheet.pdf,https://usr-content.s3.us-east-2.amazonaws.com/cookline/cookline-warranty.pdf,https://usrbrands.com/products/cgg-48t-hd-48-commercial-countertop-gas-griddle-with-thermostatic-controls-120-000-btu
"DOF-40 Commercial 40 lb. Gas Flat Bottom Countertop Donut Fryer - 81,000 BTU",DOF-40,1170,COOKLINE,"
                            <ul>
<li>Countertop Funnel Cake, Donut Fryer</li>
<li>Durable stainless steel construction</li>
<li>(3) ""U"" shaped burners, 27,000 BTU / burner</li>
<li>Stainless steel 30 lb. oil capacity tank</li>
<li>Millivolt (snap action) thermostat, 200°F - 400°F</li>
<li>Natural Gas Standard, <span data-mce-fragment=""1"">&nbsp;Field convertible to </span>LP(Kit Sold Separately)</li>
<li>Adjustable 4"" stainless steel feet</li>
</ul>
                          ",https://usrbrands.com/cdn/shop/files/countertop-donut-fryer-funnel-fryer_130x.jpg?v=1697624550,"
      Experience the ease of frying with the Cookline DOF-40 gas countertop donut fryer featuring a convenient standing pilot. Designed with a flat bottom, this fryer is tailor-made for the delicate frying of wet batter products like donuts and funnel cakes. Setting it apart from standard fryers, these flat-bottom fryers excel in swiftly recovering oil and do away with the notion of a cold zone. This exceptional design guarantees the precise cooking of diverse wet batter items, all at the perfect temperature. The built-in adjustable thermostatic control system, featuring a snap-action thermostat, ensures that the oil temperature remains steady within the 200 to 400 degrees Fahrenheit range.
    ",https://usr-content.s3.us-east-2.amazonaws.com/cookline/dof-40-specsheet.pdf,https://usr-content.s3.us-east-2.amazonaws.com/cookline/cookline-warranty.pdf,https://usrbrands.com/products/copy-of-dof-170-commercial-170-lb-gas-flat-bottom-donut-fryer-120-000-btu-1
GR-268 40” 12 Chicken Batch Gas Rotisserie Oven - 115v,GR-268,1233,COOKLINE,"
                            <ul>
<li>Stainless steel structure</li>
<li>Thermostat 86°F to 572°F</li>
<li>Ceramic coating interior</li>
<li>Insulation on all sides</li>
<li>Top, bottom, and bottom heat zone</li>
<li>Independent burner control</li>
<li>Bakelite handle cool-to-touch</li>
<li>(4) Removable stainless steel spits</li>
<li>Drip tray and drain</li>
<li>Interior lighting</li>
<li>Cooks (12) chicken per batch</li>
<li>Tempered glass</li>
<li>Adjustable legs</li>
<li>115V electrical connection is required</li>
</ul>
                          ",https://usrbrands.com/cdn/shop/products/ysd-12g_130x.jpg?v=1612897949,"
      This Cookline GR-268 40"" 12 chicken batch gas rotisserie oven features stainless steel construction. Temperature controls allow you to keep your chicken anywhere between 86 degrees and 572 degrees Fahrenheit. And with insulation on all sides, you can rest assured that your rotisserie chicken will be well preserved.
    ",https://usr-content.s3.us-east-2.amazonaws.com/cookline/gr-268-specsheet.pdf,https://usr-content.s3.us-east-2.amazonaws.com/cookline/cookline-warranty.pdf,https://usr-content.s3.us-east-2.amazonaws.com/cookline/gr-268-manual.pdf
ER-268 40” 12 Chicken Batch Electric Rotisserie Oven - 220V,ER-268,1233,COOKLINE,"
                            
<ul>
 	<li>Stainless steel structure</li>
 	<li>Thermostat 86°F to 572°F</li>
 	<li>Ceramic coating interior</li>
 	<li>Insulation on all sides</li>
 	<li>Top, bottom, and bottom heat zone</li>
 	<li>Independent burner control</li>
 	<li>Bakelite handle cool-to-touch</li>
 	<li>(4) Removable stainless steel spits</li>
 	<li>Drip tray and drain</li>
 	<li>Interior lighting</li>
 	<li>Cooks (12) chicken per batch</li>
 	<li>Tempered glass</li>
 	<li>Adjustable legs</li>
 	<li>220V electrical connection is required</li>
</ul>

                          ",https://usrbrands.com/cdn/shop/products/ysd-12e_130x.jpg?v=1612897947,"
      This Cookline ER-268 40"" 12 chicken electric batch rotisserie oven features stainless steel construction. Temperature controls allow you to keep your chicken anywhere between 86 degrees and 572 degrees Fahrenheit. And with insulation on all sides, you can rest assured that your rotisserie chicken will be well preserved.
    ",https://usr-content.s3.us-east-2.amazonaws.com/cookline/er-268-specsheet.pdf,https://usr-content.s3.us-east-2.amazonaws.com/cookline/cookline-warranty.pdf,https://usr-content.s3.us-east-2.amazonaws.com/cookline/er-268-manual.pdf
"CGG-60T-HD 60"" Gas Countertop Griddle with Thermostatic Controls - 150,000 BTU",CGG-60T-HD,1271,COOKLINE,"
                            <ul>
<li>Thermostatic controls</li>
<li>Stainless steel front and sides</li>
<li>Steel U-shape burner each 30,000 BTU/hr</li>
<li>To be controlled every 12“</li>
<li>5/8” thickness polished griddle plate</li>
<li>Standby S/S pilot for easy start</li>
<li>Adjustable heavy duty legs</li>
<li>Cool to touch fiberglass Nylon knobs</li>
<li>Grease through channel in the front</li>
<li>Stainless steel oil collector in the bottom</li>
<li>Stainless steel splash guard at 3 sides</li>
<li>Durable brass control valve</li>
<li>Easy access to pilot valve adjustment screws</li>
<li>Easy gas conversion in field</li>
<li>3⁄4” NPT rear gas connection<br>
</li>
</ul>
                          ",https://usrbrands.com/cdn/shop/files/cgg60-angle_130x.jpg?v=1755851979,"
      The Cookline gas griddle with thermostatic controls is designed for the needs of the busy commercial kitchen. Prepare hot-selling breakfast items such as eggs and bacon, or make excellent sandwiches for the rush lunch hour bite. This unit boasts an aesthetically appealing stainless steel design, powerful griddle burners, temperature control, and a made-for-convenience backsplash. Bring reliability to your diner, concession stand, or restaurant, and keep customers supplied with their favorite picks.
    ",https://usr-content.s3.us-east-2.amazonaws.com/cookline/cgg-60t-hd-specsheet.pdf,https://usr-content.s3.us-east-2.amazonaws.com/cookline/cookline-warranty.pdf,https://usrbrands.com/products/cgg-60t-hd-60-gas-countertop-griddle-with-thermostatic-controls-150-000-btu
Cookline PC-1-NG Natural Gas Pasta Cooker - 12 Gallons,PC-1-NG,1405,COOKLINE,"
                            <ul>
<li>Natural Gas pasta cooker</li>
<li>75 pounds tank capacity</li>
<li>Powerful burners with total 70,000BTU</li>
<li>Thermostat (140℉- 400 ℉) controlled</li>
<li>Open S/S fryer pot with cold zone</li>
<li>Standby S/S pilot for easy start</li>
<li>Includes 6 stainless steel mesh baskets with ergonomic positioned handles</li>
<li>Starch skimming drain for easier water drainage</li>
<li>Prompt response thermostat ensures fast temp recovery</li>
<li>450 ℉ hi limit for safety</li>
<li>1 1/4"" full port drain valve</li>
<li>Open pot design features easy cleaning</li>
<li>Rear backsplash and overflow protection</li>
<li>S/S hanger plate at the back</li>
<li>1/2"" NPT rear gas connection, 3/4"" NPT gas connector included</li>
</ul>
                          ",https://usrbrands.com/cdn/shop/files/pc-1-pasta-cooker-angle_130x.jpg?v=1755762363,"
      The Cookline PC-1-NG pasta cooker is a perfect addition to any restaurants, fast food stores for cooking pasta, noodles, etc. It's built with heavy duty stainless steel housing able to serve in all kinds of commercial kitchen environments. 
    ",https://usr-content.s3.us-east-2.amazonaws.com/cookline/pc-1-ng-specsheet.pdf,https://usr-content.s3.us-east-2.amazonaws.com/cookline/cookline-warranty.pdf,https://usrbrands.com/products/cookline-pc-1-ng-natural-gas-pasta-cooker-12-gallons
Cookline PC-1-LP Liquid Proapne Pasta Cooker - 12 Gallons,PC-1-LP,1405,COOKLINE,"
                            <ul>
<li>Liquid Proapne gas pasta cooker</li>
<li>75 pounds tank capacity</li>
<li>Powerful burners with total 70,000BTU</li>
<li>Thermostat (140℉- 400 ℉) controlled</li>
<li>Open S/S fryer pot with cold zone</li>
<li>Standby S/S pilot for easy start</li>
<li>Includes 6 stainless steel mesh baskets with ergonomic positioned handles</li>
<li>Starch skimming drain for easier water drainage</li>
<li>Prompt response thermostat ensures fast temp recovery</li>
<li>450 ℉ hi limit for safety</li>
<li>1 1/4"" full port drain valve</li>
<li>Open pot design features easy cleaning</li>
<li>Rear backsplash and overflow protection</li>
<li>S/S hanger plate at the back<br>
</li>
</ul>
                          ",https://usrbrands.com/cdn/shop/files/pc-1-pasta-cooker-angle_5ccf14fd-6ec6-488b-abf1-1e6941fadee3_130x.jpg?v=1755763790,"
      The Cookline PC-1-LP pasta cooker is a perfect addition to any restaurants, fast food stores for cooking pasta, noodles, etc. It's built with heavy duty stainless steel housing able to serve in all kinds of commercial kitchen environments. 
    ",https://usr-content.s3.us-east-2.amazonaws.com/cookline/pc-1-lp-specsheet.pdf,https://usr-content.s3.us-east-2.amazonaws.com/cookline/cookline-warranty.pdf,https://usrbrands.com/products/cookline-pc-1-lp-liquid-proapne-pasta-cooker-12-gallons
"DOF-125 Commercial 125 lb. Gas Flat Bottom Donut Fryer - 90,000 BTU",DOF-125,1454,COOKLINE,"
                            <ul>
<li>Gas Funnel Cake, Donut Fryer</li>
<li>90,000 BTU - 125 lb. Oil Capacity</li>
<li>Durable Stainless Steel Construction</li>
<li>Stainless Steel Mesh Strainer Included</li>
<li>NG Standard, LP Conversion Kit Included</li>
<li>(3 ) ""U"" shaped burners, 30,000 BTU / burner</li>
<li>Stainless steel 125 lb. oil capacity tank</li>
<li>Millivolt (snap action) thermostat, 200°F - 400°F</li>
<li>Natural Gas Standard, <span data-mce-fragment=""1"">&nbsp;Field convertible to </span>LP(Kit Sold Separately)</li>
<li>Adjustable 6"" stainless steel feet</li>
</ul>
                          ",https://usrbrands.com/cdn/shop/files/floor-donutfryer_2_130x.jpg?v=1697624341,"
      Experience the ease of frying with the Cookline DOF-125 funnel cake / donut fryer featuring a convenient standing pilot. The 18"" x 24"" flat-bottom configuration presents an array of distinctive advantages that are poised to make a notable impact. With its non-overlapping attribute, this fryer is exceptionally well-suited for an array of delicacies, including funnel cakes, donuts, fish, and other fried items with moist batters. The built-in adjustable thermostatic control system, featuring a snap-action thermostat, ensures that the oil temperature remains steady within the 200 to 400 degrees Fahrenheit range.
    ",https://usr-content.s3.us-east-2.amazonaws.com/cookline/dof-125-specsheet.pdf,https://usr-content.s3.us-east-2.amazonaws.com/cookline/cookline-warranty.pdf,https://usrbrands.com/products/dof-125-commercial-125-lb-gas-flat-bottom-donut-fryer-90-000-btu
"Cookline ER24-208 24"" Electric Range with 4 Burners, 208V",ER24-208,1456,COOKLINE,"
                            <ul>
<li>Electric hotplate, 2.6kw and 2kw combination</li>
<li>Thermostat (140°F- 500°F ) controlled oven</li>
<li>Spacious static oven cavity</li>
<li>Adjustable heavy duty legs</li>
<li>Stainless steel oven door</li>
<li>Separate controls on the oven</li>
<li>Kick plate at the bottom for easy access for servicing</li>
</ul>
                          ",https://usrbrands.com/cdn/shop/files/er24-electric-range-side_130x.jpg?v=1755831158,"
      No gas? No problem with Cookline ER24-208 24"" electric range with oven base. This range features four round plates, two 7 3/8"" with 2 KW power output and two 8 7/8"" with 2.6 KW power output, which can accommodate a wide range of cookware sizes. The cast iron heating areas are not only durable, but they also retain heat better than traditional coil-style burners, while the independent heat controls provide accurate temperature adjustments to suit any recipe.
    ",https://usr-content.s3.us-east-2.amazonaws.com/cookline/er24-208-specsheet.pdf,https://usr-content.s3.us-east-2.amazonaws.com/cookline/cookline-warranty.pdf,https://usrbrands.com/products/cookline-er24-208-24-electric-range-with-4-burners-208v
"Cookline ER24-240 24"" Electric Range with 4 Burners, 240V",ER24-240,1456,COOKLINE,"
                            <ul>
<li>Electric hotplate, 2.6kw and 2kw combination</li>
<li>Thermostat (140°F- 500°F ) controlled oven</li>
<li>Spacious static oven cavity</li>
<li>Adjustable heavy duty legs</li>
<li>Stainless steel oven door</li>
<li>Separate controls on the oven</li>
<li>Kick plate at the bottom for easy access for servicing</li>
</ul>
                          ",https://usrbrands.com/cdn/shop/files/er24-electric-range-side_58442952-b489-4329-b655-441cb662035e_130x.jpg?v=1755831531,"
      No gas? No problem with Cookline ER24-208 24"" electric range with oven base. This range features four round plates, two 7 3/8"" with 2 KW power output and two 8 7/8"" with 2.6 KW power output, which can accommodate a wide range of cookware sizes. The cast iron heating areas are not only durable, but they also retain heat better than traditional coil-style burners, while the independent heat controls provide accurate temperature adjustments to suit any recipe. 
    ",https://usr-content.s3.us-east-2.amazonaws.com/cookline/er24-240-specsheet.pdf,https://usr-content.s3.us-east-2.amazonaws.com/cookline/cookline-warranty.pdf,https://usrbrands.com/products/cookline-er24-240-24-electric-range-with-4-burners-240v
"DOF-170 Commercial 170 lb. Gas Flat Bottom Donut Fryer - 120,000 BTU",DOF-170,1628,COOKLINE,"
                            <ul>
<li>Gas Funnel Cake, Donut Fryer</li>
<li>120,000 BTU - 170 lb. Oil Capacity</li>
<li>Durable Stainless Steel Construction</li>
<li>Stainless Steel Mesh Strainer Included</li>
<li>Natural Gas Standard, <span data-mce-fragment=""1"">&nbsp;Field convertible to </span>LP(Kit Sold Separately)</li>
</ul>
                          ",https://usrbrands.com/cdn/shop/files/floor-donutfryer-170_130x.jpg?v=1697624085,"
      Experience the ease of frying with the Cookline DOF-170 funnel cake / donut fryer featuring a convenient standing pilot. The 24"" x 24"" flat-bottom configuration presents an array of distinctive advantages that are poised to make a notable impact. With its non-overlapping attribute, this fryer is exceptionally well-suited for an array of delicacies, including funnel cakes, donuts, fish, and other fried items with moist batters. The built-in adjustable thermostatic control system, featuring a snap-action thermostat, ensures that the oil temperature remains steady within the 200 to 400 degrees Fahrenheit range.
    ",https://usr-content.s3.us-east-2.amazonaws.com/cookline/dof-170-specsheet.pdf,https://usr-content.s3.us-east-2.amazonaws.com/cookline/cookline-warranty.pdf,https://usrbrands.com/products/copy-of-cf-75-lp-21-liquid-propane-5-tube-standing-75-lb-commercial-deep-fryer-170-000-btu
"Cookline ER36-208 36"" Electric Range with 6 Burners, 208V",ER36-208,2104,COOKLINE,"
                            <ul>
<li>Electric hotplate, 2.6kw and 2kw combination</li>
<li>Thermostat (140°F- 500°F ) controlled oven</li>
<li>Spacious static oven cavity</li>
<li>Adjustable heavy duty legs</li>
<li>Stainless steel oven door</li>
<li>Separate controls on the oven</li>
<li>Kick plate at the bottom for easy access for servicing</li>
</ul>
                          ",https://usrbrands.com/cdn/shop/files/er36-electric-range-side_130x.jpg?v=1755831490,"
      No gas? No problem with Cookline ER36-208 36"" electric range with oven base. This range features six round plates, three 7 3/8"" with 2 KW power output and three 8 7/8"" with 2.6 KW power output, which can accommodate a wide range of cookware sizes. The cast iron heating areas are not only durable, but they also retain heat better than traditional coil-style burners, while the independent heat controls provide accurate temperature adjustments to suit any recipe. 
    ",https://usr-content.s3.us-east-2.amazonaws.com/cookline/er36-208-specsheet.pdf,https://usr-content.s3.us-east-2.amazonaws.com/cookline/cookline-warranty.pdf,https://usrbrands.com/products/cookline-er36-208-36-electric-range-with-6-burners-208v
"Cookline ER36-240 36"" Electric Range with 6 Burners, 240V",ER36-240,2104,COOKLINE,"
                            <ul>
<li>Electric hotplate, 2.6kw and 2kw combination</li>
<li>Thermostat (140°F- 500°F ) controlled oven</li>
<li>Spacious static oven cavity</li>
<li>Adjustable heavy duty legs</li>
<li>Stainless steel oven door</li>
<li>Separate controls on the oven</li>
<li>Kick plate at the bottom for easy access for servicing</li>
</ul>
                          ",https://usrbrands.com/cdn/shop/files/er36-electric-range-side_bbd6f35f-9a5c-4c98-87cc-51205e6d4955_130x.jpg?v=1755831693,"
      No gas? No problem with Cookline ER36-240 36"" electric range with oven base. This range features six round plates, three 7 3/8"" with 2 KW power output and three 8 7/8"" with 2.6 KW power output, which can accommodate a wide range of cookware sizes. The cast iron heating areas are not only durable, but they also retain heat better than traditional coil-style burners, while the independent heat controls provide accurate temperature adjustments to suit any recipe. 
    ",https://usr-content.s3.us-east-2.amazonaws.com/cookline/er36-240-specsheet.pdf,https://usr-content.s3.us-east-2.amazonaws.com/cookline/cookline-warranty.pdf,https://usrbrands.com/products/cookline-er36-240-36-electric-range-with-6-burners-240v
"Cookline CC100-DBL Double Deck Full Size Gas Convection Oven - 108,000 BTU",CC100-DBL,4404,COOKLINE,"
                            
<ul>
 	<li>Double deck full-size oven</li>
 	<li>Stainless steel front galvanized sides with robust support</li>
 	<li>Direct-fired gas in-shot burner (3) each 18,000 BTU/Hr</li>
 	<li>Temperature adjustable from 167°F to 563°F</li>
 	<li>Porcelainize interior, easy to clean</li>
 	<li>Dual pane thermal glass windows</li>
 	<li>60-minute electric timer with bell</li>
 	<li>1/2 HP fan motor with dual-speed control</li>
 	<li>Removable 13-position rack guides</li>
 	<li>4 heavy duty chrome plated racks</li>
 	<li>Cooling down function</li>
 	<li>Interior chamber light</li>
 	<li>Double stacking options to optimize kitchen space</li>
 	<li>Automatic ignition system for gas safety operation</li>
 	<li>Microswitch for complete shut off once door is opened</li>
 	<li>3/4"" NPT rear gas connection</li>
 	<li>Stacking kit included</li>
</ul>

                          ",https://usrbrands.com/cdn/shop/files/cc100-double-deck-convection-oven-angle-red_130x.jpg?v=1755832742,"
      
    ",https://usr-content.s3.us-east-2.amazonaws.com/cookline/cc100-dbl-specsheet.pdf,https://usr-content.s3.us-east-2.amazonaws.com/cookline/cookline-warranty.pdf,https://usr-content.s3.us-east-2.amazonaws.com/cookline/cc100-manual.pdf
"Standard Range SR-PC11-NG Natural Gas Pasta Cooker - 122,000 BTU",SR-PC11-NG,,COOKLINE,"
                            <ul>
<li>11 Gallon natural gas pasta cooker</li>
<li>Powerful burners with total 122,000BTU</li>
<li>Temperature control range 86°F-257°F (30°C-125°C)</li>
<li>Stainless steel construction</li>
<li>6"" stainless steel adjustable legs</li>
<li>Gas connections 3/4"" Male NPT</li>
<li>Water inlet connection: 1/2”Male NPT</li>
<li>Waste water drain connection: 1"" Male NPT</li>
<li>Open pot design features easy cleaning</li>
<li>Rear backsplash and overflow protection</li>
<li>6 stainless steel mesh baskets with ergonomic positioned handles</li>
<li>260℉ hi limit for safety<br>
</li>
</ul>
                          ",https://usrbrands.com/cdn/shop/files/sr-pc11-pasta-cooker_130x.jpg?v=1731748979,"
      The Standard Range SR-PC11-NG Natural Gas pasta cooker is ideal for restaurants and fast-food spots, perfect for cooking fresh or dry pasta, noodles, and more. This high-BTU pasta cooker, made from durable stainless steel with rear backsplash construction, operates on Natural Gas and boasts a powerful 122,000 BTU system.
    ",https://usr-content.s3.us-east-2.amazonaws.com/cookline/pc-1-lp-specsheet.pdf,https://usr-content.s3.us-east-2.amazonaws.com/standard-range/standard-range-warranty.pdf,https://usrbrands.com/products/standard-range-sr-pc11-ng-natural-gas-pasta-cooker-122-000-btu
"Cookline HCVE-32-240 23"" Commercial Half Size Electric Countertop Convection Oven with Steam Injection, 220V",HCVE-32-240,,COOKLINE,"
                            <ul>
<li>Stainless steel structure</li>
<li>150F to 500F temperature range</li>
<li>Steam injection system and broil option</li>
<li>120 minutes timer in 10-minute increments</li>
<li>Advanced air flow design for even baking</li>
<li>Timing and heating indicators</li>
<li>Holds up to (4) 1/2 size sheet pans</li>
<li>4 shelves included</li>
<li>3/4"" water connection</li>
<li>Cool-touch double pane glass door</li>
<li>Stainless steel handle</li>
</ul>
                          ",https://usrbrands.com/cdn/shop/files/half-size-countertop-convection-oven-with-steam-injection_130x.jpg?v=1709023279,"
      Designed to amplify cooking capacity in confined kitchen spaces, the Cookline commercial half-size oven is perfect for snack bars, kiosks, and restaurants. Its compact design and 2.3 cu. ft. half-size cavity efficiently accommodate medium-batch products. The adjustable temperature control, spanning 150-500°F, ensures versatility in preparing a variety of dishes.
    ",https://usr-content.s3.us-east-2.amazonaws.com/cookline/hcve-32-240-specsheet.pdf,https://usr-content.s3.us-east-2.amazonaws.com/cookline/cookline-warranty.pdf,https://usrbrands.com/products/cookline-hcve-32-240-23-commercial-half-size-electric-countertop-convection-oven-with-steam-injection-220v
"Commercial 35 lb Natural Gas Stainless Steel Countertop Fryer - 66,000 BTU",,,COOKLINE,"
                            <ul>
<li>Natural Gas Countertop Fryer</li>
<li>3 Tube Burners - 66,000 BTU</li>
<li>2 Wire Mesh Fry Baskets Included</li>
<li>200°F - 400°F Millivolt Controls</li>
<li>Stainless Steel Oil Tank</li>
</ul>
                          ",https://usrbrands.com/cdn/shop/files/ctf3-natural-gas-countertop-gas-fryer_130x.jpg?v=1697624992,"
      This durable and reliable natural gas countertop fryer is essential to commercial kitchens that serve hot, fresh fried foods. It delivers 66,000 BTU worth of power for high-volume diners, cafeterias, and quick service restaurants. This unit has a 35 lb. capacity, which is just ideal for dinners, cafeterias, and small restaurants to keep producing basket after basket of fried goodies. Whats more, the double twin fryer baskets are made-for-convenience with a stainless steel basket hanger it allows your staff to start frying immediately by filling the tank.
    ",https://usr-content.s3.us-east-2.amazonaws.com/cookline/ctf3-specsheet.pdf,https://usr-content.s3.us-east-2.amazonaws.com/cookline/cookline-warranty.pdf,https://usrbrands.com/products/copy-of-commercial-25-lb-natural-gas-stainless-steel-countertop-fryer-44-000-btu
"Commercial 25 lb Natural Gas Stainless Steel Countertop Fryer - 44,000 BTU",,,COOKLINE,"
                            <ul>
<li>Natural Gas Countertop Fryer</li>
<li>2 Tube Burners - 44,000 BTU</li>
<li>Wire Mesh Fry Basket Included</li>
<li>200°F - 400°F Millivolt Controls</li>
<li>Stainless Steel Oil Tank</li>
</ul>
                          ",https://usrbrands.com/cdn/shop/files/ctf2-countertop-gas-fryer_2_1_1_130x.jpg?v=1697624847,"
      This durable and reliable natural gas countertop fryer is essential to commercial kitchens that serve hot, fresh fried foods. It delivers 44,000 BTU worth of power for high-volume diners, cafeterias, and quick service restaurants. This unit has a 25 lb. capacity, which is just ideal for dinners, cafeterias, and small restaurants to keep producing basket after basket of fried goodies. Whats more, the fryer basket is made-for-convenience with a stainless steel basket hanger it allows your staff to start frying immediately by filling the tank.
    ",https://usr-content.s3.us-east-2.amazonaws.com/cookline/ctf2-specsheet.pdf,https://usr-content.s3.us-east-2.amazonaws.com/cookline/cookline-warranty.pdf,https://usrbrands.com/products/copy-of-dof-30-commercial-30-lb-gas-flat-bottom-countertop-donut-fryer-54-000-btu
"16"" Electric Dual Cast Iron Crepe Maker, 240V",,,COOKLINE,"
                            <ul data-mce-fragment=""1"">
<li>Crepe Maker</li>
<li>Electric</li>
<li>(2)15.8"" dia. cast iron griddle</li>
<li>30° - 300°C (86°F to 572°F)</li>
<li>Includes T-shape wooden spreader</li>
<li>(2) 3,000 watts</li>
<li>240v/60/1-ph</li>
<li>(2) NEMA 6-20P</li>
</ul>
                          ",https://usrbrands.com/cdn/shop/products/cm-2-web-crepe-maker_130x.jpg?v=1658464110,"
      Serve your customers with delicious crepes with Cookline CM-2 16"" electric dual cast iron crepe maker, 240V. This crepe maker comes with thermostatic controls, iron coated cooking surfaces, lighting indicators, and (2) and powerful 3000-watt heating element that allows you to make crepes easily and quickly. A T-shape wooden spreader is included to help you whip up crepes.
    ",https://usr-content.s3.us-east-2.amazonaws.com/cookline/cm-2-specsheet.pdf,https://usr-content.s3.us-east-2.amazonaws.com/cookline/cookline-warranty.pdf,https://usrbrands.com/products/16-electric-dual-cast-iron-crepe-maker-240v
"16"" Electric Single Cast Iron Crepe Maker, 240V",,,COOKLINE,"
                            <ul data-mce-fragment=""1"">
<li data-mce-fragment=""1"">Crepe Maker</li>
<li data-mce-fragment=""1"">Electric</li>
<li data-mce-fragment=""1"">15.8"" dia. cast iron griddle</li>
<li data-mce-fragment=""1"">30° - 300°C (86°F to 572°F)</li>
<li data-mce-fragment=""1"">Includes T-shape wooden spreader</li>
<li data-mce-fragment=""1"">Drawer for tools</li>
<li data-mce-fragment=""1"">3,000 watts</li>
<li data-mce-fragment=""1"">240v/60/1-ph</li>
<li data-mce-fragment=""1"">NEMA 6-20P</li>
</ul>
                          ",https://usrbrands.com/cdn/shop/products/cm-1-web-crepe-maker_130x.jpg?v=1658463944,"
      Serve your customers with delicious crepes with Cookline CM-1 16"" electric cast iron single crepe maker, 240V. This crepe maker comes with thermostatic controls, iron coated cooking surface, lighting indicator, and powerful 3000-watt heating element that allows you to make crepes easily and quickly. A T-shape wooden spreader is included to help you whip up crepes.
    ",https://usr-content.s3.us-east-2.amazonaws.com/cookline/cm-1-specsheet.pdf,https://usr-content.s3.us-east-2.amazonaws.com/cookline/cookline-warranty.pdf,https://usrbrands.com/products/16-electric-single-cast-iron-crepe-maker-240v
"PRSG-18 Stainless Steel Sink End Splash Guard for Compartment Sink with 18"" Width Bowl",PRSG-18,,COOKLINE,"
                            <ul>
<li>Prevents grease and splatters on to walls</li>
<li>22 "" x 12"" measurement</li>
<li>Universal fitment</li>
<li>Easy installation</li>
<li>Removable</li>
</ul>
                          ",https://usrbrands.com/cdn/shop/products/RSES-16_9aab7673-396a-4d8d-aec2-c082e46ca422_130x.jpg?v=1640774387,"
      Shielding kitchen walls and equipment with a stainless steel splash guard. Ideal for making a more secure kitchen area, and speed up cleanup time. Its universal design and seamlessly on the side of compartment sinks with 18"" width bowl, by just put it on. Built from 18 gauge, 304 stainless steel, durable strength, and corrosion-resistant can last the length of time in your busy commercial kitchen.
    ",https://usrbrands.com/products/prsg-18-stainless-steel-sink-end-splash-guard-for-compartment-sink-with-18-width-bowl,https://usrbrands.com/products/prsg-18-stainless-steel-sink-end-splash-guard-for-compartment-sink-with-18-width-bowl,https://usrbrands.com/products/prsg-18-stainless-steel-sink-end-splash-guard-for-compartment-sink-with-18-width-bowl
"PRSG-16 Stainless Steel Sink End Splash Guard for Compartment Sink with 16"" Width Bowl",PRSG-16,,COOKLINE,"
                            <ul>
<li>Prevents grease and splatters on to walls</li>
<li>20 "" x 12"" measurement</li>
<li>Universal fitment</li>
<li>Easy installation</li>
<li>Removable</li>
</ul>
                          ",https://usrbrands.com/cdn/shop/products/RSES-16_130x.jpg?v=1640774120,"
      Shielding kitchen walls and equipment with a stainless steel splash guard. Ideal for making a more secure kitchen area, and speed up cleanup time. Its universal design and seamlessly on the side of compartment sinks with 16"" width bowl, by just put it on. Built from 18 gauge, 304 stainless steel, durable strength, and corrosion-resistant can last the length of time in your busy commercial kitchen.
    ",https://usrbrands.com/products/prsg-16-stainless-steel-sink-end-splash-guard-for-compartment-sink-with-16-width-bowl,https://usrbrands.com/products/prsg-16-stainless-steel-sink-end-splash-guard-for-compartment-sink-with-16-width-bowl,https://usrbrands.com/products/prsg-16-stainless-steel-sink-end-splash-guard-for-compartment-sink-with-16-width-bowl
"CR60-24RG-LP 60"" 6 Burner Liquid Propane Range with 2 Ovens with 24"" Raised Griddle and Broiler - 278,000 BTU",CR60-24RG-LP,,COOKLINE,"
                            <ul>
<li>Stainless steel front, back riser and shelf</li>
<li>LP gas conversion kit included</li>
<li>Cast iron open burner, each 30,000 BTU/hr</li>
<li>Thermostat (250°F- 550°F ) controlled oven</li>
<li>Welded frame structure for best stability</li>
<li>24” griddle plate(3⁄4” thickness) with splash guard</li>
<li>Broiler beneath the griddle to brown the cooked food</li>
<li>12” x12”(30x30cm) cast iron grate</li>
<li>Anti-clogging pilot cover under the grate</li>
<li>A pull-out crumb tray with angled handle in the front</li>
<li>U-shape oven burner with 31,000 BTU/hr</li>
<li>Thermal coupling safety valve for the oven</li>
<li>Stainless steel oven door with good insulation</li>
<li>Stainless steel handle for bottom oven</li>
<li>Kick plate at the bottom, easy access for servicing</li>
<li>3⁄4” NPT rear gas connection<br>
</li>
</ul>
                          ",https://usrbrands.com/cdn/shop/files/cr60-24rg-range-side-view_c3528a0a-a9c9-4cb0-a3de-5b403516bf0d_130x.jpg?v=1755830037,"
      This gas range oven brings efficiency and reliability to your kitchen. Powered by 30,000 BTU/Hour cast iron burners, and featuring a robust stainless steel construct with inbuilt safety features, the Cookline commercial gas stove is made for the heavy lifting. Effortlessly boil, simmer, saute, or perform a variety of cooking tasks simultaneously with the multiple burners and heavy-duty cast-iron grates. A U-Shape oven burner with 31,000 BTU/Hr brings the extra punch you need to run a busy commercial kitchen smoothly. Built to provide higher-performance over longer durations than standard gas range stoves, this unit is perfect for your versatile kitchen needs.
    ",https://usr-content.s3.us-east-2.amazonaws.com/cookline/cr60-24rg-lp-specsheet.pdf,https://usr-content.s3.us-east-2.amazonaws.com/cookline/cookline-warranty.pdf,https://usr-content.s3.us-east-2.amazonaws.com/cookline/cr-series-manual.pdf
"CR60-24G-LP 60"" 6 Burner Liquid Propane Range with 2 Ovens with 24"" Griddle",CR60-24G-LP,,COOKLINE,"
                            <ul>
<li>Stainless steel front, back riser and shelf</li>
<li>LP gas conversion kit included</li>
<li>Cast iron open burner, each 30,000 BTU/Hr</li>
<li>Thermostat (250°F~550°F ) controlled oven</li>
<li>Welded frame structure for best stability</li>
<li>Standby S/S pilot for easy start<br>
</li>
<li>12"" x 12"" cast iron grate</li>
<li>Anti-clogging pilot cover under the grate</li>
<li>A pull-out crumb tray with angled handle in the front</li>
<li>U-Shape oven burner with 31,000 BTU/Hr</li>
<li>Stainless steel oven door with good insulation</li>
<li>Stainless steel handle for bottom oven</li>
<li>Kick plate at the bottom for easy access for servicing</li>
<li>3/4"" NPT rear gas connection<br>
</li>
</ul>
                          ",https://usrbrands.com/cdn/shop/files/cr60-124g-range-side-view_a4366aad-b7b4-4b58-89bc-481cf833f318_130x.jpg?v=1755830191,"
      This gas range oven brings efficiency and reliability to your kitchen. Powered by 30,000 BTU/Hour cast iron burners, and featuring a robust stainless steel construct with inbuilt safety features, the Cookline commercial gas stove is made for the heavy lifting. Effortlessly boil, simmer, saute, or perform a variety of cooking tasks simultaneously with the multiple burners and heavy-duty cast-iron grates. A U-Shape oven burner with 31,000 BTU/Hr brings the extra punch you need to run a busy commercial kitchen smoothly. Built to provide higher-performance over longer durations than standard gas range stoves, this unit is perfect for your versatile kitchen needs.
    ",https://usr-content.s3.us-east-2.amazonaws.com/cookline/cr60-24g-lp-specsheet.pdf,https://usr-content.s3.us-east-2.amazonaws.com/cookline/cookline-warranty.pdf,https://usr-content.s3.us-east-2.amazonaws.com/cookline/cr-series-manual.pdf
"CR60-10-LP 60"" 10 Burner Liquid Propane Range with 2 Ovens",CR60-10-LP,,COOKLINE,"
                            <ul>
<li>Stainless steel front, back riser and shelf</li>
<li>LP gas conversion kit included</li>
<li>Cast iron open burner, each 30,000 BTU/Hr</li>
<li>Thermostat (250°F~550°F ) controlled oven</li>
<li>Welded frame structure for best stability</li>
<li>Standby S/S pilot for easy start</li>
<li>Adjustable heavy duty legs</li>
<li>12"" x 12"" cast iron grate</li>
<li>Anti-clogging pilot cover under the grate</li>
<li>A pull-out crumb tray with angled handle in the front</li>
<li>U-Shape oven burner with 31,000 BTU/Hr</li>
<li>Stainless steel oven door with good insulation</li>
<li>Stainless steel handle for bottom oven</li>
<li>Kick plate at the bottom for easy access for servicing</li>
<li>3/4"" NPT rear gas connection<br>
</li>
</ul>
                          ",https://usrbrands.com/cdn/shop/files/cr60-10-range-side-view_7b5846be-11f8-430b-aca3-6b51b8882998_130x.jpg?v=1755829188,"
      This gas range oven brings efficiency and reliability to your kitchen. Powered by 30,000 BTU/Hour cast iron burners, and featuring a robust stainless steel construct with inbuilt safety features, the Cookline commercial gas stove is made for the heavy lifting. Effortlessly boil, simmer, saute, or perform a variety of cooking tasks simultaneously with the multiple burners and heavy-duty cast-iron grates. A U-Shape oven burner with 31,000 BTU/Hr brings the extra punch you need to run a busy commercial kitchen smoothly. Built to provide higher-performance over longer durations than standard gas range stoves, this unit is perfect for your versatile kitchen needs.
    ",https://usr-content.s3.us-east-2.amazonaws.com/cookline/cr60-10-lp-specsheet.pdf,https://usr-content.s3.us-east-2.amazonaws.com/cookline/cookline-warranty.pdf,https://usr-content.s3.us-east-2.amazonaws.com/cookline/cr-series-manual.pdf
"CR36-6-LP 36"" 6 Burner Liquid Propane Range with Oven",CR36-6-LP,,COOKLINE,"
                            <ul>
<li>Stainless steel front, back riser and shelf</li>
<li>
<span data-mce-fragment=""1"">LP c</span>onversion kit included</li>
<li>Cast iron open burner, each 30,000 BTU/Hr</li>
<li>Thermostat (250°F~550°F ) controlled oven</li>
<li>Welded frame structure for best stability</li>
<li>Standby S/S pilot for easy start<br>
</li>
<li>12"" x 12""(30x30cm) cast iron grate</li>
<li>The range features anti-clogging pilot cover under the grate</li>
<li>A pull-out crumb tray with angled handle in the front</li>
<li>U-Shape oven burner with 31,000 BTU/Hr</li>
<li>Stainless steel oven door with good insulation</li>
<li>Stainless steel handle for bottom oven</li>
<li>Kick plate at the bottom for easy access for servicing</li>
<li>3/4"" NPT rear gas connection<br>
</li>
</ul>
                          ",https://usrbrands.com/cdn/shop/files/cr36-6-range-side-view_33bec75c-9af6-41cb-9bf3-cac058273f67_130x.jpg?v=1755764427,"
      This gas range oven brings efficiency and reliability to your kitchen. Powered by 30,000 BTU/Hour cast iron burners, and featuring a robust stainless steel construct with inbuilt safety features, the Cookline commercial gas stove is made for the heavy lifting. Effortlessly boil, simmer, saute, or perform a variety of cooking tasks simultaneously with the multiple burners and heavy-duty cast-iron grates. A U-Shape oven burner with 31,000 BTU/Hr brings the extra punch you need to run a busy commercial kitchen smoothly. Built to provide higher-performance over longer durations than standard gas range stoves, this unit is perfect for your versatile kitchen needs.
    ",https://usr-content.s3.us-east-2.amazonaws.com/cookline/cr36-6-lp-specsheet.pdf,https://usr-content.s3.us-east-2.amazonaws.com/cookline/cookline-warranty.pdf,https://usr-content.s3.us-east-2.amazonaws.com/cookline/cr-series-manual.pdf
"CR36-24G-LP 36"" 2 Burner Liquid Propane Range with 24"" Right Side Griddle and Standard Oven - 131,000 BTU",CR36-24G-LP,,COOKLINE,"
                            <ul>
<li>Stainless steel front, back riser and shelf</li>
<li>LP gas conversion kit included</li>
<li>Cast iron open burner, each 30,000 BTU/hr</li>
<li>Thermostat (250°F to 550°F ) controlled oven</li>
<li>Welded frame structure for best stability</li>
<li>24"" griddle plate(3⁄4"" thickness) with splash guard</li>
<li>Adjustable heavy duty legs</li>
<li>12"" x12""(30x30cm) cast iron grate</li>
<li>Anti-clogging pilot cover under the grate</li>
<li>A pull-out crumb tray with angled handle in the front</li>
<li>U shape oven burner with 31,000 BTU/hr</li>
<li>Thermal coupling safety valve for the oven</li>
<li>Stainless steel oven door with good insulation</li>
<li>Stainless steel handle for bottom oven</li>
<li>Kick plate at the bottom, easy access for servicing</li>
<li>3/4"" NPT rear gas connection</li>
</ul>
                          ",https://usrbrands.com/cdn/shop/files/cr36-24g-range-side-view_1_c2fbcd92-6910-4973-851e-60a2cb7370de_130x.jpg?v=1755829066,"
      This Cookline stainless steel gas range with gas oven is a valuable addition to any commercial kitchen. Our Cookline range brings efficiency, reliability, and improved performance to your kitchen because it allows you to simmer, boil, saute effortlessly, warm, and bake a variety of menu items. This unit comes with four 30,000 BTU/hr open top burners, a 24"" right side griddle, and standard bottom oven. Prepare the best appetizers, entrees, desserts, and other special treats in your foodservice establishment with this high-performance gas range oven.
    ",https://usr-content.s3.us-east-2.amazonaws.com/cookline/cr36-24g-lp-specsheet.pdf,https://usr-content.s3.us-east-2.amazonaws.com/cookline/cookline-warranty.pdf,https://usr-content.s3.us-east-2.amazonaws.com/cookline/cr-series-manual.pdf
"CR36-12G-LP 36"" 4 Burner Liquid Propane Range with 12"" Right Side Griddle and Standard Oven - 181,000 BTU",CR36-12G-LP,,COOKLINE,"
                            <ul>
<li>6” stainless steel adjustable heavy duty legs</li>
<li>LP Gas conversion kit included</li>
<li>Four open top burners, each 30,000 BTU/hr</li>
<li>Heavy duty cast grates, 12” x 12” in size, easy to be removed</li>
<li>Pull out crumb tray with rounded edges to prevent heat transfer</li>
<li>31,000 BTU/hr. U-shape burner for each bottom oven</li>
<li>Oven thermostat adjusts from 250°F to 550°F</li>
<li>Two oven racks and four rack positions<br>
</li>
</ul>
                          ",https://usrbrands.com/cdn/shop/files/cr36-12g-range-side-view_130x.jpg?v=1755828953,"
      This Cookline stainless steel gas range with gas oven is a valuable addition to any commercial kitchen. Our Cookline range brings efficiency, reliability, and improved performance to your kitchen because it allows you to simmer, boil, saute effortlessly, warm, and bake a variety of menu items. This unit comes with four 30,000 BTU/hr open top burners, a 12"" right side griddle, and standard bottom oven. Prepare the best appetizers, entrees, desserts, and other special treats in your foodservice establishment with this high-performance gas range oven.
    ",https://usr-content.s3.us-east-2.amazonaws.com/cookline/cr36-12g-lp-specsheet.pdf,https://usr-content.s3.us-east-2.amazonaws.com/cookline/cookline-warranty.pdf,https://usr-content.s3.us-east-2.amazonaws.com/cookline/cr-series-manual.pdf
"CR24-4-LP 24"" 4 Burner Liquid Propane Range with Oven",CR24-4-LP,,COOKLINE,"
                            <ul>
<li>Stainless steel front, back riser and shelf</li>
<li>
<span data-mce-fragment=""1"">LP gas c</span>onversion kit included</li>
<li>Cast iron open burner, each 30,000 BTU/Hr</li>
<li>Thermostat (250°F~550°F ) controlled oven</li>
<li>Welded frame structure for best stability</li>
<li>Standby S/S pilot for easy start<br>
</li>
<li>12"" x 12"" cast iron grate</li>
<li>Anti-clogging pilot cover under the grate</li>
<li>A pull-out crumb tray with angled handle in the front</li>
<li>U-Shape oven burner with 31,000 BTU/Hr</li>
<li>Stainless steel oven door with good insulation</li>
<li>Stainless steel handle for bottom oven</li>
<li>Kick plate at the bottom for easy access for servicing</li>
<li>3/4"" NPT rear gas connection<br>
</li>
</ul>
                          ",https://usrbrands.com/cdn/shop/files/cr24-4-range-side-view_92b5286e-ce56-4aec-92f1-e47a7ad2d9ed_130x.jpg?v=1755764151,"
      This gas range oven brings efficiency and reliability to your kitchen. Powered by 30,000 BTU/Hour cast iron burners, and featuring a robust stainless steel construct with inbuilt safety features, the Cookline commercial gas stove is made for the heavy lifting. Effortlessly boil, simmer, saute, or perform a variety of cooking tasks simultaneously with the multiple burners and heavy-duty cast-iron grates. A U-Shape oven burner with 31,000 BTU/Hr brings the extra punch you need to run a busy commercial kitchen smoothly. Built to provide higher-performance over longer durations than standard gas range stoves, this unit is perfect for your versatile kitchen needs.
    ",https://usr-content.s3.us-east-2.amazonaws.com/cookline/cr24-4-lp-specsheet.pdf,https://usr-content.s3.us-east-2.amazonaws.com/cookline/cookline-warranty.pdf,https://usr-content.s3.us-east-2.amazonaws.com/cookline/cr-series-manual.pdf
Automax 3G 55 lb. Gas Vertical Gyro Shawarma Machine,,,COOKLINE,"
                            
<ul>
 	<li>All stainless steel body</li>
 	<li>Durable and easy to clean</li>
 	<li>Infrared burner can ensure excellent roasting</li>
 	<li>Adjustable distance between burner and satay</li>
 	<li>Motor speed is 4 RPM</li>
 	<li>Diameter of satay holder is no more than 16""</li>
 	<li>Consistant surface temperature</li>
 	<li>Oil inflow drain</li>
 	<li>Collector drawer for oil, and leavings</li>
 	<li>Simple controls and easy to operate</li>
 	<li>Each burner is independently controlled</li>
</ul>

                          ",https://usrbrands.com/cdn/shop/products/3g_130x.jpg?v=1612898274,"
      This Cookline 3G Gas Vertical Gyro/Kebab Shawarma Machine features an all stainless steel body, which is durable and easy to clean. The 3G is well equipped with an infrared burner that will ensure excellent roasting of your meats. And the collector drawer for oil, and leavings make cleaning a breeze.
    ",https://usr-content.s3.us-east-2.amazonaws.com/cookline/3g-specsheet.pdf,https://usr-content.s3.us-east-2.amazonaws.com/cookline/cookline-warranty.pdf,https://usr-content.s3.us-east-2.amazonaws.com/cookline/4g-manual.pdf
"CR36-24G-NG 36"" 2 Burner Natural Gas Range with 24"" Right Side Griddle and Standard Oven - 131,000 BTU",CR36-24G-NG,,COOKLINE,"
                            <ul>
<li>Stainless steel front, back riser and shelf</li>
<li>
<span data-mce-fragment=""1"">LP c</span>onversion kit included</li>
<li>Cast iron open burner, each 30,000 BTU/hr</li>
<li>Thermostat (250°F to 550°F ) controlled oven</li>
<li>Welded frame structure for best stability</li>
<li>24"" griddle plate(3⁄4"" thickness) with splash guard<br>
</li>
<li>12"" x12""(30x30cm) cast iron grate</li>
<li>Anti-clogging pilot cover under the grate</li>
<li>A pull-out crumb tray with angled handle in the front</li>
<li>U shape oven burner with 31,000 BTU/hr</li>
<li>Thermal coupling safety valve for the oven</li>
<li>Stainless steel oven door with good insulation</li>
<li>Stainless steel handle for bottom oven</li>
<li>Kick plate at the bottom, easy access for servicing</li>
<li>3/4"" NPT rear gas connection</li>
</ul>
                          ",https://usrbrands.com/cdn/shop/files/cr36-24g-range-side-view_1_130x.jpg?v=1755828615,"
      This Cookline stainless steel gas range with gas oven is a valuable addition to any commercial kitchen. Our Cookline range brings efficiency, reliability, and improved performance to your kitchen because it allows you to simmer, boil, saute effortlessly, warm, and bake a variety of menu items. This unit comes with four 30,000 BTU/hr open top burners, a 24"" right side griddle, and standard bottom oven. Prepare the best appetizers, entrees, desserts, and other special treats in your foodservice establishment with this high-performance gas range oven.
    ",https://usr-content.s3.us-east-2.amazonaws.com/cookline/cr36-24g-ng-specsheet.pdf,https://usr-content.s3.us-east-2.amazonaws.com/cookline/cookline-warranty.pdf,https://usr-content.s3.us-east-2.amazonaws.com/cookline/cr-series-manual.pdf
"CF-40E 16"" Electric 40 lb. Commercial Deep Fryer",CF-40E,,COOKLINE,"
                            
<ul>
    <li>Electric deep fryer</li>
    <li>Stainless steel fryer pot, door, backsplash/flute</li>
    <li>Aluminized sides</li>
    <li>Durable temperature probe</li>
    <li>Wide cold zone</li>
    <li>Basket hanger</li>
    <li>Two twin baskets</li>
    <li>Power switch and indicator light</li>
    <li>6"" steel legs with 1"" adjustment</li>
    <li>Basket support rack</li>     
</ul>

                          ",https://usrbrands.com/cdn/shop/files/cf40e_angle.598_3_130x.jpg?v=1755850730,"
      The Cookline CF-40E electric deep fryer offers the perfect blend of quality, durability, and performance. This electrical floor fryer is ideal for light-duty usage at restaurants, pizzerias, and concession stands. It delivers the power you need to make basket after basket of french fries, hot wings, onion rings, and fried chicken ready for your customers. The CF-40E is what you need to meet the daily demands of your busy kitchen, and conveniently make a variety of appetizers and entrees!Available Version: 208V/1PH/12KW  208V/3PH/12KW  240V/1PH/14KW  240V/3PH/14KW
    ",https://usr-content.s3.us-east-2.amazonaws.com/cookline/uf-40e-specsheet.pdf,https://usr-content.s3.us-east-2.amazonaws.com/cookline/cookline-warranty.pdf,https://usr-content.s3.us-east-2.amazonaws.com/cookline/cf-40e-series-manual.pdf
"CR60-24RG-NG 60"" 6 Burner Natural Gas Range with 2 Ovens with 24"" Raised Griddle and Broiler - 278,000 BTU",CR60-24RG-NG,,COOKLINE,"
                            <ul>
<li>Stainless steel front, back riser and shelf</li>
<li>LP conversion kit included</li>
<li>Cast iron open burner, each 30,000 BTU/hr</li>
<li>Thermostat (250°F- 550°F ) controlled oven</li>
<li>Welded frame structure for best stability</li>
<li>24” griddle plate(3⁄4” thickness) with splash guard</li>
<li>Broiler beneath the griddle to brown the cooked food</li>
<li>12” x12”(30x30cm) cast iron grate</li>
<li>Anti-clogging pilot cover under the grate</li>
<li>A pull-out crumb tray with angled handle in the front</li>
<li>U-shape oven burner with 31,000 BTU/hr</li>
<li>Thermal coupling safety valve for the oven</li>
<li>Stainless steel oven door with good insulation</li>
<li>Stainless steel handle for bottom oven</li>
<li>Kick plate at the bottom, easy access for servicing</li>
<li>3⁄4” NPT rear gas connection<br>
</li>
</ul>
                          ",https://usrbrands.com/cdn/shop/files/cr60-24rg-range-side-view_130x.jpg?v=1755828470,"
      This gas range oven brings efficiency and reliability to your kitchen. Powered by 30,000 BTU/Hour cast iron burners, and featuring a robust stainless steel construct with inbuilt safety features, the Cookline commercial gas stove is made for the heavy lifting. Effortlessly boil, simmer, saute, or perform a variety of cooking tasks simultaneously with the multiple burners and heavy-duty cast-iron grates. A U-Shape oven burner with 31,000 BTU/Hr brings the extra punch you need to run a busy commercial kitchen smoothly. Built to provide higher-performance over longer durations than standard gas range stoves, this unit is perfect for your versatile kitchen needs.
    ",https://usr-content.s3.us-east-2.amazonaws.com/cookline/cr60-24rg-ng-specsheet.pdf,https://usr-content.s3.us-east-2.amazonaws.com/cookline/cookline-warranty.pdf,https://usr-content.s3.us-east-2.amazonaws.com/cookline/cr-series-manual.pdf
"CR36-12G-NG 36"" 4 Burner Natural Gas Range with 12"" Right Side Griddle and Standard Oven - 181,000 BTU",CR36-12G-NG,,COOKLINE,"
                            <ul>
<li>6” stainless steel adjustable heavy duty legs</li>
<li>LP conversion kit included</li>
<li>Four open top burners, each 30,000 BTU/hr</li>
<li>Heavy duty cast grates, 12” x 12” in size, easy to be removed</li>
<li>Pull out crumb tray with rounded edges to prevent heat transfer</li>
<li>31,000 BTU/hr. U-shape burner for each bottom oven</li>
<li>Oven thermostat adjusts from 250°F to 550°F</li>
<li>Two oven racks and four rack positions<br>
</li>
</ul>
                          ",https://usrbrands.com/cdn/shop/files/cr36-12g-range-side-view_063fafb6-8fac-4db2-a160-367584bd7870_130x.jpg?v=1755830410,"
      This Cookline stainless steel gas range with gas oven is a valuable addition to any commercial kitchen. Our natural gas range brings efficiency, reliability, and improved performance to your kitchen because it allows you to simmer, boil, saute effortlessly, warm, and bake a variety of menu items. This unit comes with four 30,000 BTU/hr open top burners, a 12"" right side griddle, and standard bottom oven. Prepare the best appetizers, entrees, desserts, and other special treats in your foodservice establishment with this high-performance gas range oven.
    ",https://usr-content.s3.us-east-2.amazonaws.com/cookline/cr36-12g-ng-specsheet.pdf,https://usr-content.s3.us-east-2.amazonaws.com/cookline/cookline-warranty.pdf,https://usr-content.s3.us-east-2.amazonaws.com/cookline/cr-series-manual.pdf
"CSM-36 36"" Cheese Melter / Salamander Broiler",CSM-36,,COOKLINE,"
                            <ul>
<li>Gas infrared burner for better and even heat</li>
<li>distribution</li>
<li>Extra large infrared burner to cover large cooking area</li>
<li>Instant heating up, no need to pre-heat</li>
<li>Standby pilot for easy start</li>
<li>Three rack positions</li>
<li>Chrome coating wiring grid</li>
<li>Zinc alloy knob with chrome coating</li>
<li>Oil collector at the bottom</li>
<li>Easy conversion from natural gas to Propane or vice versa</li>
<li>Stainless steel in the front and sides</li>
<li>Manual control</li>
<li>3⁄4” NPT rear gas connection<br>
</li>
</ul>
                          ",https://usrbrands.com/cdn/shop/files/csm-36-rm-salamander_angle_1_130x.jpg?v=1755852275,"
      This Cookline CSM-36 36"" Cheese Melter/Salamander Broiler features a stainless steel design. A gas infrared burner allows for better and even heat distribution. And featuring an extra-large infrared burner covers the large cooking area. 
    ",https://usr-content.s3.us-east-2.amazonaws.com/cookline/csm-36-rm-specsheet.pdf,https://usr-content.s3.us-east-2.amazonaws.com/cookline/cookline-warranty.pdf,https://usr-content.s3.us-east-2.amazonaws.com/cookline/csm-36-manual.pdf
"Cookline CC100 Single Deck Full Size Gas Convection Oven - 54,000 BTU",CC100,,COOKLINE,"
                            
<ul>
 	<li>Single deck full-size oven</li>
 	<li>Stainless steel front galvanized sides with robust support</li>
 	<li>Direct-fired gas in-shot burner (3) each 18,000 BTU/Hr</li>
 	<li>Temperature adjustable from 167°F to 563°F</li>
 	<li>Porcelainize interior, easy to clean</li>
 	<li>Dual pane thermal glass windows</li>
 	<li>60-minute electric timer with bell</li>
 	<li>1/2 HP fan motor with dual-speed control</li>
 	<li>Removable 13-position rack guides</li>
 	<li>4 heavy duty chrome plated racks</li>
 	<li>Cooling down function</li>
 	<li>Interior chamber light</li>
 	<li>Double stacking options to optimize kitchen space</li>
 	<li>Automatic ignition system for gas safety operation</li>
 	<li>Microswitch for complete shut off once door is opened</li>
 	<li>3/4"" NPT rear gas connection</li>
</ul>

                          ",https://usrbrands.com/cdn/shop/files/fcoe-208-single-convection-oven-angle-view_2_130x.jpg?v=1740052504,"
      
    ",https://usr-content.s3.us-east-2.amazonaws.com/cookline/cc100-specsheet.pdf,https://usr-content.s3.us-east-2.amazonaws.com/cookline/cookline-warranty.pdf,https://usr-content.s3.us-east-2.amazonaws.com/cookline/cc100-manual.pdf
"CR60-24G-NG 60"" 6 Burner Natural Gas Range with 2 Ovens with 24"" Griddle",CR60-24G-NG,,COOKLINE,"
                            <ul>
<li>Stainless steel front, back riser and shelf</li>
<li>LP conversion kit included</li>
<li>Cast iron open burner, each 30,000 BTU/Hr</li>
<li>Thermostat (250°F~550°F ) controlled oven</li>
<li>Welded frame structure for best stability</li>
<li>Standby S/S pilot for easy start<br>
</li>
<li>12"" x 12"" cast iron grate</li>
<li>Anti-clogging pilot cover under the grate</li>
<li>A pull-out crumb tray with angled handle in the front</li>
<li>U-Shape oven burner with 31,000 BTU/Hr</li>
<li>Stainless steel oven door with good insulation</li>
<li>Stainless steel handle for bottom oven</li>
<li>Kick plate at the bottom for easy access for servicing</li>
<li>3/4"" NPT rear gas connection<br>
</li>
</ul>
                          ",https://usrbrands.com/cdn/shop/files/cr60-124g-range-side-view_130x.jpg?v=1755828300,"
      This gas range oven brings efficiency and reliability to your kitchen. Powered by 30,000 BTU/Hour cast iron burners, and featuring a robust stainless steel construct with inbuilt safety features, the Cookline commercial gas stove is made for the heavy lifting. Effortlessly boil, simmer, saute, or perform a variety of cooking tasks simultaneously with the multiple burners and heavy-duty cast-iron grates. A U-Shape oven burner with 31,000 BTU/Hr brings the extra punch you need to run a busy commercial kitchen smoothly. Built to provide higher-performance over longer durations than standard gas range stoves, this unit is perfect for your versatile kitchen needs.
    ",https://usr-content.s3.us-east-2.amazonaws.com/cookline/cr60-24g-ng-specsheet.pdf,https://usr-content.s3.us-east-2.amazonaws.com/cookline/cookline-warranty.pdf,https://usr-content.s3.us-east-2.amazonaws.com/cookline/cr-series-manual.pdf
"CR60-10-NG 60"" 10 Burner Natural Gas Range with 2 Ovens",CR60-10-NG,,COOKLINE,"
                            <ul>
<li>Stainless steel front, back riser and shelf</li>
<li>LP conversion kit included</li>
<li>Cast iron open burner, each 30,000 BTU/Hr</li>
<li>Thermostat (250°F~550°F ) controlled oven</li>
<li>Welded frame structure for best stability</li>
<li>Standby S/S pilot for easy start<br>
</li>
<li>12"" x 12"" cast iron grate</li>
<li>Anti-clogging pilot cover under the grate</li>
<li>A pull-out crumb tray with angled handle in the front</li>
<li>U-Shape oven burner with 31,000 BTU/Hr</li>
<li>Stainless steel oven door with good insulation</li>
<li>Stainless steel handle for bottom oven</li>
<li>Kick plate at the bottom for easy access for servicing</li>
<li>3/4"" NPT rear gas connection<br>
</li>
</ul>
                          ",https://usrbrands.com/cdn/shop/files/cr60-10-range-side-view_130x.jpg?v=1755828162,"
      This gas range oven brings efficiency and reliability to your kitchen. Powered by 30,000 BTU/Hour cast iron burners, and featuring a robust stainless steel construct with inbuilt safety features, the Cookline commercial gas stove is made for the heavy lifting. Effortlessly boil, simmer, saute, or perform a variety of cooking tasks simultaneously with the multiple burners and heavy-duty cast-iron grates. A U-Shape oven burner with 31,000 BTU/Hr brings the extra punch you need to run a busy commercial kitchen smoothly. Built to provide higher-performance over longer durations than standard gas range stoves, this unit is perfect for your versatile kitchen needs.
    ",https://usr-content.s3.us-east-2.amazonaws.com/cookline/cr60-10-ng-specsheet.pdf,https://usr-content.s3.us-east-2.amazonaws.com/cookline/cookline-warranty.pdf,https://usr-content.s3.us-east-2.amazonaws.com/cookline/cr-series-manual.pdf
"CR36-6-NG 36"" 6 Burner Natural Gas Range with Oven",CR36-6-NG,,COOKLINE,"
                            <ul>
<li>Stainless steel front, back riser and shelf</li>
<li>
<span data-mce-fragment=""1"">LP c</span>onversion kit included</li>
<li>Cast iron open burner, each 30,000 BTU/Hr</li>
<li>Thermostat (250°F~550°F ) controlled oven</li>
<li>Welded frame structure for best stability</li>
<li>Standby S/S pilot for easy start<br>
</li>
<li>12"" x 12""(30x30cm) cast iron grate</li>
<li>The range features anti-clogging pilot cover under the grate</li>
<li>A pull-out crumb tray with angled handle in the front</li>
<li>U-Shape oven burner with 31,000 BTU/Hr</li>
<li>Stainless steel oven door with good insulation</li>
<li>Stainless steel handle for bottom oven</li>
<li>Kick plate at the bottom for easy access for servicing</li>
<li>3/4"" NPT rear gas connection<br>
</li>
</ul>
                          ",https://usrbrands.com/cdn/shop/files/cr36-6-range-side-view_130x.jpg?v=1755764326,"
      This gas range oven brings efficiency and reliability to your kitchen. Powered by 30,000 BTU/Hour cast iron burners, and featuring a robust stainless steel construct with inbuilt safety features, the Cookline commercial gas stove is made for the heavy lifting. Effortlessly boil, simmer, saute, or perform a variety of cooking tasks simultaneously with the multiple burners and heavy-duty cast-iron grates. A U-Shape oven burner with 31,000 BTU/Hr brings the extra punch you need to run a busy commercial kitchen smoothly. Built to provide higher-performance over longer durations than standard gas range stoves, this unit is perfect for your versatile kitchen needs.
    ",https://usr-content.s3.us-east-2.amazonaws.com/cookline/cr36-6-ng-specsheet.pdf,https://usr-content.s3.us-east-2.amazonaws.com/cookline/cookline-warranty.pdf,https://usr-content.s3.us-east-2.amazonaws.com/cookline/cr-series-manual.pdf
"CR24-4-NG 24"" 4 Burner Natural Gas Range with Oven",CR24-4-NG,,COOKLINE,"
                            <ul>
<li>Stainless steel front, back riser and shelf</li>
<li>
<span data-mce-fragment=""1"">LP c</span>onversion kit included</li>
<li>Cast iron open burner, each 30,000 BTU/Hr</li>
<li>Thermostat (250°F~550°F ) controlled oven</li>
<li>Welded frame structure for best stability</li>
<li>Standby S/S pilot for easy start<br>
</li>
<li>12"" x 12"" cast iron grate</li>
<li>Anti-clogging pilot cover under the grate</li>
<li>A pull-out crumb tray with angled handle in the front</li>
<li>U-Shape oven burner with 31,000 BTU/Hr</li>
<li>Stainless steel oven door with good insulation</li>
<li>Stainless steel handle for bottom oven</li>
<li>Kick plate at the bottom for easy access for servicing</li>
<li>3/4"" NPT rear gas connection<br>
</li>
</ul>
                          ",https://usrbrands.com/cdn/shop/files/cr24-4-range-side-view_130x.jpg?v=1755764054,"
      This gas range oven brings efficiency and reliability to your kitchen. Powered by 30,000 BTU/Hour cast iron burners, and featuring a robust stainless steel construct with inbuilt safety features, the Cookline commercial gas stove is made for the heavy lifting. Effortlessly boil, simmer, saute, or perform a variety of cooking tasks simultaneously with the multiple burners and heavy-duty cast-iron grates. A U-Shape oven burner with 31,000 BTU/Hr brings the extra punch you need to run a busy commercial kitchen smoothly. Built to provide higher-performance over longer durations than standard gas range stoves, this unit is perfect for your versatile kitchen needs.
    ",https://usr-content.s3.us-east-2.amazonaws.com/cookline/cr24-4-ng-specsheet.pdf,https://usr-content.s3.us-east-2.amazonaws.com/cookline/cookline-warranty.pdf,https://usr-content.s3.us-east-2.amazonaws.com/cookline/cr-series-manual.pdf
HiLo JACK-4N Narrow Pallet Jack - 4400 lb Capacity,JACK-4N,265,HILO,"
                            <ul>
<li>Heavy duty pallet jack</li>
<li>Fork size: 22""W x 45""L</li>
<li>Maximum fork height: 7.5""(190 mm)</li>
<li>Lowest fork height: 2.95""(75 mm)</li>
<li>2.75"" double polyurethane fork wheels</li>
<li>6.3"" Polyurethane steering wheels</li>
<li>4400 lbs loading capacity</li>
<li>3-Position ergonomically designed handle</li>
<li>Integrated hydraulic cylinder</li>
</ul>
                          ",https://usrbrands.com/cdn/shop/products/manual-pallet-lift_1_130x.jpg?v=1661132899,"
      The HiLO manual pallet jack comes with 6.3 polyurethane steer wheels and 2.75"" polyurethane front rollers to allow smooth pallet entry. Complete with 3-position ergonomic handle, the easy pump simply lifts the pallet to allow relocation swiftly and efficiently. 
    ",https://usr-content.s3.us-east-2.amazonaws.com/hilo/jack-4n-specsheet.pdf,https://usr-content.s3.us-east-2.amazonaws.com/hilo/hilo-warranty.pdf,https://usrbrands.com/products/hilo-jack-4n-narrow-pallet-jack-4400-lb-capacity
HiLo JACK-4S Standard Pallet Jack - 4400 lb Capacity,JACK-4S,269,HILO,"
                            <ul>
<li>Heavy duty pallet jack</li>
<li>Size: 27""W x 45""L</li>
<li>Maximum fork height: 7.5""(190 mm)</li>
<li>Lowest fork height: 2.95""(75 mm)</li>
<li>2.75"" double polyurethane fork wheels</li>
<li>6.3"" Polyurethane steering wheels</li>
<li>4400 lbs loading capacity</li>
<li>3-Position ergonomically designed handle</li>
<li>Integrated hydraulic cylinder</li>
</ul>
                          ",https://usrbrands.com/cdn/shop/products/manual-pallet-lift_1_9e861ba9-3096-4d69-8d06-c1712a4d818b_130x.jpg?v=1661132953,"
      The HiLO manual pallet jack comes with 6.3 polyurethane steer wheels and 2.75"" polyurethane front rollers to allow smooth pallet entry. Complete with 3-position ergonomic handle, the easy pump simply lifts the pallet to allow relocation swiftly and efficiently. 
    ",https://usr-content.s3.us-east-2.amazonaws.com/hilo/jack-4s-specsheet.pdf,https://usr-content.s3.us-east-2.amazonaws.com/hilo/hilo-warranty.pdf,https://usrbrands.com/products/hilo-jack-4s-standard-pallet-jack-4400-lb-capacity
"HiLo 3300 Lb. Electric ForkLift Stacker with 98"" Lift Height - 115V",,,HILO,"
                            <ul>
<li>Electric ForkLift Stacker</li>
<li>Standard 115V Electrical</li>
<li>Hauls up to 3300 lb. Capacity</li>
<li>Powerful 24V / 90 Ah Battery</li>
<li>Ergonomic Handle and Controls</li>
</ul>
                          ",https://usrbrands.com/cdn/shop/products/HILO-ES_130x.jpg?v=1661132503,"
      This HILO-ES electric powered forklift stacker is capable of handling loads up to 3300 lb. and maximum lifting height 98"", suitable for stacking and storing pallets within racking or anywhere requiring fast work.
    ",https://usr-content.s3.us-east-2.amazonaws.com/hilo/hilo-es-specsheet.pdf,https://usr-content.s3.us-east-2.amazonaws.com/hilo/hilo-warranty.pdf,https://usrbrands.com/products/hilo-3300-lb-electric-forklift-stacker-with-98-lift-height-115v
"Magister E100 STILO 220V Third Group Automatic Espresso Machine with Steam Wand, 5400W",E100,,MAGISTER,"
                            <ul>
<li>Manufactured in Italy</li>
<li>Second Group Espresso Machine</li>
<li>Automatic, Programmable Dosage</li>
<li>Included Steam Wand</li>
<li>4.5 Gallon Boiler Capacity</li>
<li>Fits Tall 5.3"" High Cups</li>
<li>220V, 5400 Watts</li>
</ul>
                          ",https://usrbrands.com/cdn/shop/products/magister-es100_1_130x.jpg?v=1667535556,"
      Magister's Italian made SILO series espresso machine is an excellent choice for smaller coffee shops or restaurants looking to add high quality espresso from an Italian made and designed automatic espresso machine. Magister produces their coffee machines as a result of very accurate design, with relevant investment in research, betting on the development of technical and procedural innovation.
    ",https://usr-content.s3.us-east-2.amazonaws.com/magister/stilo-series-specsheet.pdf,https://usrbrands.com/products/magister-e100-stilo-220v-third-group-automatic-espresso-machine-with-steam-wand-5400w,https://usrbrands.com/products/magister-e100-stilo-220v-third-group-automatic-espresso-machine-with-steam-wand-5400w
"Magister ES70 STILO 110V Second Group Automatic Espresso Machine with Steam Wand, 2700W",ES70,,MAGISTER,"
                            <ul>
<li>Manufactured in Italy</li>
<li>Second Group Espresso Machine</li>
<li>Automatic, Programmable Dosage</li>
<li>Included Steam Wand</li>
<li>1.3 Gallon Boiler Capacity</li>
<li>Fits Tall 5.3"" High Cups</li>
<li>110V, 2700 Watts</li>
</ul>
                          ",https://usrbrands.com/cdn/shop/products/es70_1_130x.jpg?v=1667535394,"
      Magister's Italian made SILO series espresso machine is an excellent choice for smaller coffee shops or restaurants looking to add high quality espresso from an Italian made and designed automatic espresso machine. Magister produces their coffee machines as a result of very accurate design, with relevant investment in research, betting on the development of technical and procedural innovation.
    ",https://usr-content.s3.us-east-2.amazonaws.com/magister/stilo-series-specsheet.pdf,https://usrbrands.com/products/magister-e70-stilo-110v-second-group-automatic-espresso-machine-with-steam-wand-2700w,https://usrbrands.com/products/magister-e70-stilo-110v-second-group-automatic-espresso-machine-with-steam-wand-2700w
"Magister ES60 STILO 110V Single Group Automatic Espresso Machine with Steam Wand, 1200W",ES60,,MAGISTER,"
                            <ul>
<li>Manufactured in Italy</li>
<li>Single Group Espresso Machine</li>
<li>Automatic, Programmable Dosage</li>
<li>Included Steam Wand</li>
<li>1.1 Gallon Boiler Capacity</li>
<li>Fits Tall 5.3"" High Cups</li>
<li>110V, 1200 Watts</li>
</ul>
                          ",https://usrbrands.com/cdn/shop/products/ms60_1_1_130x.jpg?v=1667534742,"
      Magister's Italian made SILO series espresso machine is an excellent choice for smaller coffee shops or restaurants looking to add high quality espresso from an Italian made and designed automatic espresso machine. Magister produces their coffee machines as a result of very accurate design, with relevant investment in research, betting on the development of technical and procedural innovation.
    ",https://usr-content.s3.us-east-2.amazonaws.com/magister/stilo-series-specsheet.pdf,https://usrbrands.com/products/magister-es60-stilo-120v-single-group-automatic-espresso-machine-with-steam-wand-1200w,https://usrbrands.com/products/magister-es60-stilo-120v-single-group-automatic-espresso-machine-with-steam-wand-1200w
"SW24 24"" Strip Warmer with Support Chains - 120V, 500W",SW24,91,MARCHIA,"
                            <ul>
<li>High wattage strip warmer</li>
<li>Heavy duty stainless steel design</li>
<li>Mounting brackets and support chains included</li>
<li>Side-mounted toggle controls</li>
<li>120v/60/1-ph</li>
<li>500 watts<br>
</li>
</ul>
                          ",https://usrbrands.com/cdn/shop/files/sw36-strp-warmer-angle_1_69bc086f-be3a-41ac-9951-e1a000fdbe9e_130x.jpg?v=1756088901,"
      This Prepline strip warmer / strip heater is a perfect item to use in restaurants, cafeteria or anywhere that you need to hold food at safe serving temperatures without drying or overcooking it. The heavy-duty stainless steel design provides great durability and corrosion resistance for commercial environments. 
    ",https://usr-content.s3.us-east-2.amazonaws.com/marchia/sw-series-specsheet.pdf,https://usrbrands.com/products/sw24-24-strip-warmer-with-support-chains-120v-500w,https://usrbrands.com/products/sw24-24-strip-warmer-with-support-chains-120v-500w
"SW36 36"" Strip Warmer with Support Chains - 120V, 850W",SW36,95,MARCHIA,"
                            <ul>
<li>High wattage strip warmer</li>
<li>Heavy duty stainless steel design</li>
<li>Support chains and porwer cord included</li>
<li>With side-mounted toggle controls</li>
<li>120v/60/1-ph</li>
<li>850 watts<br>
</li>
</ul>
                          ",https://usrbrands.com/cdn/shop/files/sw36-strp-warmer-angle_1_aea00bb8-9d53-4c70-87ee-d96adbe2b697_130x.jpg?v=1756089201,"
      This Prepline strip warmer / strip heater is a perfect item to use in restaurants, cafeteria or anywhere that you need to hold food at safe serving temperatures without drying or overcooking it. The heavy-duty stainless steel design provides great durability and corrosion resistance for commercial environments. 
    ",https://usr-content.s3.us-east-2.amazonaws.com/marchia/sw-series-specsheet.pdf,https://usrbrands.com/products/sw36-36-strip-warmer-with-support-chains-120v-850w,https://usrbrands.com/products/sw36-36-strip-warmer-with-support-chains-120v-850w
"SW48 48"" Strip Warmer with Support Chains - 120V, 1200W",SW48,99,MARCHIA,"
                            <ul>
<li>High wattage strip warmer</li>
<li>Heavy duty stainless steel design</li>
<li>Support chains and porwer cord included</li>
<li>With side-mounted toggle controls</li>
<li>120v/60/1-ph</li>
<li>1200 watts<br>
</li>
</ul>
                          ",https://usrbrands.com/cdn/shop/files/sw60-strp-warmer-angle_1_130x.jpg?v=1756089342,"
      This Prepline strip warmer / strip heater is a perfect item to use in restaurants, cafeteria or anywhere that you need to hold food at safe serving temperatures without drying or overcooking it. The heavy-duty stainless steel design provides great durability and corrosion resistance for commercial environments. 
    ",https://usr-content.s3.us-east-2.amazonaws.com/marchia/sw-series-specsheet.pdf,https://usrbrands.com/products/sw48-48-strip-warmer-with-support-chains-120v-1200w,https://usrbrands.com/products/sw48-48-strip-warmer-with-support-chains-120v-1200w
"SW60 60"" Strip Warmer with Support Chains - 120V, 1550W",SW60,104,MARCHIA,"
                            <ul>
<li>High wattage strip warmer</li>
<li>Heavy duty stainless steel design</li>
<li>Support chains and porwer cord included</li>
<li>With side-mounted toggle controls</li>
<li>120v/60/1-ph</li>
<li>1550 watts<br>
</li>
</ul>
                          ",https://usrbrands.com/cdn/shop/files/sw60-strp-warmer-angle_1_a84e1d07-3a77-412d-a2e3-0db411990b04_130x.jpg?v=1756089498,"
      This Prepline strip warmer / strip heater is a perfect item to use in restaurants, cafeteria or anywhere that you need to hold food at safe serving temperatures without drying or overcooking it. The heavy-duty stainless steel design provides great durability and corrosion resistance for commercial environments. 
    ",https://usr-content.s3.us-east-2.amazonaws.com/marchia/sw-series-specsheet.pdf,https://usrbrands.com/products/sw60-60-strip-warmer-with-support-chains-120v-1550w,https://usrbrands.com/products/sw60-60-strip-warmer-with-support-chains-120v-1550w
"CA45 22"" Curved Glass Countertop Dry Display Case",CA45,123,MARCHIA,"
                            
<ul>
    <li>Upper and lower section</li>
    <li>Rear pull-up doors with knob</li>
    <li>Elegant and compact design</li>
    <li>Easy to clean</li>
    <li>Universal design and use</li>
    <li>(1) Fixed glass shelf</li>
    <li>Curved glass</li>
    <li>Glass and stainless steel construction</li>
</ul>

                          ",https://usrbrands.com/cdn/shop/files/ca45-countertop-dry-bakery-display-case_130x.jpg?v=1756178835,"
      




The Marchia dry display case is perfect for foodservice businesses that are looking to showcase their merchandise so they can boost impulse sales prominently. Present everything from cookies, macaroons, Éclair snacks with this dry display case. With a revealing curve glass elegant design and polished stainless steel base, you can easily attract customers attention





    ",https://usr-content.s3.us-east-2.amazonaws.com/marchia/ca45-specsheet.pdf,https://usr-content.s3.us-east-2.amazonaws.com/marchia/marchia-warranty-refrigeration.pdf,https://usrbrands.com/products/ca45-22-curved-glass-countertop-dry-display-case
"CA70 14"" Curved Glass Extra Deep Countertop Dry Display Case",CA70,158,MARCHIA,"
                            
<ul>
    <li>Upper and lower section</li>
    <li>Rear pull-up doors with knob</li>
    <li>Elegant and compact design</li>
    <li>Easy to clean</li>
    <li>Universal design and use</li>
    <li>(2) Fixed glass shelves</li>
    <li>Curved glass</li>
    <li>Narrow front</li>
    <li>Extra depth</li>
    <li>Glass and stainless steel construction</li>
</ul>

                          ",https://usrbrands.com/cdn/shop/files/marchia-ca70-curved-glass-dry-countertop-food-display-case-bread_130x.jpg?v=1756178997,"
      




The Marchia dry display case is perfect for foodservice businesses that are looking to showcase their merchandise so they can boost impulse sales prominently. Present everything from cookies, macaroons, Éclair snacks with this dry display case. With a revealing curve glass elegant design and polished stainless steel base, you can easily attract customers attention





    ",https://usr-content.s3.us-east-2.amazonaws.com/marchia/ca70-specsheet.pdf,https://usrbrands.com/products/ca70-14-curved-glass-extra-deep-countertop-dry-display-case,https://usrbrands.com/products/ca70-14-curved-glass-extra-deep-countertop-dry-display-case
"SA60 16"" Vertical Straight Glass Countertop Dry Display Case",SA60,180,MARCHIA,"
                            
<ul>
    <li>Three section</li>
    <li>Rear pull door with handle</li>
    <li>Elegant and compact design</li>
    <li>Easy to clean</li>
    <li>Universal design and use</li>
    <li>(3) Fixed glass shelves</li>
    <li>Straight glass</li>
    <li>Glass and stainless steel construction</li>
</ul>

                          ",https://usrbrands.com/cdn/shop/files/sa60-dry-glass-countertop-bakery-display-case-cake_130x.jpg?v=1756179078,"
      




The Marchia dry display case is perfect for foodservice businesses that are looking to showcase their merchandise so they can boost impulse sales prominently. Present everything from cookies, macaroons, Éclair snacks with this dry display case. With a revealing curve glass elegant design and polished stainless steel base, you can easily attract customers' attention.





    ",https://usr-content.s3.us-east-2.amazonaws.com/marchia/sa60-specsheet.pdf,https://usr-content.s3.us-east-2.amazonaws.com/marchia/marchia-warranty-refrigeration.pdf,https://usrbrands.com/products/sa60-16-vertical-straight-glass-countertop-dry-display-case
"HSA50 22"" Straight Glass Countertop Hot Food Warmer Display Case",HSA50,218,MARCHIA,"
                            
<ul>
<li>Adjustable temperature controller</li>
<li>Non-adjustable chrome plated shelf</li>
<li>Stainless steel construction and finish</li>
<li>Front and rear access doors</li>
<li>Tempered glass</li>
<li>Countertop model</li>
<li>Rubber feet</li>
<li>Holds temperature between 86°F ~ 194°F</li>
</ul>

                          ",https://usrbrands.com/cdn/shop/products/HSA50_1_130x.jpg?v=1612898525,"
      The Marchia HSA50 22"" Straight Glass Countertop Hot Food Display Warmer is made up of a glass and stainless steel construction. And features an upper and lower section within it's elegant and compact design. 
    ",https://usr-content.s3.us-east-2.amazonaws.com/marchia/hsa50-specsheet.pdf,https://usr-content.s3.us-east-2.amazonaws.com/marchia/marchia-warranty-refrigeration.pdf,https://usr-content.s3.us-east-2.amazonaws.com/marchia/hca45-manual.pdf
"HCA45 22"" Curved Glass Countertop Hot Food Warmer Display Case",HCA45,220,MARCHIA,"
                            
<ul>
 	<li>Adjustable temperature controller</li>
 	<li>Non-adjustable chrome plated shelf</li>
 	<li>Stainless steel construction and finish</li>
 	<li>(2) rear hinge doors</li>
 	<li>Tempered glass</li>
 	<li>Countertop model</li>
 	<li>Rubber feet</li>
 	<li>Holds temperature between 86°F ~ 194°F</li>
</ul>

                          ",https://usrbrands.com/cdn/shop/products/HCA45_1_130x.jpg?v=1612898523,"
      Commercial Food Warmer, Countertop Model, Rubber Feet, Tempered Curved Glass, Food Display Case. Keep your food warm with this holding equipment. Perfect for convenience stores and restaurant food businesses.
    ",https://usr-content.s3.us-east-2.amazonaws.com/marchia/hca45-specsheet.pdf,https://usr-content.s3.us-east-2.amazonaws.com/marchia/marchia-warranty-refrigeration.pdf,https://usr-content.s3.us-east-2.amazonaws.com/marchia/hca45-manual.pdf
"SHCC76 14"" Heated Countertop Display Front and Rear Access Doors",SHCC76,299,MARCHIA,"
                            
<ul>
 	<li>Internal LED lighting</li>
 	<li>Adjustable thermostat control</li>
 	<li>Adjustable shelving and legs</li>
 	<li>Double insulated curved glass</li>
 	<li>Tempered glass</li>
 	<li>Front and rear access doors</li>
 	<li>Stainless steel construction</li>
</ul>

                          ",https://usrbrands.com/cdn/shop/products/SHCC76_130x.jpg?v=1656672003,"
      The Marchia CHCC76 14” heated dual access countertop display case is perfect for keeping your baked goods fresh. The brilliant internal LED illumination on top helps vibrantly display your baked goods or other food products. It also features easy access from both the back of the unit and the front. And the adjustable temperature controller makes it easy to keep your products at the correct temperature.
    ",https://usr-content.s3.us-east-2.amazonaws.com/marchia/shcc76-specsheet.pdf,https://usr-content.s3.us-east-2.amazonaws.com/marchia/marchia-warranty-refrigeration.pdf,https://usr-content.s3.us-east-2.amazonaws.com/marchia/mhcc-shcc-series-manual.pdf
"MHCC76 14"" Heated Countertop Display Front and Rear Access Doors",MHCC76,299,MARCHIA,"
                            
<ul>
 	<li>Internal LED lighting</li>
 	<li>Adjustable thermostat control</li>
 	<li>Adjustable shelving and legs</li>
 	<li>Double insulated curved glass</li>
 	<li>Tempered glass</li>
 	<li>Front and rear access doors</li>
 	<li>Stainless steel construction</li>
</ul>

                          ",https://usrbrands.com/cdn/shop/files/mhcc76heated-countertop-display-with-food-black_130x.jpg?v=1756183635,"
      The Marchia MHCC76 14” heated dual access countertop display case is perfect for keeping your baked goods fresh. The brilliant internal LED illumination on top helps vibrantly display your baked goods or other food products. It also features easy access from both the back of the unit and the front. And the adjustable temperature controller makes it easy to keep your products at the correct temperature.
    ",https://usr-content.s3.us-east-2.amazonaws.com/marchia/mhcc76-specsheet.pdf,https://usr-content.s3.us-east-2.amazonaws.com/marchia/marchia-warranty-refrigeration.pdf,https://usr-content.s3.us-east-2.amazonaws.com/marchia/mhcc-shcc-series-manual.pdf
MDC78S Silver Countertop Refrigerated Glass Display Case with LED Lighting,MDC78S,359,MARCHIA,"
                            <ul>
<li>Use as Front or Rear Access</li>
<li>Brilliant Internal LED lighting</li>
<li>3 Adjustable Shelves</li>
<li>Easy 110V Plug and Play</li>
<li>Silver Exterior Finish<br>
</li>
</ul>
                          ",https://usrbrands.com/cdn/shop/files/rt-78l-1r_-2_130x.jpg?v=1724666022,"
      Showcase your cases or pastries in this 40"" high refrigerated bakery display case with 4 sides glass. Black, white, or silver colors available! All shelves are adjustable and LED lighting is standard. The door can be front access or rear access, depending on how you orient the unit. All sides are presentable to the customer if desired. Each unit includes a user-accessible digital controller allowing temperature control between 33 F to 54.6 F.
    ",https://usr-content.s3.us-east-2.amazonaws.com/marchia/mdc78s-specsheet.pdf,https://usr-content.s3.us-east-2.amazonaws.com/marchia/marchia-warranty-refrigeration.pdf,https://usr-content.s3.us-east-2.amazonaws.com/marchia/mdc78-series-manual.pdf
MDC78B Black Countertop Refrigerated Glass Display Case with LED Lighting,MDC78B,359,MARCHIA,"
                            <ul>
<li>se as Front or Rear Access</li>
<li>Brilliant Internal LED lighting</li>
<li>3 Adjustable Shelves</li>
<li>Easy 110V Plug and Play</li>
<li>Black Exterior Finish<br>
</li>
</ul>
                          ",https://usrbrands.com/cdn/shop/files/rt-78-1r_-7_130x.jpg?v=1724665890,"
      Showcase your cases or pastries in this 40"" high refrigerated bakery display case with 4 sides glass. Black, white, or silver colors available! All shelves are adjustable and LED lighting is standard. The door can be front access or rear access, depending on how you orient the unit. All sides are presentable to the customer if desired. Each unit includes a user-accessible digital controller allowing temperature control between 33 F to 54.6 F.
    ",https://usr-content.s3.us-east-2.amazonaws.com/marchia/mdc78b-specsheet.pdf,https://usr-content.s3.us-east-2.amazonaws.com/marchia/marchia-warranty-refrigeration.pdf,https://usr-content.s3.us-east-2.amazonaws.com/marchia/mdc78-series-manual.pdf
"MDC100-W 27"" Refrigerated Countertop Display Case",MDC100-W,367,MARCHIA,"
                            
<ul>
 	<li>Internal LED lighting</li>
 	<li>Adjustable temperature control</li>
 	<li>Adjustable shelving</li>
 	<li>Doulble insulated curved glass</li>
 	<li>Maintenance free condenser</li>
 	<li>Automatic defrost</li>
</ul>

                          ",https://usrbrands.com/cdn/shop/files/mdc100w-2_130x.jpg?v=1687714958,"
      The MDC100-W white refrigerated countertop display case is an attractive option for any bakery, cafe, or market looking to display pastries, baked goods, or drinks at safe temperatures. Brilliant LED lighting illuminates 2 adjustable shelves and the base level. Sliding rear doors allow easy employee access. A user-accessible digital controller allows temperature adjustments between 33°F to 54.6°F. Also available in different sizes and designs!
    ",https://usr-content.s3.us-east-2.amazonaws.com/marchia/mdc100-w-specsheet.pdf,https://usr-content.s3.us-east-2.amazonaws.com/marchia/marchia-warranty-refrigeration.pdf,https://www.kitchenall.com/cdn/content/marchia/mdc100-series-manual.pdf
"MDC100 27"" Refrigerated Countertop Display Case",MDC100,367,MARCHIA,"
                            
<ul>
 	<li>Internal LED lighting</li>
 	<li>Adjustable temperature control</li>
 	<li>Adjustable shelving</li>
 	<li>Doulble insulated curved glass</li>
 	<li>Maintenance free condenser</li>
 	<li>Automatic defrost</li>
</ul>

                          ",https://usrbrands.com/cdn/shop/products/MDC100_1_130x.jpg?v=1612898586,"
      The MDC100 refrigerated countertop display case is an attractive option for any bakery, cafe, or market looking to display pastries, baked goods, or drinks at safe temperatures. Brilliant LED lighting illuminates 2 adjustable shelves and the base level. Sliding rear doors allow easy employee access. A user-accessible digital controller allows temperature adjustments between 33°F to 54.6°F. Also available in different sizes and designs!
    ",https://usr-content.s3.us-east-2.amazonaws.com/marchia/mdc100-specsheet.pdf,https://usr-content.s3.us-east-2.amazonaws.com/marchia/marchia-warranty-refrigeration.pdf,https://www.kitchenall.com/cdn/content/marchia/mdc100-series-manual.pdf
"SHCC96 27"" Heated Countertop Display Front and Rear Access Doors",SHCC96,386,MARCHIA,"
                            
<ul>
    <li>Internal LED lighting</li>
    <li>Adjustable thermostat control</li>
    <li>Adjustable shelving and legs</li>
    <li>Double insulated curved glass</li>
    <li>Tempered glass</li>
    <li>Front and rear access doors</li>
    <li>Stainless steel construction</li>
</ul>

                          ",https://usrbrands.com/cdn/shop/products/shcc96_1_130x.jpg?v=1656672241,"
      The Marchia CHCC96 27” Heated Dual Access Countertop Display case is perfect for keeping your baked goods fresh. The brilliant internal LED illumination on top helps vibrantly display your baked goods or other food products. It also features easy access from both the back of the unit and the front. And the adjustable temperature controller makes it easy to keep your products at the correct temperature. 
    ",https://usr-content.s3.us-east-2.amazonaws.com/marchia/shcc96-specsheet.pdf,https://usr-content.s3.us-east-2.amazonaws.com/marchia/marchia-warranty-refrigeration.pdf,https://usr-content.s3.us-east-2.amazonaws.com/marchia/mhcc-shcc-series-manual.pdf
"MHCC96 27"" Heated Countertop Display Front and Rear Access Doors",MHCC96,386,MARCHIA,"
                            
<ul>
    <li>Internal LED lighting</li>
    <li>Adjustable thermostat control</li>
    <li>Adjustable shelving and legs</li>
    <li>Double insulated curved glass</li>
    <li>Tempered glass</li>
    <li>Front and rear access doors</li>
    <li>Stainless steel construction</li>
</ul>

                          ",https://usrbrands.com/cdn/shop/files/mhcc96heated-countertop-display-with-food-black_130x.jpg?v=1756183130,"
      The Marchia MHCC96 27” Heated Dual Access Countertop Display case is perfect for keeping your baked goods fresh. The brilliant internal LED illumination on top helps vibrantly display your baked goods or other food products. It also features easy access from both the back of the unit and the front. And the adjustable temperature controller makes it easy to keep your products at the correct temperature. 
    ",https://usr-content.s3.us-east-2.amazonaws.com/marchia/mhcc96-specsheet.pdf,https://usr-content.s3.us-east-2.amazonaws.com/marchia/marchia-warranty-refrigeration.pdf,https://usr-content.s3.us-east-2.amazonaws.com/marchia/mhcc-shcc-series-manual.pdf
"MHC121 27"" Heated Slanted Glass Countertop Display Case",MHC121,389,MARCHIA,"
                            <ul>
<li>Brilliant Internal LED illumination on top</li>
<li>Adjustable temperature controller</li>
<li>Temperature display</li>
<li>Adjustable chrome plated shelves</li>
<li>Front flat slanted glass</li>
<li>Sliding doors</li>
</ul>
                          ",https://usrbrands.com/cdn/shop/files/MHC121-countertop-warmer_130x.jpg?v=1730113613,"
      The Marchia MHC121 27” heated countertop display case is perfect for keeping your baked goods fresh. The brilliant internal LED illumination on top helps vibrantly display your baked goods or other food products. And the adjustable temperature controller makes it easy to keep your products at the correct temperature. 
    ",https://usr-content.s3.us-east-2.amazonaws.com/marchia/mhc121-specsheet.pdf,https://usr-content.s3.us-east-2.amazonaws.com/marchia/marchia-warranty-refrigeration.pdf,https://www.kitchenall.com/cdn/content/marchia/mhc121-mhc161-manual.pdf
"SHCC136 36"" Heated Countertop Display Front and Rear Access Doors",SHCC136,425,MARCHIA,"
                            
<ul>
<li>Internal LED lighting</li>
<li>Adjustable thermostat control</li>
<li>Adjustable shelving and legs</li>
<li>Double insulated curved glass</li>
<li>Tempered glass</li>
<li>Front and rear access doors</li>
<li>Stainless steel construction</li>
</ul>

                          ",https://usrbrands.com/cdn/shop/products/SHCC138_130x.jpg?v=1656672459,"
      The Marchia CHCC136 36” Heated Dual Access Countertop Display case is perfect for keeping your baked goods fresh. The brilliant internal LED illumination on top helps vibrantly display your baked goods or other food products. It also features easy access from both the back of the unit and the front. And the adjustable temperature controller makes it easy to keep your products at the correct temperature. 
    ",https://usr-content.s3.us-east-2.amazonaws.com/marchia/shcc136-specsheet.pdf,https://usr-content.s3.us-east-2.amazonaws.com/marchia/marchia-warranty-refrigeration.pdf,https://usr-content.s3.us-east-2.amazonaws.com/marchia/mhcc-shcc-series-manual.pdf
"MHCC136 36"" Heated Countertop Display Front and Rear Access Doors",MHCC136,425,MARCHIA,"
                            
<ul>
<li>Internal LED lighting</li>
<li>Adjustable thermostat control</li>
<li>Adjustable shelving and legs</li>
<li>Double insulated curved glass</li>
<li>Tempered glass</li>
<li>Front and rear access doors</li>
<li>Stainless steel construction</li>
</ul>

                          ",https://usrbrands.com/cdn/shop/files/mhcc136heated-countertop-display-with-food-black_130x.jpg?v=1756183355,"
      The Marchia MHCC136 36” Heated Dual Access Countertop Display case is perfect for keeping your baked goods fresh. The brilliant internal LED illumination on top helps vibrantly display your baked goods or other food products. It also features easy access from both the back of the unit and the front. And the adjustable temperature controller makes it easy to keep your products at the correct temperature. 
    ",https://usr-content.s3.us-east-2.amazonaws.com/marchia/mhcc136-specsheet.pdf,https://usr-content.s3.us-east-2.amazonaws.com/marchia/marchia-warranty-refrigeration.pdf,https://usr-content.s3.us-east-2.amazonaws.com/marchia/mhcc-shcc-series-manual.pdf
"MHC161 34"" Heated Slanted Glass Countertop Display Case",MHC161,440,MARCHIA,"
                            <ul>
<li>Brilliant Internal LED illumination on top</li>
<li>Adjustable temperature controller</li>
<li>Temperature display</li>
<li>Adjustable chrome plated shelves</li>
<li>Front flat slanted glass</li>
<li>Sliding doors</li>
</ul>
                          ",https://usrbrands.com/cdn/shop/products/mhc161_130x.jpg?v=1627591280,"
      The Marchia MHC161 34” heated countertop display case is perfect for keeping your baked goods fresh. The brilliant internal LED illumination on top helps vibrantly display your baked goods or other food products. And the adjustable temperature controller makes it easy to keep your products at the correct temperature. 
    ",https://usr-content.s3.us-east-2.amazonaws.com/marchia/mhc161-specsheet.pdf,https://usr-content.s3.us-east-2.amazonaws.com/marchia/marchia-warranty-refrigeration.pdf,https://usr-content.s3.us-east-2.amazonaws.com/marchia/mhc121-mhc161-manual.pdf
"MDC121-W 28"" Refrigerated Countertop Display Case",MDC121-W,504,MARCHIA,"
                            
<ul>
 	<li>Brilliant Internal LED illumination on top</li>
 	<li>Digital temperature controller and display</li>
 	<li>Adjustable chrome plated shelves</li>
 	<li>4 sides double glass</li>
 	<li>Front Curved glass</li>
 	<li>Sliding doors</li>
 	<li>Maintenance free condenser</li>
 	<li>Ventilated cooling system</li>
 	<li>Automatic defrost</li>
</ul>

                          ",https://usrbrands.com/cdn/shop/products/mdc-121-w_130x.jpg?v=1632302873,"
      The MDC121-W is a refrigerated countertop display with a stainless steel front and curved glass for excellent viewing angles. As with all Marchia cases, LED lights are standard, and the shelves are adjustable. This refrigerated case holds 33°F to 54.6°F, perfect for bakeries, delis, cafes, and markets. The insulated rear sliding doors allow easy employee access. The case is straightforward to use, just unbox, plug-in, and turn on!
    ",https://usr-content.s3.us-east-2.amazonaws.com/marchia/mdc121-w-specsheet.pdf,https://usr-content.s3.us-east-2.amazonaws.com/marchia/marchia-warranty-refrigeration.pdf,https://usr-content.s3.us-east-2.amazonaws.com/marchia/mdc-series-manual.pdf
"MDC120-ST 27” Refrigerated Display Case, Black Color, Straight Glass",MDC120-ST,504,MARCHIA,"
                            
<ul>
 	<li>Brilliant Internal LED illumination on top</li>
 	<li>Digital temperature controller and display</li>
 	<li>Adjustable chrome plated shelves</li>
 	<li>Four sides double glass</li>
 	<li>Front straight glass</li>
 	<li>Sliding doors</li>
 	<li>Maintenance free condenser</li>
 	<li>Ventilated cooling system</li>
 	<li>Automatic defrost</li>
</ul>

                          ",https://usrbrands.com/cdn/shop/products/mdc120st-0_130x.jpg?v=1632214136,"
      The MDC120-ST is a 27"" refrigerated countertop display with a stainless steel front and straight glass for excellent viewing angles. As with all Marchia cases, LED lights are standard and the shelves are adjustable. This refrigerated case holds 33°F to 54.6°F, perfect for bakeries, delis, cafes, and markets. The insulated rear sliding doors allow easy employee access. The case is very easy to use, just unbox, plug-in, and turn on.
    ",https://usr-content.s3.us-east-2.amazonaws.com/marchia/mdc120-st-specsheet.pdf,https://usr-content.s3.us-east-2.amazonaws.com/marchia/marchia-warranty-refrigeration.pdf,https://usr-content.s3.us-east-2.amazonaws.com/marchia/mdc-st-series-manual.pdf
"MDC121 28"" Refrigerated Countertop Display Case",MDC121,504,MARCHIA,"
                            
<ul>
 	<li>Brilliant Internal LED illumination on top</li>
 	<li>Digital temperature controller and display</li>
 	<li>Adjustable chrome plated shelves</li>
 	<li>4 sides double glass</li>
 	<li>Front Curved glass</li>
 	<li>Sliding doors</li>
 	<li>Maintenance free condenser</li>
 	<li>Ventilated cooling system</li>
 	<li>Automatic defrost</li>
</ul>

                          ",https://usrbrands.com/cdn/shop/products/mdc121_1-1_130x.jpg?v=1612898603,"
      The MDC121 is a refrigerated countertop display with a stainless steel front and curved glass for excellent viewing angles. As with all Marchia cases, LED lights are standard, and the shelves are adjustable. This refrigerated case holds 33°F to 54.6°F, perfect for bakeries, delis, cafes, and markets. The insulated rear sliding doors allow easy employee access. The case is straightforward to use, just unbox, plug-in, and turn on!
    ",https://usr-content.s3.us-east-2.amazonaws.com/marchia/mdc121-specsheet.pdf,https://usr-content.s3.us-east-2.amazonaws.com/marchia/marchia-warranty-refrigeration.pdf,https://usr-content.s3.us-east-2.amazonaws.com/marchia/mdc-series-manual.pdf
"MSU140S 46"" Refrigerated Round Curved Sushi Display Case - Silver",MSU140S,524,MARCHIA,"
                            <ul>
<li>LED lighting</li>
<li>(4) x 1/3 stainless steel pans</li>
<li>Silver color finish</li>
<li>Digital temperature controller</li>
</ul>
                          ",https://usrbrands.com/cdn/shop/files/msu140s-46-inch-refrigerated-4-pan-sushi-display-case_130x.jpg?v=1756182473,"
      MSU Series refrigerated sushi displays feature gravity coil fan-less refrigeration to keep your sushi cold without drying it out. Rear sliding glass doors provide easy access, and the front glass is removable for easy cleaning. Stainless steel pans included.
    ",https://usr-content.s3.us-east-2.amazonaws.com/marchia/msu140s-specsheet.pdf,https://usr-content.s3.us-east-2.amazonaws.com/marchia/marchia-warranty-refrigeration.pdf,https://www.kitchenall.com/cdn/content/marchia/msu-series-manial.pdf
MVSR100 Countertop Refrigerated Vertical Curved Glass Cake Display Case,MVSR100,525,MARCHIA,"
                            <ul>
<li>Internal LED lighting</li>
<li>Digital temperature control</li>
<li>Adjustable glass shelves</li>
<li>Ventilated cooling system</li>
<li>Automatic defrost</li>
<li><span>Full-length handle</span></li>
</ul>
                          ",https://usrbrands.com/cdn/shop/files/mvsr100-countertop-display-case_130x.jpg?v=1696756620,"
      Curved glass countertop refrigerated pastry and cake display case. 360-degree product visibility with glass shelves. Includes internal LED lighting, auto defrost, adjustable glass shelves, stainless steel base, and glass construction.
    ",https://usr-content.s3.us-east-2.amazonaws.com/marchia/mvsr100-specsheet.pdf,https://usr-content.s3.us-east-2.amazonaws.com/marchia/marchia-warranty-refrigeration.pdf,https://usr-content.s3.us-east-2.amazonaws.com/marchia/mvsr100-manual.pdf
"SHCC186 48"" Heated Countertop Display Front and Rear Access Doors",SHCC186,527,MARCHIA,"
                            
<ul>
<li>Internal LED lighting</li>
<li>Adjustable thermostat control</li>
<li>Adjustable shelving and legs</li>
<li>Double insulated curved glass</li>
<li>Tempered glass</li>
<li>Front and rear access doors</li>
<li>Stainless steel construction</li>
</ul>

                          ",https://usrbrands.com/cdn/shop/products/SHCC186_130x.jpg?v=1656672361,"
      The Marchia CHCC186 48” Heated Dual Access Countertop Display case is perfect for keeping your baked goods fresh. The brilliant internal LED illumination on top helps vibrantly display your baked goods or other food products. It also features easy access from both the back of the unit and the front. And the adjustable temperature controller makes it easy to keep your products at the correct temperature. 
    ",https://usr-content.s3.us-east-2.amazonaws.com/marchia/shcc186-specsheet.pdf,https://usr-content.s3.us-east-2.amazonaws.com/marchia/marchia-warranty-refrigeration.pdf,https://usr-content.s3.us-east-2.amazonaws.com/marchia/mhcc-shcc-series-manual.pdf
"MHCC186 48"" Heated Countertop Display Front and Rear Access Doors",MHCC186,527,MARCHIA,"
                            
<ul>
<li>Internal LED lighting</li>
<li>Adjustable thermostat control</li>
<li>Adjustable shelving and legs</li>
<li>Double insulated curved glass</li>
<li>Tempered glass</li>
<li>Front and rear access doors</li>
<li>Stainless steel construction</li>
</ul>

                          ",https://usrbrands.com/cdn/shop/files/mhcc186heated-countertop-display-with-food-black_130x.jpg?v=1756183213,"
      The Marchia MHCC186 48” Heated Dual Access Countertop Display case is perfect for keeping your baked goods fresh. The brilliant internal LED illumination on top helps vibrantly display your baked goods or other food products. It also features easy access from both the back of the unit and the front. And the adjustable temperature controller makes it easy to keep your products at the correct temperature. 
    ",https://usr-content.s3.us-east-2.amazonaws.com/marchia/mhcc186-specsheet.pdf,https://usr-content.s3.us-east-2.amazonaws.com/marchia/marchia-warranty-refrigeration.pdf,https://usr-content.s3.us-east-2.amazonaws.com/marchia/mhcc-shcc-series-manual.pdf
"MDC161-W 36"" White Refrigerated Countertop Display Case",MDC161-W,550,MARCHIA,"
                            
<ul>
 	<li>Brilliant Internal LED illumination on top</li>
 	<li>Digital temperature controller and display</li>
 	<li>Adjustable chrome plated shelves</li>
 	<li>4 sides double glass</li>
 	<li>Front Curved glass</li>
 	<li>Sliding doors</li>
 	<li>Maintenance free condenser</li>
 	<li>Ventilated cooling system</li>
 	<li>Automatic defrost</li>
</ul>

                          ",https://usrbrands.com/cdn/shop/products/mdc-161-w_130x.jpg?v=1632302579,"
      The MDC161-W is a refrigerated countertop display with a stainless steel front and curved glass for excellent viewing angles. As with all Marchia cases, LED lights are standard, and the shelves are adjustable. This refrigerated case holds 33°F to 54.6°F, perfect for bakeries, delis, cafes, and markets. The insulated rear sliding doors allow easy employee access. The case is straightforward to use, just unbox, plug-in, and turn on!
    ",https://usr-content.s3.us-east-2.amazonaws.com/marchia/mdc161-w-specsheet.pdf,https://usr-content.s3.us-east-2.amazonaws.com/marchia/marchia-warranty-refrigeration.pdf,https://usr-content.s3.us-east-2.amazonaws.com/marchia/mdc-series-manual.pdf
"MDC161 36"" Refrigerated Countertop Display Case",MDC161,550,MARCHIA,"
                            
<ul>
 	<li>Brilliant Internal LED illumination on top</li>
 	<li>Digital temperature controller and display</li>
 	<li>Adjustable chrome plated shelves</li>
 	<li>4 sides double glass</li>
 	<li>Front Curved glass</li>
 	<li>Sliding doors</li>
 	<li>Maintenance free condenser</li>
 	<li>Ventilated cooling system</li>
 	<li>Automatic defrost</li>
</ul>

                          ",https://usrbrands.com/cdn/shop/files/mdc161-1_130x.jpg?v=1756180226,"
      The MDC161 is a refrigerated countertop display with a stainless steel front and curved glass for excellent viewing angles. As with all Marchia cases, LED lights are standard, and the shelves are adjustable. This refrigerated case holds 33°F to 54.6°F, perfect for bakeries, delis, cafes, and markets. The insulated rear sliding doors allow easy employee access. The case is straightforward to use, just unbox, plug-in, and turn on!
    ",https://usr-content.s3.us-east-2.amazonaws.com/marchia/mdc161-specsheet.pdf,https://usr-content.s3.us-east-2.amazonaws.com/marchia/marchia-warranty-refrigeration.pdf,https://usr-content.s3.us-east-2.amazonaws.com/marchia/mdc-series-manual.pdf
"USTAR-T36 33"" Dry Curved Glass Bakery Display Case, Non Refrigerated",USTAR-T36,559,MARCHIA,"
                            <ul>
<li>33"" Top Display Dry Case</li>
<li>For USTAR36G open display merchandiser or countertop display</li>
<li>Exterior Dims: 32.91"" W x 11.10"" D x 17.70"" H</li>
<li>Interior Dims: 29.76"" W x 9.13"" D x 14.68"" H</li>
<li>Glass front shield &amp; side walls</li>
<li>(2) rear sliding doors</li>
<li>29.68"" x 7.08"" glass shelf</li>
<li>Black exterior<br>
</li>
</ul>
                          ",https://usrbrands.com/cdn/shop/files/ustar-t36-dry-display-case_9d2cdc41-df63-44b6-b905-4d49e7eee4a2_130x.jpg?v=1742268837,"
      
    ",https://usr-content.s3.us-east-2.amazonaws.com/marchia/ustar-t36-specsheet.pdf,https://usrbrands.com/products/ustar-t36-33-dry-curved-glass-bakery-display-case-non-refrigerated,https://usrbrands.com/products/ustar-t36-33-dry-curved-glass-bakery-display-case-non-refrigerated
"MSU160S 60"" Refrigerated Round Curved Sushi Display Case - Silver",MSU160S,570,MARCHIA,"
                            <ul>
<li>LED lighting</li>
<li>(6) x 1/3 stainless steel pans</li>
<li>Silver color finish</li>
<li>Digital temperature controllr</li>
</ul>
                          ",https://usrbrands.com/cdn/shop/files/msu160s-60-inch-refrigerated-6-pan-sushi-display-case_130x.jpg?v=1756182242,"
      MSU Series refrigerated sushi displays feature gravity coil fan-less refrigeration to keep your sushi cold without drying it out. Rear sliding glass doors provide easy access, and the front glass is removable for easy cleaning. Stainless steel pans included.
    ",https://usr-content.s3.us-east-2.amazonaws.com/marchia/msu160s-specsheet.pdf,https://usr-content.s3.us-east-2.amazonaws.com/marchia/marchia-warranty-refrigeration.pdf,https://www.kitchenall.com/cdn/content/marchia/msu-series-manial.pdf
"MDC160-ST 36"" Refrigerated Straight Front Glass Countertop Display Case",MDC160-ST,586,MARCHIA,"
                            
<ul>
 	<li>Brilliant Internal LED illumination on top</li>
 	<li>Digital temperature controller and display</li>
 	<li>Adjustable chrome plated shelves</li>
 	<li>Four sides double glass</li>
 	<li>Front straight glass</li>
 	<li>Sliding doors</li>
 	<li>Maintenance free condenser</li>
 	<li>Ventilated cooling system</li>
 	<li>Automatic defrost</li>
</ul>

                          ",https://usrbrands.com/cdn/shop/products/mdc160-st_130x.jpg?v=1612898599,"
      The MDC160 is a 36"" refrigerated countertop display with a stainless steel front and straight glass for excellent viewing angles. As with all Marchia cases, LED lights are standard and the shelves are adjustable. This refrigerated case holds 33°F to 54.6°F, perfect for bakeries, delis, cafes, and markets. The insulated rear sliding doors allow easy employee access. The case is very easy to use, just unbox, plug-in, and turn on.
    ",https://usr-content.s3.us-east-2.amazonaws.com/marchia/mdc160-st-specsheet.pdf,https://usr-content.s3.us-east-2.amazonaws.com/marchia/marchia-warranty-refrigeration.pdf,https://usr-content.s3.us-east-2.amazonaws.com/marchia/mdc-st-series-manual.pdf
MDCR78 Refrigerated Countertop Rotating Cake Display Case,MDCR78,614,MARCHIA,"
                            
<ul>
 	<li>Internal LED lighting</li>
 	<li>Digital temperature control</li>
 	<li>Automatic defrost</li>
 	<li>Stainless steel construction</li>
 	<li>Adjustable legs</li>
 	<li>Maintenance free controller</li>
 	<li>Ventilated cooling system</li>
 	<li>Double glass</li>
 	<li>Rotating display</li>
</ul>

                          ",,"
      Rotate your cakes and pastries for your customers in this refrigerated countertop display case. Using a standard plug, this attractive display provides beautiful LED lighting and will rotate your cakes until the door is opened. All sides are glass for perfect viewing from any angle. The digital controller allows the user to set temperatures between 33°F to 51°F.
    ",https://usr-content.s3.us-east-2.amazonaws.com/marchia/mdcr78-specsheet.pdf,https://usrbrands.com/products/mdcr78-refrigerated-countertop-rotating-cake-display-case,https://usr-content.s3.us-east-2.amazonaws.com/marchia/mdcr78-manual.pdf
"USTAR-T48 45"" Dry Curved Glass Bakery Display Case, Non Refrigerated",USTAR-T48,658,MARCHIA,"
                            <ul>
<li>45"" Top Display Dry Case</li>
<li>For USTAR48G open display merchandiser or countertop display</li>
<li>Exterior Dims: 44.72"" W x 11.10"" D x 17.70"" H</li>
<li>Interior Dims: 41.57"" W x 9.13"" D x 14.68"" H</li>
<li>Glass front shield &amp; side walls</li>
<li>(2) rear sliding doors</li>
<li>41.49"" x 7.08"" glass shelf</li>
<li>Black exterior<br>
</li>
</ul>
                          ",,"
      
    ",https://usr-content.s3.us-east-2.amazonaws.com/marchia/ustar-t48-specsheet.pdf,https://usrbrands.com/products/ustar-t36-33-dry-curved-glass-bakery-display-case-non-refrigerated-copy,https://usrbrands.com/products/ustar-t36-33-dry-curved-glass-bakery-display-case-non-refrigerated-copy
"MDC130 31"" Refrigerated Countertop Display Case",MDC130,731,MARCHIA,"
                            
<ul>
 	<li>Internal LED lighting</li>
 	<li>Adjustable temperature control</li>
 	<li>Adjustable shelving</li>
 	<li>Double insulated curved glass</li>
 	<li>Maintenance free condenser</li>
 	<li>Automatic defrost</li>
</ul>

                          ",https://usrbrands.com/cdn/shop/products/MDC130_1_130x.jpg?v=1612898594,"
      The MDC130 is a 31"" refrigerated countertop display with a stainless steel front and curved glass for excellent viewing angles. As with all Marchia cases, LED lights are standard, and the shelves are adjustable. This refrigerated case holds 33°F to 54.6°F, perfect for bakeries, delis, cafes, and markets. The insulated rear sliding doors allow easy employee access. The case is straightforward to use, just unbox, plug-in, and turn on!
    ",https://usr-content.s3.us-east-2.amazonaws.com/marchia/mdc130-specsheet.pdf,https://usr-content.s3.us-east-2.amazonaws.com/marchia/marchia-warranty-refrigeration.pdf,https://usr-content.s3.us-east-2.amazonaws.com/marchia/mdc130-mdc201-manual.pdf
"Marchia MPC158 22"" Countertop Full-Service Pizza Warmer with 4-Shelf Rotating Rack",MPC158,743,MARCHIA,"
                            <ul>
<li>22"" heated &amp; humidified pizza display merchandisers</li>
<li>Easy-access swing door</li>
<li>4 tier rotational stainless steel shelves</li>
<li>Holds up to (4) 18"" pizzas</li>
<li>4 interior LEDs ensure maximum visibility</li>
<li>Easy to use digital temperature controller</li>
<li>Temperature range: 86°F to 194°F (30°C to 90°C)</li>
<li>Adjustable humidity control</li>
<li>Durable 304 stainless steel</li>
<li>Tempered glass on four sides for a clear view<br>
</li>
<li>On/off switch</li>
<li>Refillable water reservoir<br>
</li>
</ul>
                          ",https://usrbrands.com/cdn/shop/files/mpc158-18-inch-pass-through-self-service-pizza-warmer_130x.jpg?v=1722339571,"
      The Marchia MPC158 22"" countertop full-service pizza display warmer features a rotating, 4-tier circular rack designed to encourage impulse purchases. With four glass sides, it retains heat while providing a clear view of the displayed items, and energy-efficient LED lighting illuminates the interior. 
    ",https://usr-content.s3.us-east-2.amazonaws.com/marchia/mpc158-specsheet.pdf,https://usr-content.s3.us-east-2.amazonaws.com/marchia/marchia-warranty-refrigeration.pdf,https://usrbrands.com/products/marchia-mpc158-22-countertop-full-service-pizza-warmer-with-4-shelf-rotating-rack
"MDC260-ST 48"" Refrigerated Straight Glass Countertop Display Case",MDC260-ST,812,MARCHIA,"
                            <ul>
<li>Brilliant Internal LED illumination on top</li>
<li>Digital temperature controller and display</li>
<li>Adjustable chrome plated shelves</li>
<li>4 sides double glass</li>
<li>Front <span data-mce-fragment=""1"">straight/flat</span> glass</li>
<li>Sliding doors</li>
<li>Maintenance free condenser</li>
<li>Ventilated cooling system</li>
<li>Automatic defrost</li>
<li>Stainless steel</li>
</ul>
                          ",https://usrbrands.com/cdn/shop/products/mdc260-st_130x.jpg?v=1619793414,"
      The MDC260-ST is a 48"" refrigerated countertop display with a stainless steel front and curved glass for excellent viewing angles. As with all Marchia cases, LED lights are standard, and the shelves are adjustable. This refrigerated case holds 33°F to 54.6°F, perfect for bakeries, delis, cafes, and markets. The insulated rear sliding doors allow easy employee access. The case is straightforward to use, just unbox, plug-in, and turn on!
    ",https://usr-content.s3.us-east-2.amazonaws.com/marchia/mdc260-st-specsheet.pdf,https://usr-content.s3.us-east-2.amazonaws.com/marchia/marchia-warranty-refrigeration.pdf,https://usr-content.s3.us-east-2.amazonaws.com/marchia/mdc-st-series-manual.pdf
"MDC261 48"" Refrigerated Curved Glass Countertop Display Case",MDC261,812,MARCHIA,"
                            <ul>
<li>Brilliant Internal LED illumination on top</li>
<li>Digital temperature controller and display</li>
<li>Adjustable chrome plated shelves</li>
<li>4 sides double glass</li>
<li>Front curved glass</li>
<li>Sliding doors</li>
<li>Maintenance free condenser</li>
<li>Ventilated cooling system</li>
<li>Automatic defrost</li>
<li>Stainless steel</li>
<li>Air duct outside the glass to remove condensation water</li>
</ul>
                          ",https://usrbrands.com/cdn/shop/products/mdc261_130x.jpg?v=1619793408,"
      The MDC261 is a 48"" refrigerated countertop display with a stainless steel front and curved glass for excellent viewing angles. As with all Marchia cases, LED lights are standard, and the shelves are adjustable. This refrigerated case holds 33°F to 54.6°F, perfect for bakeries, delis, cafes, and markets. The insulated rear sliding doors allow easy employee access. The case is straightforward to use, just unbox, plug-in, and turn on!
    ",https://usr-content.s3.us-east-2.amazonaws.com/marchia/mdc261-specsheet.pdf,https://usr-content.s3.us-east-2.amazonaws.com/marchia/marchia-warranty-refrigeration.pdf,https://usr-content.s3.us-east-2.amazonaws.com/marchia/mdc-series-manual.pdf
Marchia MVS300 Vertical Standing Refrigerated Cake Display Case,MVS300,833,MARCHIA,"
                            <ul>
<li>Vertical Refrigerated Cake Display</li>
<li>Brilliant LED Lighting</li>
<li>5 Adjustable Shelves</li>
<li>4 Sides Glass</li>
<li>Installed Casters</li>
</ul>
                          ",https://usrbrands.com/cdn/shop/products/MVS500-c_130x.jpg?v=1669371147,"
      The Marchia MVS300 75"" High Standing Display Case Refrigerator is ideal for bakery goods, cakes, desserts, or drinks. The brilliant internal LED illumination on sides will assist in showcasing your baked goods. And the digital temperature controller and display paired with the ventilated cooling system will keep your baked goods fresh. 
    ",https://usr-content.s3.us-east-2.amazonaws.com/marchia/mvs300-specsheet.pdf,https://usr-content.s3.us-east-2.amazonaws.com/marchia/marchia-warranty.pdf,https://www.kitchenall.com/cdn/content/marchia/mvs500-manual.pdf
"USTAR-T60 57"" Dry Curved Glass Bakery Display Case, Non Refrigerated",USTAR-T60,849,MARCHIA,"
                            <ul>
<li>57"" Top Display Dry Case</li>
<li>For USTAR60G open display merchandiser or countertop display</li>
<li>Exterior Dims: 56.53"" W x 11.10"" D x 17.70"" H</li>
<li>Interior Dims: 23.38"" W x 9.13"" D x 14.68"" H</li>
<li>Glass front shield &amp; side walls</li>
<li>(2) rear sliding doors</li>
<li>53.3"" x 7.08"" glass shelf</li>
<li>Black exterior<br>
</li>
</ul>
                          ",,"
      
    ",https://usr-content.s3.us-east-2.amazonaws.com/marchia/ustar-t60-specsheet.pdf,https://usrbrands.com/products/ustar-t48-45-dry-curved-glass-bakery-display-case-non-refrigerated-copy,https://usrbrands.com/products/ustar-t48-45-dry-curved-glass-bakery-display-case-non-refrigerated-copy
"MB36-B 36"" Refrigerated Bakery Display Case",MB36-B,1144,MARCHIA,"
                            <ul>
<li>Brilliant internal LED lighting each shelf and base</li>
<li>(2) Adjustable glass shelves</li>
<li>Digital temperature control and display</li>
<li>Double tempered glass</li>
<li>(4) casters with (2) brakes</li>
<li>Ventilated cooling system</li>
<li>Automatic defrost</li>
<li>Curved front glass</li>
</ul>
                          ",https://usrbrands.com/cdn/shop/products/mb36-b_130x.jpg?v=1627588675,"
      The MB36-B 36"" curved glass refrigerated showcase with a sharp and attractive stainless steel body. The LED lighting illuminates your pastries or other bakery goods from the top, and each adjustable shelf has additional LEDs underneath. Casters (wheels) are standard in each unit and come preinstalled. The unit vents out the back, allowing a pristine stainless steel front to show to your customers. This self-contained system requires no drain, plug it in to showcase your pastries and cakes. The digital temperature controller is user-accessible and operates between 36.6 and 47.4 degrees, perfect for bread, baked goods, dairy, drinks, salads, and more.
    ",https://usr-content.s3.us-east-2.amazonaws.com/marchia/mb36-b-specsheet.pdf,https://usr-content.s3.us-east-2.amazonaws.com/marchia/marchia-warranty.pdf,https://usr-content.s3.us-east-2.amazonaws.com/marchia/mb-series-manual.pdf
"MB36-W 36"" Refrigerated Bakery Display Case",MB36-W,1144,MARCHIA,"
                            <ul>
<li>Brilliant internal LED lighting each shelf and base</li>
<li>(2) Adjustable glass shelves</li>
<li>Digital temperature control and display</li>
<li>Double tempered glass</li>
<li>(4) casters with (2) brakes</li>
<li>Ventilated cooling system</li>
<li>Automatic defrost</li>
<li>Curved front glass</li>
</ul>
                          ",https://usrbrands.com/cdn/shop/products/mb36-w_130x.jpg?v=1627588763,"
      The MB36-W 36"" curved glass refrigerated showcase with a sharp and attractive stainless steel body. The LED lighting illuminates your pastries or other bakery goods from the top, and each adjustable shelf has additional LEDs underneath. Casters (wheels) are standard in each unit and come preinstalled. The unit vents out the back, allowing a pristine stainless steel front to show to your customers. This self-contained system requires no drain, plug it in to showcase your pastries and cakes. The digital temperature controller is user-accessible and operates between 36.6 and 47.4 degrees, perfect for bread, baked goods, dairy, drinks, salads, and more.
    ",https://usr-content.s3.us-east-2.amazonaws.com/marchia/mb36-w-specsheet.pdf,https://usr-content.s3.us-east-2.amazonaws.com/marchia/marchia-warranty.pdf,https://usr-content.s3.us-east-2.amazonaws.com/marchia/mb-series-manual.pdf
"MB36 36"" Refrigerated Bakery Display Case",MB36,1144,MARCHIA,"
                            <ul>
<li>Brilliant internal LED lighting each shelf and base</li>
<li>(2) Adjustable glass shelves</li>
<li>Digital temperature control and display</li>
<li>Double tempered glass</li>
<li>(4) casters with (2) brakes</li>
<li>Ventilated cooling system</li>
<li>Automatic defrost</li>
<li>Curved front glass</li>
</ul>
                          ",,"
      The MB36 36"" curved glass refrigerated showcase with a sharp and attractive stainless steel body. The LED lighting illuminates your pastries or other bakery goods from the top, and each adjustable shelf has additional LEDs underneath. Casters (wheels) are standard in each unit and come preinstalled. The unit vents out the back, allowing a pristine stainless steel front to show to your customers. This self-contained system requires no drain, plug it in to showcase your pastries and cakes. The digital temperature controller is user-accessible and operates between 36.6 and 47.4 degrees, perfect for bread, baked goods, dairy, drinks, salads, and more.
    ",https://usr-content.s3.us-east-2.amazonaws.com/marchia/mb36-specsheet.pdf,https://usr-content.s3.us-east-2.amazonaws.com/marchia/marchia-warranty.pdf,https://usr-content.s3.us-east-2.amazonaws.com/marchia/mb-series-manual.pdf
"Marchia MHS4 43"" Pass-Thru Heated Take-Out Shelf Warmer, 4-Shelf",MHS4,1297,MARCHIA,"
                            <ul>
<li>4-Shelf Pass-Through Heated Shelf Warmer</li>
<li>Perfect for pick-up, delivery, or any to-go orders</li>
<li>Shelf size: 20""D x 36"" W</li>
<li>13"" clearance of each shelf</li>
<li>Each shelf is independently temperature controlled</li>
<li>Touchscreen control with digital display</li>
<li>Stainless steel interior &amp; exterior</li>
<li>6"" adjustable, flanged feet for secure floor installation</li>
<li>86 to 194 degrees Fahrenheit temp range</li>
<li>Even heat distribution<br>
</li>
</ul>
                          ",https://usrbrands.com/cdn/shop/files/mhs4-takeout-shelf-warmer_130x.jpg?v=1726826964,"
      Ideal for restaurant take-out operations, the Marchia MHS4 43"" heated shelf warmer keeps your hot dishes warm and ready for pick-up or carry-out. Its pass-through design allows for easy loading on one side and convenient retrieval on the other.
    ",https://usr-content.s3.us-east-2.amazonaws.com/marchia/mhs4-specsheet.pdf,https://usr-content.s3.us-east-2.amazonaws.com/marchia/marchia-warranty-refrigeration.pdf,https://usrbrands.com/products/marchia-mhs4-43-pass-thru-heated-take-out-shelf-warmer-4-shelf
"MBT36 36"" Curved Glass Refrigerated Bakery Display Case",MBT36,1348,MARCHIA,"
                            <ul>
<li>Brilliant internal LED lighting each shelf and base</li>
<li>Three adjustable glass shelves</li>
<li>Digital temperature control and display</li>
<li>Rear sliding doors</li>
<li>Double tempered glass</li>
<li>Four casters with two brakes</li>
<li>Ventilated cooling system</li>
<li>Automatic defrost</li>
<li>Stainless steel finish</li>
<li>Curved front glass</li>
</ul>
                          ",https://usrbrands.com/cdn/shop/files/mbt36-side_130x.jpg?v=1756176768,"
      The MBT36 36"" curved glass refrigerated showcase with a sharp and attractive stainless steel body. LED lighting illuminates your pastries or other bakery goods from the top, and each adjustable shelf has additional LEDs underneath. Casters (wheels) are standard in each unit and come preinstalled. The unit vents out the back allowing a pristine stainless steel front to show to your customers. This self-contained system requires no drain, plug it in to showcase your pastries and cakes. The digital temperature controller is user accessible and operates between 32 and 54 degrees, perfect for bread, baked goods, dairy, drinks, salads and more.
    ",https://usr-content.s3.us-east-2.amazonaws.com/marchia/mbt36-specsheet.pdf,https://usr-content.s3.us-east-2.amazonaws.com/marchia/marchia-warranty.pdf,https://usr-content.s3.us-east-2.amazonaws.com/marchia/mbt-mbt-st-series-manual.pdf
"MB48 48"" Refrigerated Bakery Display Case",MB48,1374,MARCHIA,"
                            <ul>
<li>Brilliant internal LED lighting each shelf and base</li>
<li>(2) Adjustable glass shelves</li>
<li>Digital temperature control and display</li>
<li>Double tempered glass</li>
<li>(4) casters with (2) brakes</li>
<li>Ventilated cooling system</li>
<li>Automatic defrost</li>
<li>Curved front glass</li>
</ul>
                          ",,"
      The MB48 48"" curved glass refrigerated showcase with a sharp and attractive stainless steel body. The LED lighting illuminates your pastries or other bakery goods from the top, and each adjustable shelf has additional LEDs underneath. Casters (wheels) are standard in each unit and come preinstalled. The unit vents out the back, allowing a pristine stainless steel front to show to your customers. This self-contained system requires no drain, plug it in to showcase your pastries and cakes. The digital temperature controller is user-accessible and operates between 36.6 and 47.4 degrees, perfect for bread, baked goods, dairy, drinks, salads, and more.
    ",https://usr-content.s3.us-east-2.amazonaws.com/marchia/mb48-specsheet.pdf,https://usr-content.s3.us-east-2.amazonaws.com/marchia/marchia-warranty.pdf,https://usr-content.s3.us-east-2.amazonaws.com/marchia/mb-series-manual.pdf
"MB48-B 48"" Black Refrigerated Bakery Display Case",MB48-B,1374,MARCHIA,"
                            <ul>
<li>Brilliant internal LED lighting each shelf and base</li>
<li>(2) Adjustable glass shelves</li>
<li>Digital temperature control and display</li>
<li>Double tempered glass</li>
<li>(4) casters with (2) brakes</li>
<li>Ventilated cooling system</li>
<li>Automatic defrost</li>
<li>Curved front glass</li>
</ul>
                          ",https://usrbrands.com/cdn/shop/files/mb48-black-side_1f751694-6c8d-4507-9d24-2285ae0a6743_130x.jpg?v=1756177717,"
      The MB48-B 48"" curved glass refrigerated showcase with a sharp and attractive stainless steel body. The LED lighting illuminates your pastries or other bakery goods from the top, and each adjustable shelf has additional LEDs underneath. Casters (wheels) are standard in each unit and come preinstalled. The unit vents out the back, allowing a pristine stainless steel front to show to your customers. This self-contained system requires no drain, plug it in to showcase your pastries and cakes. The digital temperature controller is user-accessible and operates between 36.6 and 47.4 degrees, perfect for bread, baked goods, dairy, drinks, salads, and more.
    ",https://usr-content.s3.us-east-2.amazonaws.com/marchia/mb48-b-specsheet.pdf,https://usr-content.s3.us-east-2.amazonaws.com/marchia/marchia-warranty.pdf,https://usr-content.s3.us-east-2.amazonaws.com/marchia/mb-series-manual.pdf
"MB48-W 48"" White Refrigerated Bakery Display Case",MB48-W,1374,MARCHIA,"
                            <ul>
<li>Brilliant internal LED lighting each shelf and base</li>
<li>(2) Adjustable glass shelves</li>
<li>Digital temperature control and display</li>
<li>Double tempered glass</li>
<li>(4) casters with (2) brakes</li>
<li>Ventilated cooling system</li>
<li>Automatic defrost</li>
<li>Curved front glass</li>
</ul>
                          ",https://usrbrands.com/cdn/shop/files/mb48-white-side_130x.jpg?v=1756179996,"
      The MB48-W 48"" curved glass refrigerated showcase with a sharp and attractive stainless steel body. The LED lighting illuminates your pastries or other bakery goods from the top, and each adjustable shelf has additional LEDs underneath. Casters (wheels) are standard in each unit and come preinstalled. The unit vents out the back, allowing a pristine stainless steel front to show to your customers. This self-contained system requires no drain, plug it in to showcase your pastries and cakes. The digital temperature controller is user-accessible and operates between 36.6 and 47.4 degrees, perfect for bread, baked goods, dairy, drinks, salads, and more.
    ",https://usr-content.s3.us-east-2.amazonaws.com/marchia/mb48-w-specsheet.pdf,https://usr-content.s3.us-east-2.amazonaws.com/marchia/marchia-warranty.pdf,https://usr-content.s3.us-east-2.amazonaws.com/marchia/mb-series-manual.pdf
"MH36 36"" Curved Glass Heated Display Warming Case, Stainless Steel",MH36,1396,MARCHIA,"
                            <ul>
<li>Digital Temperature Controller and Display</li>
<li>Brilliant Internal LED Lighting</li>
<li>Adjustable Shelves</li>
<li>Heavy duty Stainless Steel</li>
</ul>
                          ",https://usrbrands.com/cdn/shop/files/mh36-warmer-cases-bread_130x.jpg?v=1702646592,"
      The MH36 36-inch curved glass heated display warming case with a sharp and attractive stainless steel body. The LED lighting illuminates your pastries or other bakery goods from the top, and each adjustable shelf has additional LEDs underneath.
    ",https://usr-content.s3.us-east-2.amazonaws.com/marchia/mh36-specsheet.pdf,https://usr-content.s3.us-east-2.amazonaws.com/marchia/marchia-warranty-refrigeration.pdf,https://usrbrands.com/products/36-curved-glass-heated-display-warming-case-stainless-steel
TMB25 25” Refrigerated Bakery Display Case,TMB25,1410,MARCHIA,"
                            <ul>
<li>Internal LED lighting</li>
<li>Adjustable temperature control</li>
<li>(3) Adjustable shelves</li>
<li>Front slanted tempered glass</li>
<li>Casters installed standard</li>
<li>Automatic defrost</li>
<li>Ventilated cooling system</li>
<li>Straight from glass</li>
</ul>
                          ",https://usrbrands.com/cdn/shop/files/tmb25-cake-angle-view_130x.jpg?v=1756176470,"
      This 25"" slanted front glass refrigerated display case provides excellent viewing angles with 4 sides glass and top glass. 3 levels provide plenty of room to show off all of your food products. The LED lighting is standard along the top and under each shelf. Holds 36.6°F to 47.4°F temperature (adjustable). A beautiful addition to any bakery, cafe, or shop looking to display refrigerated products.
    ",https://usr-content.s3.us-east-2.amazonaws.com/marchia/tmb25-specsheet.pdf,https://usr-content.s3.us-east-2.amazonaws.com/marchia/marchia-warranty.pdf,https://usr-content.s3.us-east-2.amazonaws.com/marchia/tmb-series-manual.pdf
"Marchia MH36-ST 36"" High Straight Glass Heated Display Warming Case, Stainless Steel",MH36-ST,1419,MARCHIA,"
                            <ul>
<li>Marchia heated display warming case</li>
<li>15.72 cu. ft. capacity</li>
<li>Straight front tempered glass</li>
<li>Sliding rear doors for easy access</li>
<li>(3) adjustable chrome shelves</li>
<li>86° to 140°F temperature range</li>
<li>Easy to use digital temperature control</li>
<li>LED interior lighting</li>
<li>Stainless steel base</li>
<li>(4) pre-installed casters (2 with brakes)</li>
<li>NEMA 5-15P power cord<br>
</li>
</ul>
                          ",https://usrbrands.com/cdn/shop/files/mh48-st-heated-display-case_130x.jpg?v=1731748846,"
      The MH36-ST 36-inch high straight glass heated display warming case with a sharp and attractive stainless steel body. The LED lighting illuminates your pastries or other bakery goods from the top. Casters (wheels) are standard in each unit and come preinstalled. The unit vents out the back allowing a pristine stainless steel front to show to your customers. A 4 sided glass design maximizes visibility, and an overall elegant design draws the attention of customers to what is on the menu. The digital temperature controller is user-accessible and operates between 86 F to 140 F.
    ",https://usr-content.s3.us-east-2.amazonaws.com/marchia/mh36-st-specsheet.pdf,https://usr-content.s3.us-east-2.amazonaws.com/marchia/marchia-warranty-refrigeration.pdf,https://usrbrands.com/products/marchia-mh36-st-36-high-straight-glass-heated-display-warming-case-stainless-steel
"MVS500-W Vertical Standing Refrigerated Cake Display Case, White",MVS500-W,1430,MARCHIA,"
                            <ul>
<li>Internal LED lighting</li>
<li>Digital temperature control</li>
<li>Adjustable <span data-mce-fragment=""1"">chrome</span> shelves</li>
<li>Front flat glass door</li>
<li>(4) Casters with 2 brakes</li>
<li>Ventilated cooling system</li>
<li>Automatic defrost</li>
<li>White exterior</li>
</ul>
                          ",https://usrbrands.com/cdn/shop/files/mvs500-white-bakery-case_1_130x.jpg?v=1695986536,"
      The Marchia MVS500-W 74"" High Standing Display Case Refrigerator is ideal for bakery goods, cakes, desserts, or drinks. The brilliant internal LED illumination on sides will assist in showcasing your baked goods. And the digital temperature controller and display paired with the ventilated cooling system will keep your baked goods fresh. 
    ",https://usr-content.s3.us-east-2.amazonaws.com/marchia/mvs500-w-specsheet.pdf,https://usr-content.s3.us-east-2.amazonaws.com/marchia/marchia-warranty.pdf,https://usr-content.s3.us-east-2.amazonaws.com/marchia/mvs500-800-manual.pdf
"MVS500-B Vertical Standing Refrigerated Cake Display Case, Black",MVS500-B,1430,MARCHIA,"
                            <ul>
<li>Internal LED lighting</li>
<li>Digital temperature control</li>
<li>Adjustable <span data-mce-fragment=""1"">chrome</span> shelves</li>
<li>Front flat glass door</li>
<li>(4) Casters with 2 brakes</li>
<li>Ventilated cooling system</li>
<li>Automatic defrost</li>
<li>Black exterior</li>
</ul>
                          ",https://usrbrands.com/cdn/shop/files/mvs500-black-bakery-case_1_130x.jpg?v=1695985607,"
      The Marchia MVS500-B 74"" High Standing Display Case Refrigerator is ideal for bakery goods, cakes, desserts, or drinks. The brilliant internal LED illumination on sides will assist in showcasing your baked goods. And the digital temperature controller and display paired with the ventilated cooling system will keep your baked goods fresh. 
    ",https://usr-content.s3.us-east-2.amazonaws.com/marchia/mvs500-b-specsheet.pdf,https://usr-content.s3.us-east-2.amazonaws.com/marchia/marchia-warranty.pdf,https://usr-content.s3.us-east-2.amazonaws.com/marchia/mvs500-800-manual.pdf
MVS500 Vertical Refrigerated Glass Cake Display Case,MVS500,1430,MARCHIA,"
                            <ul>
<li>Internal LED lighting</li>
<li>Digital temperature control</li>
<li>Adjustable chrome wire shelves</li>
<li>Front flat glass door</li>
<li>Double glass</li>
<li>(4) Casters with 2 brakes</li>
<li>Ventilated cooling system</li>
<li>Automatic defrost</li>
<li>Silver finish</li>
</ul>
                          ",https://usrbrands.com/cdn/shop/files/mvs500_130x.jpg?v=1705421400,"
      The Marchia MVS500 77"" High Standing Display Case Refrigerator is ideal for bakery goods, cakes, desserts, or drinks. The brilliant internal LED illumination on sides will assist in showcasing your baked goods. And the digital temperature controller and display paired with the ventilated cooling system will keep your baked goods fresh. 
    ",https://usr-content.s3.us-east-2.amazonaws.com/marchia/mvs500-specsheet.pdf,https://usr-content.s3.us-east-2.amazonaws.com/marchia/marchia-warranty.pdf,https://usr-content.s3.us-east-2.amazonaws.com/marchia/mvs500-800-manual.pdf
"MBT36-ST 36"" Straight Glass Refrigerated Bakery Display Case",MBT36-ST,1534,MARCHIA,"
                            <ul>
<li>Digital temperature control and display</li>
<li>Brilliant internal LED lighting</li>
<li>3 adjustable glass shelves</li>
<li>Double tempered glass</li>
<li>Ventilated cooling system</li>
<li>Straight front glass</li>
</ul>
                          ",https://usrbrands.com/cdn/shop/files/mbt-36-bt-1_130x.jpg?v=1756177959,"
      The Marchia 36"" Cake Display Series is the meeting point between cost and convenience. It comes with all features you need to optimally showcase baked goods and other treats in your food business. Bright interior LED lights will illuminate the merchandise so you can boost impulse sales.
    ",https://usr-content.s3.us-east-2.amazonaws.com/marchia/mbt36-st-specsheet.pdf,https://usr-content.s3.us-east-2.amazonaws.com/marchia/marchia-warranty.pdf,https://usr-content.s3.us-east-2.amazonaws.com/marchia/mbt-mbt-st-series-manual.pdf
"MB60-W 60"" White Curved Glass Refrigerated Bakery Display Case",MB60-W,1537,MARCHIA,"
                            <ul>
<li>Brilliant internal LED lighting each shelf and base</li>
<li>(2) Adjustable glass shelves</li>
<li>Digital temperature control and display</li>
<li>Double tempered glass</li>
<li>(4) casters with (2) brakes</li>
<li>Ventilated cooling system</li>
<li>Automatic defrost</li>
<li>Curved front glass</li>
</ul>
                          ",https://usrbrands.com/cdn/shop/products/mb60-w-1_130x.jpg?v=1640773251,"
      The MB60-W 60"" curved glass refrigerated showcase with a sharp and attractive body. The LED lighting illuminates your pastries or other bakery goods from the top, and each adjustable shelf has additional LEDs underneath. Casters (wheels) are standard in each unit and come preinstalled. This self-contained system requires no drain, plug it in to showcase your pastries and cakes. The digital temperature controller is user-accessible and operates between 36.6 and 47.4 degrees, perfect for bread, baked goods, dairy, drinks, salads, and more.
    ",https://usr-content.s3.us-east-2.amazonaws.com/marchia/mb60-w-specsheet.pdf,https://usr-content.s3.us-east-2.amazonaws.com/marchia/marchia-warranty.pdf,https://usr-content.s3.us-east-2.amazonaws.com/marchia/mb-series-manual.pdf
"MB60-B 60"" Black Curved Glass Refrigerated Bakery Display Case",MB60-B,1537,MARCHIA,"
                            <ul>
<li>Brilliant internal LED lighting each shelf and base</li>
<li>(2) Adjustable glass shelves</li>
<li>Digital temperature control and display</li>
<li>Double tempered glass</li>
<li>(4) casters with (2) brakes</li>
<li>Ventilated cooling system</li>
<li>Automatic defrost</li>
<li>Curved front glass</li>
</ul>
                          ",https://usrbrands.com/cdn/shop/products/mb60-b_130x.jpg?v=1640773076,"
      The MB60-B 60"" curved glass refrigerated showcase with a sharp and attractive body. The LED lighting illuminates your pastries or other bakery goods from the top, and each adjustable shelf has additional LEDs underneath. Casters (wheels) are standard in each unit and come preinstalled. This self-contained system requires no drain, plug it in to showcase your pastries and cakes. The digital temperature controller is user-accessible and operates between 36.6 and 47.4 degrees, perfect for bread, baked goods, dairy, drinks, salads, and more.
    ",https://usr-content.s3.us-east-2.amazonaws.com/marchia/mb60-b-specsheet.pdf,https://usr-content.s3.us-east-2.amazonaws.com/marchia/marchia-warranty.pdf,https://usr-content.s3.us-east-2.amazonaws.com/marchia/mb-series-manual.pdf
"MB60 60"" Refrigerated Bakery Display Case",MB60,1537,MARCHIA,"
                            <ul>
<li>Brilliant internal LED lighting each shelf and base</li>
<li>(2) Adjustable glass shelves</li>
<li>Digital temperature control and display</li>
<li>Double tempered glass</li>
<li>(4) casters with (2) brakes</li>
<li>Ventilated cooling system</li>
<li>Automatic defrost</li>
<li>Curved front glass</li>
</ul>
                          ",,"
      The MB60 60"" curved glass refrigerated showcase with a sharp and attractive stainless steel body. The LED lighting illuminates your pastries or other bakery goods from the top, and each adjustable shelf has additional LEDs underneath. Casters (wheels) are standard in each unit and come preinstalled. The unit vents out the back, allowing a pristine stainless steel front to show to your customers. This self-contained system requires no drain, plug it in to showcase your pastries and cakes. The digital temperature controller is user-accessible and operates between 36.6 and 47.4 degrees, perfect for bread, baked goods, dairy, drinks, salads, and more.
    ",https://usr-content.s3.us-east-2.amazonaws.com/marchia/mb60-specsheet.pdf,https://usr-content.s3.us-east-2.amazonaws.com/marchia/marchia-warranty.pdf,https://usr-content.s3.us-east-2.amazonaws.com/marchia/mb-series-manual.pdf
"MBT48 48"" Curved Glass Refrigerated Bakery Display Case",MBT48,1546,MARCHIA,"
                            <ul>
<li>Brilliant internal LED lighting each shelf and base</li>
<li>Three adjustable glass shelves</li>
<li>Digital temperature control and display</li>
<li>Rear sliding doors</li>
<li>Double tempered glass</li>
<li>Four casters with two brakes</li>
<li>Ventilated cooling system</li>
<li>Automatic defrost</li>
<li>Stainless steel finish</li>
<li>Curved front glass</li>
</ul>
                          ",https://usrbrands.com/cdn/shop/files/mbt48-side_1_130x.jpg?v=1756176618,"
      The MBT48 48"" curved glass refrigerated showcase with a sharp and attractive stainless steel body. LED lighting illuminates your pastries or other bakery goods from the top, and each adjustable shelf has additional LEDs underneath. Casters (wheels) are standard in each unit and come preinstalled. The unit vents out the back allowing a pristine stainless steel front to show to your customers. This self-contained system requires no drain, plug it in to showcase your pastries and cakes. The digital temperature controller is user accessible and operates between 32 and 54 degrees, perfect for bread, baked goods, dairy, drinks, salads and more.
    ",https://usr-content.s3.us-east-2.amazonaws.com/marchia/mbt48-specsheet.pdf,https://usr-content.s3.us-east-2.amazonaws.com/marchia/marchia-warranty.pdf,https://usr-content.s3.us-east-2.amazonaws.com/marchia/mbt-mbt-st-series-manual.pdf
"MDS250 24"" Open Refrigerated Merchandiser Grab and Go Display Case",MDS250,1595,MARCHIA,"
                            <ul>
<li>Internal LED lighting</li>
<li>Adjustable digital temperature control</li>
<li>Adjustable shelving</li>
<li>Pull down nightshade</li>
<li>Automatic defrost</li>
<li>Automatic defrost</li>
<li>Backside maintenance-free condenser</li>
<li>Casters installed standard with 2 brakes</li>
<li>6.7"" front glass</li>
</ul>
                          ",https://usrbrands.com/cdn/shop/files/mds250-open-air-with-drink-angle_130x.jpg?v=1756184887,"
      The Marchia MDS250 24"" Open Air Merchandiser Grab and Go Display Case allows your customers to reach in and grab their own drinks, salads, sandwiches, and baked goods for a spontaneous high point of sale purchases. At only 24"" W x 68"" H, this small unit is great for any small cafe or bakery looking for a narrow grab and go with a small footprint.
    ",https://usr-content.s3.us-east-2.amazonaws.com/marchia/mds250-specsheet.pdf,https://usr-content.s3.us-east-2.amazonaws.com/marchia/marchia-warranty.pdf,https://usr-content.s3.us-east-2.amazonaws.com/marchia/mds250-manual.pdf
TMB36 36” Refrigerated Bakery Display Case,TMB36,1596,MARCHIA,"
                            <ul>
<li>Internal LED lighting</li>
<li>Adjustable temperature control</li>
<li>(3) Adjustable shelves</li>
<li>Front slanted tempered glass</li>
<li>Casters installed standard</li>
<li>Automatic defrost</li>
<li>Ventilated cooling system</li>
<li>Straight from glass</li>
</ul>
                          ",https://usrbrands.com/cdn/shop/files/tmb36-cake-angle-view_130x.jpg?v=1756176183,"
      This 36"" slanted front glass refrigerated display case provides excellent viewing angles with 4 sides glass and top glass. 3 levels provide plenty of room to show off all of your food products. The LED lighting is standard along the top and under each shelf. Holds 36.6°F to 47.4°F temperature (adjustable). A beautiful addition to any bakery, cafe, or shop looking to display refrigerated products.
    ",https://usr-content.s3.us-east-2.amazonaws.com/marchia/tmb36-specsheet.pdf,https://usr-content.s3.us-east-2.amazonaws.com/marchia/marchia-warranty.pdf,https://usr-content.s3.us-east-2.amazonaws.com/marchia/tmb-series-manual.pdf
"MBT48-ST 48"" Straight Glass Refrigerated Bakery Display Case",MBT48-ST,1634,MARCHIA,"
                            <ul>
<li>Digital temperature control and display</li>
<li>Brilliant internal LED lighting</li>
<li>3 adjustable glass shelves</li>
<li>Double tempered glass</li>
<li>Ventilated cooling system</li>
<li>Straight front glass</li>
</ul>
                          ",https://usrbrands.com/cdn/shop/files/mbt-48-bt-1_130x.jpg?v=1756177760,"
      The Marchia 48"" Cake Display Series is the meeting point between cost and convenience. It comes with all features you need to optimally showcase baked goods and other treats in your food business. Bright interior LED lights will illuminate the merchandise so you can boost impulse sales.
    ",https://usr-content.s3.us-east-2.amazonaws.com/marchia/mbt48-st-specsheet.pdf,https://usr-content.s3.us-east-2.amazonaws.com/marchia/marchia-warranty.pdf,https://usr-content.s3.us-east-2.amazonaws.com/marchia/mbt-mbt-st-series-manual.pdf
"MH48 48"" Curved Glass Heated Display Warming Case, Stainless Steel",MH48,1642,MARCHIA,"
                            <ul>
<li>Digital Temperature Controller and Display</li>
<li>Brilliant Internal LED Lighting</li>
<li>Adjustable Shelves</li>
<li>Heavy duty Stainless Steel</li>
</ul>
                          ",https://usrbrands.com/cdn/shop/files/mh48-heat-warmer_130x.jpg?v=1702646769,"
      The MH48 48-inch curved glass heated display warming case with a sharp and attractive stainless steel body. The LED lighting illuminates your pastries or other bakery goods from the top, and each adjustable shelf has additional LEDs underneath.
    ",https://usr-content.s3.us-east-2.amazonaws.com/marchia/mh48-specsheet.pdf,https://usr-content.s3.us-east-2.amazonaws.com/marchia/marchia-warranty-refrigeration.pdf,https://usrbrands.com/products/48-curved-glass-heated-display-warming-case-stainless-steel
"MVSR400 Refrigerated 69"" Vertical Curved Glass Cake Display Case",MVSR400,1665,MARCHIA,"
                            
<ul>
 	<li>Internal LED lighting</li>
 	<li>Digital temperature control</li>
 	<li>Adjustable glass shelves</li>
 	<li>Ventilated cooling system</li>
 	<li>Automatic defrost</li>
 	<li>Casters included</li>
 	<li>Shelves can be rotated by hand for perfect display of product</li>
</ul>

                          ",,"
      Curved glass refrigerated pastry and cake display case. 69""H. Floor standing model with glass shelves. Includes internal LED lighting, lockable casters, auto defrost, adjustable glass shelves, stainless steel, and glass construction.
    ",https://usr-content.s3.us-east-2.amazonaws.com/marchia/mvsr400-specsheet.pdf,https://usr-content.s3.us-east-2.amazonaws.com/marchia/marchia-warranty.pdf,https://usr-content.s3.us-east-2.amazonaws.com/marchia/mvsr400-manual.pdf
"MBT60 60"" Curved Glass Refrigerated Bakery Display Case",MBT60,1728,MARCHIA,"
                            <ul>
<li>Brilliant internal LED lighting each shelf and base</li>
<li>Three adjustable glass shelves</li>
<li>Digital temperature control and display</li>
<li>Rear sliding doors</li>
<li>Double tempered glass</li>
<li>Four casters with two brakes</li>
<li>Ventilated cooling system</li>
<li>Automatic defrost</li>
<li>Stainless steel finish</li>
<li>Curved front glass</li>
</ul>
                          ",https://usrbrands.com/cdn/shop/files/mbt60-side_130x.jpg?v=1756176899,"
      The MBT60 60"" curved glass refrigerated showcase with a sharp and attractive stainless steel body. LED lighting illuminates your pastries or other bakery goods from the top, and each adjustable shelf has additional LED's underneath. Casters (wheels) are standard in each unit and come preinstalled. The unit vents out the back allowing a pristine stainless steel front to show to your customers. This self-contained system requires no drain, plug it in to showcase your pastries and cakes. The digital temperature controller is user accessible and operates between 32 and 54 degrees, perfect for bread, baked goods, dairy, drinks, salads and more.
    ",https://usr-content.s3.us-east-2.amazonaws.com/marchia/mbt60-specsheet.pdf,https://usr-content.s3.us-east-2.amazonaws.com/marchia/marchia-warranty.pdf,https://usr-content.s3.us-east-2.amazonaws.com/marchia/mbt-mbt-st-series-manual.pdf
"MDS380 40"" Open Refrigerated Merchandiser Grab and Go Display Case",MDS380,1773,MARCHIA,"
                            <ul>
<li>Internal LED lighting</li>
<li>Digital temperature control</li>
<li>Adjustable shelving with LED lights</li>
<li>Pull down night shade</li>
<li>Automatic defrost</li>
<li>Maintenance free condenser</li>
<li>Stainless steel construction</li>
<li>Casters installed standard with 2 brakes</li>
<li>6.7"" front glass</li>
</ul>
                          ",https://usrbrands.com/cdn/shop/products/MDS380_130x.jpg?v=1612898618,"
      The MDS380 40"" refrigerated open-air grab and go keep drinks, baked goods, salads and snacks cold for easy grab and go access. Increase impulse sales in any market, deli, the bakery, or cafe with this functional and beautiful open-air display refrigerator. Standard features include LED lighting for each shelf, self-cleaning condenser, and installed wheels standard. All stainless steel. No drain line required. Just plug it in and start selling!
    ",https://usr-content.s3.us-east-2.amazonaws.com/marchia/mds380-specsheet.pdf,https://usr-content.s3.us-east-2.amazonaws.com/marchia/marchia-warranty.pdf,https://usr-content.s3.us-east-2.amazonaws.com/marchia/mds380-manual.pdf
TMB48 48” Refrigerated Bakery Display Case,TMB48,1782,MARCHIA,"
                            <ul>
<li>Internal LED lighting</li>
<li>Adjustable temperature control</li>
<li>(3) Adjustable shelves</li>
<li>Front slanted tempered glass</li>
<li>Casters installed standard</li>
<li>Automatic defrost</li>
<li>Ventilated cooling system</li>
<li>Straight from glass</li>
</ul>
                          ",https://usrbrands.com/cdn/shop/files/tmb48-cake-angle-view_130x.jpg?v=1756176317,"
      This 48"" slanted front glass refrigerated display case provides excellent viewing angles with 4 sides glass and top glass. 3 levels provide plenty of room to show off all of your food products. The LED lighting is standard along the top and under each shelf. Holds 36.6°F to 47.4°F temperature (adjustable). A beautiful addition to any bakery, cafe, or shop looking to display refrigerated products.
    ",https://usr-content.s3.us-east-2.amazonaws.com/marchia/tmb48-specsheet.pdf,https://usr-content.s3.us-east-2.amazonaws.com/marchia/marchia-warranty.pdf,https://usr-content.s3.us-east-2.amazonaws.com/marchia/tmb-series-manual.pdf
"MDS390 36"" Open Refrigerated Merchandiser Grab and Go Display Case - Black",MDS390,1805,MARCHIA,"
                            <ul>
<li>Internal LED lighting</li>
<li>Night curtain</li>
<li>Adjustable shelves</li>
<li>4 Casters with 2 brakes</li>
<li>Safety glass on each side</li>
<li>Digital temperature control</li>
<li>Ventilated cooling system</li>
<li>Automatic defrost</li>
<li>Frontend base mesh filter<br>
</li>
<li>6.7"" front glass</li>
</ul>
                          ",https://usrbrands.com/cdn/shop/files/20250814192921_130x.png?v=1755171004,"
      This 36"" refrigerated open air merchandiser is a very handsome display case for drinks, salads, bakery and pastry goods, and much more. Great for supermarkets, cafes, or bakeries, this 60"" tall case makes it easy for the customer to see and reach whatever they may want. The shelves are adjustable, and of course, bright LED lighting provides for beautiful product display. The black on white aesthetic is a tasteful alternative to the stainless steel look of the other merchandisers in this line. The unit comes with lockable wheels for easy cleaning.
    ",https://usr-content.s3.us-east-2.amazonaws.com/marchia/mds390-specsheet.pdf,https://usr-content.s3.us-east-2.amazonaws.com/marchia/marchia-warranty.pdf,https://usr-content.s3.us-east-2.amazonaws.com/marchia/mds390-mds390-ss-manual.pdf
"MVS800 Double Door Vertical Refrigerated Glass Cake Display Case, Stainless Steel",MVS800,1815,MARCHIA,"
                            <ul>
<li>Internal LED lighting</li>
<li>Digital temperature control</li>
<li>Adjustable <span data-mce-fragment=""1"">chrome</span> shelves</li>
<li>Two swing glass door</li>
<li>(4) Casters with 2 brakes</li>
<li>Ventilated cooling system</li>
<li>Automatic defrost</li>
<li>Black top &amp; stainless steel&nbsp;base</li>
</ul>
                          ",https://usrbrands.com/cdn/shop/files/mvs800-black-bakery-case_1_130x.jpg?v=1696755822,"
      The Marchia MVS800 Double Door Standing Display Case Refrigerator is ideal for bakery goods, cakes, desserts, or drinks. The brilliant internal LED illumination on sides will assist in showcasing your baked goods. And the digital temperature controller and display paired with the ventilated cooling system will keep your baked goods fresh. 
    ",https://usr-content.s3.us-east-2.amazonaws.com/marchia/mvs800-specsheet.pdf,https://usr-content.s3.us-east-2.amazonaws.com/marchia/marchia-warranty.pdf,https://usr-content.s3.us-east-2.amazonaws.com/marchia/mvs500-800-manual.pdf
"MDS390-SS 36"" Open Refrigerated Merchandiser Grab and Go Display Case - S/S",MDS390-SS,1881,MARCHIA,"
                            <ul>
<li>rilliant internal LED lighting at 2 front sides</li>
<li>digital temperature controller and display</li>
<li>(4) castors with 2 brakes</li>
<li>double tempered glass</li>
<li>with night curtain</li>
<li>ventilated cooling system</li>
<li>automatic defrost</li>
<li>filter mesh in front of the base</li>
<li>(3) adjustable shelves</li>
<li>condensator at backside, free maintenance</li>
<li>condensation water evaporated automatically</li>
<li>6.7"" front glass</li>
</ul>
                          ",https://usrbrands.com/cdn/shop/files/mds390-open-air-ss-food-angle_130x.jpg?v=1756193382,"
      A Stainless Steel 36"" refrigerated open air merchandiser display case, perfect for drinks, salads, bakery and pastry goods, and much more. Great for supermarkets, cafes, or bakeries, this 60"" tall case makes it easy for the customer to see and reach whatever they may want. The shelves are adjustable, and of course, bright LED lighting provides for beautiful product display. The unit comes with lockable wheels for easy cleaning.
    ",https://usr-content.s3.us-east-2.amazonaws.com/marchia/mds390-ss-specsheet.pdf,https://usr-content.s3.us-east-2.amazonaws.com/marchia/marchia-warranty.pdf,https://usr-content.s3.us-east-2.amazonaws.com/marchia/mds390-mds390-ss-manual.pdf
"MH48-ST 48"" High Straight Glass Heated Display Warming Case, Stainless Steel",MH48-ST,1894,MARCHIA,"
                            <ul>
<li>Heated Glass Front Display</li>
<li>Brilliant Internal LED Lighting</li>
<li>3 Adjustable Shelves</li>
<li>Heavy duty Stainless Steel</li>
<li>Back Sliding Doors</li>
<li><br></li>
</ul>
                          ",https://usrbrands.com/cdn/shop/files/mh48-st-warmer-cases-bread_130x.jpg?v=1702646999,"
      The MH48-ST 48-inch high straight glass heated display warming case with a sharp and attractive stainless steel body. The LED lighting illuminates your pastries or other bakery goods from the top. Casters (wheels) are standard in each unit and come preinstalled. The unit vents out the back allowing a pristine stainless steel front to show to your customers. A 4 sided glass design maximizes visibility, and an overall elegant design draws the attention of customers to what is on the menu. The digital temperature controller is user-accessible and operates between 86 F to 140 F.
    ",https://usr-content.s3.us-east-2.amazonaws.com/marchia/mh48-st-specsheet.pdf,https://usr-content.s3.us-east-2.amazonaws.com/marchia/marchia-warranty-refrigeration.pdf,https://usrbrands.com/products/48-high-straight-glass-heated-display-warming-case-stainless-steel
"Marchia MB72 72"" Curved Glass Refrigerated Bakery Display Case, Stainless Steel",MB72,1929,MARCHIA,"
                            <ul>
<li>Brilliant internal LED lighting each shelf and base</li>
<li>(2) Adjustable glass shelves</li>
<li>Digital temperature control and display</li>
<li>Double tempered glass</li>
<li>(4) casters with (2) brakes</li>
<li>Ventilated cooling system</li>
<li>Automatic defrost</li>
<li>Curved front glass</li>
</ul>
                          ",https://usrbrands.com/cdn/shop/files/mb72-72-inch-cake-display-case_130x.jpg?v=1739869004,"
      The MB72 72-inch curved glass refrigerated showcase with a sharp and attractive stainless steel body. The LED lighting illuminates your pastries or other bakery goods from the top, and each adjustable shelf has additional LEDs underneath. Casters (wheels) are standard in each unit and come preinstalled.
    ",https://usr-content.s3.us-east-2.amazonaws.com/marchia/mb72-specsheet.pdf,https://usr-content.s3.us-east-2.amazonaws.com/marchia/marchia-warranty.pdf,https://usr-content.s3.us-east-2.amazonaws.com/marchia/mb-series-manual.pdf
"MBT60-ST 60"" Straight Glass Refrigerated Bakery Display Case",MBT60-ST,2050,MARCHIA,"
                            <ul>
<li>Digital temperature control and display</li>
<li>Brilliant internal LED lighting</li>
<li>3 adjustable glass shelves</li>
<li>Double tempered glass</li>
<li>Ventilated cooling system</li>
<li>Straight front glass</li>
</ul>
                          ",https://usrbrands.com/cdn/shop/files/mbt-60-bt-1_130x.jpg?v=1756178035,"
      The Marchia 60"" Cake Display Series is the meeting point between cost and convenience. It comes with all features you need to optimally showcase baked goods and other treats in your food business. Bright interior LED lights will illuminate the merchandise so you can boost impulse sales.
    ",https://usr-content.s3.us-east-2.amazonaws.com/marchia/mbt60-st-specsheet.pdf,https://usr-content.s3.us-east-2.amazonaws.com/marchia/marchia-warranty.pdf,https://usr-content.s3.us-east-2.amazonaws.com/marchia/mbt-mbt-st-series-manual.pdf
"MBT72 72"" Curved Glass Refrigerated Bakery Display Case",MBT72,2059,MARCHIA,"
                            <ul>
<li>Brilliant internal LED lighting each shelf and base</li>
<li>Three adjustable glass shelves</li>
<li>Digital temperature control and display</li>
<li>Rear sliding doors</li>
<li>Double tempered glass</li>
<li>Curved front glass</li>
<li>Four casters with two brakes</li>
<li>Ventilated cooling system</li>
<li>Automatic defrost</li>
<li>Stainless steel finish</li>
</ul>
                          ",https://usrbrands.com/cdn/shop/files/mbt72-side_130x.jpg?v=1756174773,"
      The MBT72 72"" curved glass refrigerated showcase with a sharp and attractive stainless steel body. LED lighting illuminates your pastries or other bakery goods from the top, and each adjustable shelf has additional LED's underneath. Casters (wheels) are standard in each unit and come preinstalled. The unit vents out the back allowing a pristine stainless steel front to show to your customers. This self-contained system requires no drain, plug it in to showcase your pastries and cakes. The digital temperature controller is user accessible and operates between 32 and 54 degrees, perfect for bread, baked goods, dairy, drinks, salads and more.
    ",https://usr-content.s3.us-east-2.amazonaws.com/marchia/mbt72-specsheet.pdf,https://usr-content.s3.us-east-2.amazonaws.com/marchia/marchia-warranty.pdf,https://usr-content.s3.us-east-2.amazonaws.com/marchia/mbt-mbt-st-series-manual.pdf
"USTAR36 36"" Black Low Profile Horizontal Display Case Merchandiser",USTAR36,2077,MARCHIA,"
                            <ul>
<li>Brilliant internal LED illumination</li>
<li>Digital temperature controller and display</li>
<li>Foamed with CFC-free polyurethane insulation</li>
<li>Includes a durable night curtain</li>
<li><span>Removable stainless steel&nbsp;shelf</span></li>
<li>4 Casters with 2 brakes</li>
<li>Automatic defrost</li>
<li>Eco-Friendly R290 refrigerant</li>
<li>9.8"" front glass</li>
<li>Shown with Optional Top Front Glass</li>
</ul>
                          ",https://usrbrands.com/cdn/shop/files/ustar-m36-open-air-with-dry-top_7c36b7d9-1f56-40c1-a7bf-59c6f5c4bf4d_130x.jpg?v=1742351268,"
      The Marchia self service display case is a valuable addition to your deli shop, sandwich shop, bakery, cafe, or other foodservice establishment. Our refrigerated bakery display case is a reliable and durable solution for displaying your hot selling treats to increase impulse sales in your business.
    ",https://usr-content.s3.us-east-2.amazonaws.com/marchia/ustar36-specsheet.pdf,https://usr-content.s3.us-east-2.amazonaws.com/marchia/marchia-warranty.pdf,https://usr-content.s3.us-east-2.amazonaws.com/marchia/ustar36-manual.pdf
"MDS200 40"" Open Display Merchandiser Grab and Go Display Case",MDS200,2165,MARCHIA,"
                            
<ul>
 	<li>Internal LED lighting</li>
 	<li>Adjustable temperature control</li>
 	<li>Adjustable shelving</li>
 	<li>Pull down night shade</li>
 	<li>Automatic defrost</li>
 	<li>Stainless steel construction</li>
 	<li>Casters installed standard</li>
 	<li>Bottom front side ventilation</li>
</ul>

                          ",https://usrbrands.com/cdn/shop/products/MDS200_130x.jpg?v=1612898614,"
      The Marchia MDS200 40"" Open Air Merchandiser Grab and Go Display Case allows your customers to reach in and grab their own drinks, salads, sandwiches, and baked goods for a spontaneous high point of sale purchases. At only 40"" W x 50"" H, this small unit is great for any small cafe or bakery looking for a narrow grab and go with a small footprint.
    ",https://usr-content.s3.us-east-2.amazonaws.com/marchia/mds200-specsheet.pdf,https://usr-content.s3.us-east-2.amazonaws.com/marchia/marchia-warranty.pdf,https://usr-content.s3.us-east-2.amazonaws.com/marchia/mds200-manual.pdf
TMB60 60” Refrigerated Bakery Display Case,TMB60,2178,MARCHIA,"
                            <ul>
<li>Internal LED lighting</li>
<li>Adjustable temperature control</li>
<li>(3) Adjustable shelves</li>
<li>Front slanted tempered glass</li>
<li>Casters installed standard</li>
<li>Automatic defrost</li>
<li>Ventilated cooling system</li>
<li>Straight front glass</li>
</ul>
                          ",https://usrbrands.com/cdn/shop/files/mbt60-bakery-case-with-cake_130x.jpg?v=1756178640,"
      This 60"" slanted front glass refrigerated display case provides excellent viewing angles with 4 sides glass and top glass. 3 levels provide plenty of room to show off all of your food products. The LED lighting is standard along the top and under each shelf. Holds 35.6°F to 46.4°F temperature (adjustable). A beautiful addition to any bakery, cafe, or shop to display refrigerated products.
    ",https://usr-content.s3.us-east-2.amazonaws.com/marchia/tmb60-specsheet.pdf,https://usr-content.s3.us-east-2.amazonaws.com/marchia/marchia-warranty.pdf,https://usr-content.s3.us-east-2.amazonaws.com/marchia/tmb-series-manual.pdf
"Marchia USTAR48G 48"" Black Low Profile Open Air Cooler Grab and Go",USTAR48G,2255,MARCHIA,"
                            <ul>
<li>48"" black horizontal air curtain merchandiser</li>
<li>Foamed with CFC-free polyurethane insulation</li>
<li>Includes energy-saving night cover</li>
<li>Easy to use digital temperature controller</li>
<li>Brilliant internal LED illumination</li>
<li>Stainless steel interior standard</li>
<li>Interior Dimensions: 44.09"" x 23.3"" x 14.57""</li>
<li>Eco-Friendly R290 refrigerant</li>
<li>Two-step stainless steel shelf included</li>
<li>Adjustable 44"" x 11"" stainless steel shelf with price tag strip</li>
<li>Automatic defrost</li>
<li>4 pre-Installed casters, 2 leveling feet<br>
</li>
<li>9.8"" front glass</li>
<li>Shown with Optional Top Front Glass</li>
</ul>
                          ",https://usrbrands.com/cdn/shop/files/ustar48g-m-grab-and-go_1_130x.jpg?v=1742371646,"
      The Marchia self service display case is a valuable addition to your deli shop, sandwich shop, bakery, cafe, or other foodservice establishment. Our refrigerated bakery display case is a reliable and durable solution for displaying your hot selling treats to increase impulse sales in your business.
    ",https://usr-content.s3.us-east-2.amazonaws.com/marchia/ustar48g-specsheet.pdf,https://usr-content.s3.us-east-2.amazonaws.com/marchia/marchia-warranty.pdf,https://usrbrands.com/products/marchia-ustar48g-48-black-low-profile-open-air-cooler-grab-and-go
"USTAR48 48"" Black Low Profile Horizontal Display Case Merchandiser",USTAR48,2255,MARCHIA,"
                            <ul>
<li>Brilliant internal LED illumination</li>
<li>Digital temperature controller and display</li>
<li>Foamed with CFC-free polyurethane insulation</li>
<li>Includes a durable night curtain</li>
<li><span>Removable stainless steel&nbsp;shelf</span></li>
<li>4 Casters with 2 brakes</li>
<li>Automatic defrost</li>
<li>Eco-Friendly R290 refrigerant</li>
<li>9.8"" front glass</li>
<li>Shown with Optional Top Front Glass</li>
</ul>
                          ",https://usrbrands.com/cdn/shop/files/ustar-m48-open-air-cooler-with-dry-top_130x.jpg?v=1742351332,"
      The Marchia self service display case is a valuable addition to your deli shop, sandwich shop, bakery, cafe, or other foodservice establishment. Our refrigerated bakery display case is a reliable and durable solution for displaying your hot selling treats to increase impulse sales in your business.
    ",https://usr-content.s3.us-east-2.amazonaws.com/marchia/ustar48-specsheet.pdf,https://usr-content.s3.us-east-2.amazonaws.com/marchia/marchia-warranty.pdf,https://usr-content.s3.us-east-2.amazonaws.com/marchia/ustar48-manual.pdf
"MBT72-ST 72"" Straight Glass Refrigerated Bakery Display Case",MBT72-ST,2356,MARCHIA,"
                            <ul>
<li>Digital temperature control and display</li>
<li>Brilliant internal LED lighting</li>
<li>6&nbsp;adjustable glass shelves</li>
<li>Double tempered glass</li>
<li>Ventilated cooling system</li>
<li>Straight front glass</li>
</ul>
                          ",https://usrbrands.com/cdn/shop/files/mbt-72-bt-1_130x.jpg?v=1756177852,"
      The Marchia 72"" Cake Display Series is the meeting point between cost and convenience. It comes with all features you need to optimally showcase baked goods and other treats in your food business. Bright interior LED lights will illuminate the merchandise so you can boost impulse sales.
    ",https://usr-content.s3.us-east-2.amazonaws.com/marchia/mbt72-st-specsheet.pdf,https://usr-content.s3.us-east-2.amazonaws.com/marchia/marchia-warranty.pdf,https://usr-content.s3.us-east-2.amazonaws.com/marchia/mbt-mbt-st-series-manual.pdf
Marchia MBT-ST-C Corner Refrigerated Bakery Display Case,MBT-ST-C,2415,MARCHIA,"
                            <ul>
<li>Marchia Refrigerated Corner Display Case</li>
<li>Fits with MBT36-ST to MBT72-ST</li>
<li>Aligns to create L shape refrigerated display area</li>
<li>Bottom mounted self-contained mounted refrigeration</li>
<li>Rear access with swing door</li>
<li>(3) adjustable glass shelves</li>
<li>35.6° to 46.4°F temperature range</li>
<li>Digital temperature control and automatic defrost</li>
<li>(6) LED interior lighting</li>
<li>Stainless steel base</li>
<li>R290 Hydrocarbon refrigerant</li>
<li>NEMA 5-15P power cord<br>
</li>
<li>Curved front glass</li>
</ul>
                          ",https://usrbrands.com/cdn/shop/files/mbc60-corner-refrigerated-case-cake_130x.jpg?v=1724665736,"
      Round a corner with refrigerated bakery displays with the Marchia MBT-ST-C model corner case. This refrigerated corner display is designed to align perfectly with Marchia models MBT Straight glass displays of all lengths. Its corner design adds a stylish touch and seamlessly complements any store front display, instantly completing the overall look. 
    ",https://usr-content.s3.us-east-2.amazonaws.com/marchia/mbt-st-c-specsheet.pdf,https://usr-content.s3.us-east-2.amazonaws.com/marchia/marchia-warranty.pdf,https://usr-content.s3.us-east-2.amazonaws.com/marchia/mbt-series-manual.pdf
"MSTAR36 36"" Dual Service Open Air Display Case Merchandiser",MSTAR36,2547,MARCHIA,"
                            <ul>
<li>Stainless steel interior standard</li>
<li>Refrigerated top with real sliding doors</li>
<li>Refrigerated Rear Access Top</li>
<li>Dual Service Display Cases</li>
<li>Curved front glass</li>
<li>Internal LED Illumination</li>
<li>Lift Up Top Curved Glass</li>
<li>Includes Removable S/S Step</li>
</ul>
                          ",https://usrbrands.com/cdn/shop/files/mstar36-open-air_130x.jpg?v=1704452376,"
      With its sleek and modern design, this 36"" Dual Service Refrigerated Open Air Display Case Merchandiser display case offers a stylish presentation and provides ample space to exhibit a wide variety of items, allowing you to truly showcase the best of what you have to offer. Whether you own a bakery, café, deli, or any other food establishment, it is an exceptional investment that will undoubtedly boost your sales!
    ",https://usr-content.s3.us-east-2.amazonaws.com/marchia/mstar36-specsheet.pdf,https://usr-content.s3.us-east-2.amazonaws.com/marchia/marchia-warranty.pdf,https://usrbrands.com/products/mstar36-36-dual-service-open-air-display-case-merchandiser
"MSTAR48 48"" Dual Service Open Air Display Case Merchandiser",MSTAR48,2751,MARCHIA,"
                            <ul>
<li>Stainless steel interior standard</li>
<li>Refrigerated top with real sliding doors</li>
<li>Refrigerated Rear Access Top</li>
<li>Dual Service Display Cases</li>
<li>Internal LED Illumination</li>
<li>Curved front glass</li>
<li>Lift Up Top Curved Glass</li>
<li>Includes Removable S/S Step</li>
</ul>
                          ",https://usrbrands.com/cdn/shop/files/mstar48-open-air-with-drinks_130x.jpg?v=1704451502,"
      With its sleek and modern design, this 48"" Dual Service Refrigerated Open Air Display Case Merchandiser display case offers a stylish presentation and provides ample space to exhibit a wide variety of items, allowing you to truly showcase the best of what you have to offer. Whether you own a bakery, café, deli, or any other food establishment, it is an exceptional investment that will undoubtedly boost your sales!
    ",https://usr-content.s3.us-east-2.amazonaws.com/marchia/mstar48-specsheet.pdf,https://usr-content.s3.us-east-2.amazonaws.com/marchia/marchia-warranty.pdf,https://usrbrands.com/products/mstar48-48-dual-service-open-air-display-case-merchandiser
"Marchia MHS1200 46"" Open Heated Display Warming Case Grab and Go",MHS1200,2963,MARCHIA,"
                            <ul>
<li>46"" reach-in heated display case</li>
<li>Includes energy-saving night cover</li>
<li>Easy to use digital temperature controller</li>
<li>Brilliant internal LED illumination</li>
<li>Stainless steel interior &amp; exterior</li>
<li>Durable, break-resistant glass sides for maximum product visibility<br>
</li>
<li>Large open front makes access easy</li>
<li>Interior Dimensions: 44.69"" x 21.06"" x 51.2""</li>
<li>4 LED shelves with price tag strips</li>
<li>Shelf size: 42.13"" x 14.57""</li>
<li>4 pre-Installed casters, 2 leveling feet<br>
</li>
</ul>
                          ",https://usrbrands.com/cdn/shop/files/46-inch-open-heated-display-with-food_130x.jpg?v=1742965972,"
      Perfect for supermarkets, cafeterias, and convenience stores, the Marchia MHS1200 46"" open heated display warming case is designed to keep food at safe, warm temperatures while boosting grab-and-go meal sales. It features four shelves for displaying items like hot sandwiches, pizzas, and warm side dishes, making customer self-service easy. 
    ",https://usr-content.s3.us-east-2.amazonaws.com/marchia/mhs1200-specsheet.pdf,https://usr-content.s3.us-east-2.amazonaws.com/marchia/marchia-warranty-refrigeration.pdf,https://usr-content.s3.us-east-2.amazonaws.com/marchia/mhs1200-manual.pdf
"MDS48 48"" Open Refrigerated Merchandiser Grab and Go Display Case",MDS48,3164,MARCHIA,"
                            <ul>
<li>Brilliant internal LED lighting at 2 front sides</li>
<li>Digital temperature controller and display</li>
<li>(4) Castors with 2 brakes</li>
<li>Double tempered glass</li>
<li>With night curtain</li>
<li>Ventilated cooling system</li>
<li>Automatic defrost</li>
<li>Filter mesh in front of the base</li>
<li>(4) Adjustable shelves</li>
<li>Condensation water evaporated automatically</li>
<li>6"" front glass</li>
</ul>
                          ",https://usrbrands.com/cdn/shop/files/mds48-openair_130x.jpg?v=1690203383,"
      The MDS48 48"" open refrigerated grab and go display case is a 26.8 cu. ft. air curtain merchandiser that will keep your food at safe, low temperatures while increasing impulse sales. The stainless steel construction will look sharp in any commercial environment. Brilliant LED lighting from the top and under each shelf provides a stunning presentation. With adjustable shelves, auto defrost, the MDS48 has all the features you'll need, and none you don't.
    ",https://usr-content.s3.us-east-2.amazonaws.com/marchia/mds48-110-specsheet.pdf,https://usr-content.s3.us-east-2.amazonaws.com/marchia/marchia-warranty.pdf,https://usr-content.s3.us-east-2.amazonaws.com/marchia/mds48-manual.pdf
"Marchia MDS48G 48"" Black Open Air Cooler Grab and Go Refrigerator with Glass Sides",MDS48G,3228,MARCHIA,"
                            <ul>
<li>48"" black vertical refrigerated open curtain merchandiser</li>
<li>Foamed with CFC-free polyurethane insulation</li>
<li>Includes energy-saving night cover</li>
<li>Easy to use digital temperature controller</li>
<li>Brilliant internal LED illumination</li>
<li>Stainless steel interior standard</li>
<li>Durable, break-resistant glass sides for maximum product visibility</li>
<li>Large open front makes access easy</li>
<li>Interior Dimensions: 44.7"" x 21.1"" x 51.2""</li>
<li>Eco-Friendly R290 refrigerant</li>
<li>(4 )12.3"" deep adjustable LED shelves with price tag strips</li>
<li>Automatic defrost</li>
<li>Black powder-coated steel exterior</li>
<li>Self-contained refrigeration system, eco-friendly R-290 refrigerant</li>
<li>4 pre-Installed casters, 2 leveling feet<br>
</li>
<li>6"" front glass</li>
</ul>
                          ",https://usrbrands.com/cdn/shop/files/mds48g-openair-merchandiser-drinks_130x.jpg?v=1742268330,"
      The MDS48G 48"" open refrigerated grab and go display case is a 26.8 cu. ft. air curtain merchandiser that will keep your food at safe, low temperatures while increasing impulse sales. The stainless steel construction will look sharp in any commercial environment. Brilliant LED lighting from the top and under each shelf provides a stunning presentation. With adjustable shelves, auto defrost, the MDS48 has all the features you'll need, and none you don't.
    ",https://usr-content.s3.us-east-2.amazonaws.com/marchia/mds48g-specsheet.pdf,https://usr-content.s3.us-east-2.amazonaws.com/marchia/marchia-warranty.pdf,https://usr-content.s3.us-east-2.amazonaws.com/marchia/mds48-manual.pdf
"MSTAR60 60"" Black Dual Service Open Air Display Case Merchandiser",MSTAR60,3278,MARCHIA,"
                            <ul>
<li>60"" black dual service refrigerated air curtain merchandiser</li>
<li>Both open-air section and top are refrigerated/li&gt;</li>
<li>Foamed with CFC-free polyurethane insulation</li>
<li>Includes energy-saving night cover</li>
<li>Easy to use digital temperature controller</li>
<li>Brilliant internal LED illumination</li>
<li>Stainless steel interior standard</li>
<li>Interior Dimensions: 55.91"" x 23.62"" x 17.32""(bottom)</li>
<li>Interior Dimensions: 55.91"" x 15.16"" x 14.37""(top)</li>
<li>Glass shelf size: 52.72"" x 9.41"" (top section)</li>
<li>Eco-Friendly R290 refrigerant</li>
<li>Two-step stainless steel shelf included</li>
<li>Adjustable glass shelf with price tag strip</li>
<li>Curved front glass</li>
<li>Automatic defrost<br>
</li>
</ul>
                          ",https://usrbrands.com/cdn/shop/files/mstar60-open-air-merchandiser_130x.jpg?v=1739937124,"
      With its sleek and modern design, this 60"" Dual Service Refrigerated Open Air Display Case Merchandiser display case offers a stylish presentation and provides ample space to exhibit a wide variety of items, allowing you to truly showcase the best of what you have to offer. Whether you own a bakery, café, deli, or any other food establishment, it is an exceptional investment that will undoubtedly boost your sales!
    ",https://usr-content.s3.us-east-2.amazonaws.com/marchia/mstar60-specsheet.pdf,https://usr-content.s3.us-east-2.amazonaws.com/marchia/marchia-warranty.pdf,https://usrbrands.com/products/mstar60-60-black-dual-service-open-air-display-case-merchandiser
"MDS72 72"" Open Refrigerated Merchandiser Grab and Go Display Case",MDS72,4442,MARCHIA,"
                            <ul>
<li>Internal LED lighting</li>
<li>Adjustable temperature control</li>
<li>Adjustable shelving</li>
<li>Pull down night shade</li>
<li>Automatic defrost</li>
<li>Tempered glass</li>
<li>Ventilated cooling system</li>
<li>Casters installed standard</li>
<li>Stainless steel construction</li>
<li>6"" front glass</li>
</ul>
                          ",https://usrbrands.com/cdn/shop/files/mds72-open-air_130x.jpg?v=1686561115,"
      The MDS72 72"" open refrigerated grab and go display case is a 6ft air curtain merchandiser that will keep your food at safe, low temperatures while increasing impulse sales. The stainless steel construction will look sharp in any commercial environment. Brilliant LED lighting from the top and under each shelf provides a stunning presentation. With adjustable shelves, auto defrost, and a built-in self-cleaning condenser, the MDS72 has all the features you'll need, and none you don't.
    ",https://usr-content.s3.us-east-2.amazonaws.com/marchia/mds72-220-specsheet.pdf,https://usr-content.s3.us-east-2.amazonaws.com/marchia/marchia-warranty.pdf,https://usr-content.s3.us-east-2.amazonaws.com/marchia/mds72-manual.pdf
"Marchia USTAR60G 60"" Black Low Profile Open Air Cooler Grab and Go",USTAR60G,,MARCHIA,"
                            <ul>
<li>60"" black horizontal air curtain merchandiser</li>
<li>Foamed with CFC-free polyurethane insulation</li>
<li>Includes energy-saving night cover</li>
<li>Easy to use digital temperature controller</li>
<li>Brilliant internal LED illumination</li>
<li>Stainless steel interior standard</li>
<li>Interior Dimensions: 55.91"" x 23.3"" x 14.57""</li>
<li>Eco-Friendly R290 refrigerant</li>
<li>Two-step stainless steel shelf included</li>
<li>Adjustable 55"" x 11"" stainless steel shelf with price tag strip</li>
<li>Automatic defrost</li>
<li>4 pre-Installed casters, 2 leveling feet<br>
</li>
<li>9.8"" front glass</li>
<li>Shown with Optional Top Front Glass</li>
</ul>
                          ",https://usrbrands.com/cdn/shop/files/ustar60g-m-grab-and-go_1_130x.jpg?v=1742371603,"
      The Marchia self service display case is a valuable addition to your deli shop, sandwich shop, bakery, cafe, or other foodservice establishment. Our refrigerated bakery display case is a reliable and durable solution for displaying your hot selling treats to increase impulse sales in your business.
    ",https://usr-content.s3.us-east-2.amazonaws.com/marchia/ustar60g-specsheet.pdf,https://usr-content.s3.us-east-2.amazonaws.com/marchia/marchia-warranty.pdf,https://usrbrands.com/products/marchia-ustar60g-60-black-low-profile-open-air-cooler-grab-and-go-copy
"70"" 13-Pan White Gelato Ice Cream Dipping Cabinet Display Freezer",,,MARCHIA,"
                            <ul>
<li>Digital temperature controller and display</li>
<li>Rear sliding door for easy access</li>
<li>Brilliant Internal LED illumination on top</li>
<li>Automatic defrost</li>
<li>13 stainless steel gelato pans included</li>
<li>Pan size: 14.2""L x 6.5""D x 4.5''H</li>
</ul>
                          ",https://usrbrands.com/cdn/shop/files/gic-13-ice-cream-display_1_130x.jpg?v=1687708397,"
      The Marchia refrigerated ice cream gelato display freezer includes LED lighting and 13 stainless steel pans as well as a user accessible digital temperature controller. Insulated sliding rear doors provide employee access.
    ",https://usr-content.s3.us-east-2.amazonaws.com/marchia/gic-13-specsheet.pdf,https://usr-content.s3.us-east-2.amazonaws.com/marchia/marchia-warranty.pdf,https://usr-content.s3.us-east-2.amazonaws.com/marchia/gic-series-manual.pdf
42” 7-Pan White Gelato Ice Cream Dipping Cabinet Display Freezer,7-Pan,,MARCHIA,"
                            <ul>
<li>Digital temperature controller and display</li>
<li>Rear sliding door for easy access</li>
<li>Brilliant Internal LED illumination on top</li>
<li>Automatic defrost</li>
<li>7&nbsp;stainless steel gelato pans included</li>
<li>Pan size: 14.2""L x 6.5""D x 4.5''H</li>
</ul>
                          ",https://usrbrands.com/cdn/shop/products/DW7-ice-cream-gelato-main_130x.jpg?v=1656671892,"
      The Marchia refrigerated ice cream gelato display freezer includes LED lighting and 7 stainless steel pans as well as a user accessible digital temperature controller. Insulated sliding rear doors provide employee access.
    ",https://usr-content.s3.us-east-2.amazonaws.com/marchia/gic-7-specsheet.pdf,https://usr-content.s3.us-east-2.amazonaws.com/marchia/marchia-warranty.pdf,https://www.kitchenall.com/cdn/content/marchia/gic-series-manual.pdf
56” 10-Pan White Gelato Ice Cream Dipping Cabinet Display Freezer,10-Pan,,MARCHIA,"
                            <ul>
<li>Digital temperature controller and display</li>
<li>Rear sliding door for easy access</li>
<li>Brilliant Internal LED illumination on top</li>
<li>Automatic defrost</li>
<li>10 stainless steel gelato pans included</li>
<li>Pan size: 14.2""L x 6.5""D x 4.5''H</li>
</ul>
                          ",https://usrbrands.com/cdn/shop/products/DW10-ice-cream-gelato-main_130x.jpg?v=1656671655,"
      The Marchia refrigerated ice cream gelato display freezer includes LED lighting and 10 stainless steel pans as well as a user accessible digital temperature controller. Insulated sliding rear doors provide employee access.
    ",https://usr-content.s3.us-east-2.amazonaws.com/marchia/gic-10-specsheet.pdf,https://usr-content.s3.us-east-2.amazonaws.com/marchia/marchia-warranty.pdf,https://www.kitchenall.com/cdn/content/marchia/gic-series-manual.pdf
MDC78 Countertop Refrigerated Glass Display Case,MDC78,,MARCHIA,"
                            
<ul>
<li>Internal LED lighting</li>
<li>Adjustable temperature control</li>
<li>Adjustable shelving</li>
<li>Ventilated cooling system</li>
<li>Automatic defrost</li>
<li>4 sides double insulated glass</li>
<li>Maintenance free condenser</li>
<li>Available in black, white or silver</li>
</ul>

                          ",https://usrbrands.com/cdn/shop/products/MDC78-SWB_1_130x.jpg?v=1612898607,"
      Showcase your cases or pastries in this 40"" high refrigerated bakery display case with 4 sides glass. Black, White, or Silver colors available! All shelves are adjustable, and LED lighting is standard. The door can be front access or rear access, depending on how you orient the unit. All sides are presentable to the customer if desired. Each unit includes a user-accessible digital controller allowing temperature control between 33°F to 54.6°F.
    ",https://usr-content.s3.us-east-2.amazonaws.com/marchia/mdc78-swb-specsheet.pdf,https://usr-content.s3.us-east-2.amazonaws.com/marchia/marchia-warranty-refrigeration.pdf,https://usr-content.s3.us-east-2.amazonaws.com/marchia/mdc78-series-manual.pdf
"MTD25 26"" Dry Top Display Section for USTAR25",MTD25,,MARCHIA,"
                            
<ul>
 	<li>Dry top section</li>
 	<li>1 glass shelf</li>
 	<li>Rear sliding door for access</li>
 	<li>Double insulated curved glass</li>
 	<li>Easy installation attachment</li>
</ul>

                          ",https://usrbrands.com/cdn/shop/products/mtd25_130x.jpg?v=1612898300,"
      
    ",https://usr-content.s3.us-east-2.amazonaws.com/marchia/ustar25-specsheet.pdf,https://usrbrands.com/products/mtd25-26-dry-top-display-section-for-ustar25,https://usr-content.s3.us-east-2.amazonaws.com/marchia/mtd-series-manual.pdf
"PPFP16-4 One-Sixth 1/6 Clear Polycarbonate Food Pan with 4"" Depth",PPFP16-4,2,PREPLINE,"
                            <ul>
<li>Standard weight</li>
<li>Clear and Smooth Surface</li>
<li>Polycarbonate material</li>
<li>Capacity Marks</li>
<li>Easy to clean and dishwasher safe</li>
<li>NSF certified</li>
</ul>
                          ",https://usrbrands.com/cdn/shop/products/jw-p164_130x.jpg?v=1634119111,"
      Prepline food pan are made of durable PC, which resists deforming or breaking. Non-stick smooth exterior cleans up easily and quickly. Withstands temperatures from- 40℃ to 99℃ (-40℉-210℉). An ideal addition to your kitchen for good fresh keeping.
    ",https://usr-content.s3.us-east-2.amazonaws.com/prepline/ppfp-series-specsheet.pdf,https://usrbrands.com/products/ppfp16-4-one-sixth-1-6-clear-polycarbonate-food-pan-with-4-depth,https://usrbrands.com/products/ppfp16-4-one-sixth-1-6-clear-polycarbonate-food-pan-with-4-depth
"PPFP13-4 One-Third 1/3 Clear Polycarbonate Food Pan with 4"" Depth",PPFP13-4,4,PREPLINE,"
                            <ul>
<li>Standard weight</li>
<li>Clear and Smooth Surface</li>
<li>Polycarbonate material</li>
<li>Capacity Marks</li>
<li>Easy to clean and dishwasher safe</li>
<li>NSF certified</li>
</ul>
                          ",https://usrbrands.com/cdn/shop/products/jw-p134_1_130x.jpg?v=1634119453,"
      Prepline food pan are made of durable PC, which resists deforming or breaking. Non-stick smooth exterior cleans up easily and quickly. Withstands temperatures from- 40℃ to 99℃ (-40℉-210℉). An ideal addition to your kitchen for good fresh keeping.
    ",https://usr-content.s3.us-east-2.amazonaws.com/prepline/ppfp-series-specsheet.pdf,https://usrbrands.com/products/ppfp13-4-one-third-1-3-clear-polycarbonate-food-pan-with-4-depth,https://usrbrands.com/products/ppfp13-4-one-third-1-3-clear-polycarbonate-food-pan-with-4-depth
"PFP-19-4 One-Ninth 1/9 Stainless Steel Food Pan with 4"" Depth",PFP-19-4,4,PREPLINE,"
                            <ul>
<li>Standard weight</li>
<li>Polished surface</li>
<li>Anti-rust finish</li>
<li>24 Gauge stainless steel construction</li>
<li>18/8 Stainless steel</li>
<li>Smooth edges with non-sharp touch</li>
<li>Available in 4"" and 6"" depth</li>
<li>NSF certified</li>
</ul>
                          ",https://usrbrands.com/cdn/shop/products/pfp-19-4_130x.jpg?v=1634116598,"
      The Prepline PFP-19-4 One-Ninth 1/9 Stainless Steel Food Pan with 4"" Depth provides a polished surface, anti-rust finish, 24 gauge s/s construction, and smooth edges with non-sharp touch. 
    ",https://usr-content.s3.us-east-2.amazonaws.com/prepline/pfp-series-specsheet.pdf,https://usrbrands.com/products/pfp-19-4-one-ninth-1-9-stainless-steel-food-pan-with-4-depth,https://usrbrands.com/products/pfp-19-4-one-ninth-1-9-stainless-steel-food-pan-with-4-depth
"PFP-16-4 One-Six 1/6 Stainless Steel Food Pan with 4"" Depth",PFP-16-4,4,PREPLINE,"
                            <ul>
<li>Standard weight</li>
<li>Polished surface</li>
<li>Anti-rust finish</li>
<li>24 Gauge stainless steel construction</li>
<li>18/8 Stainless steel</li>
<li>Smooth edges with non-sharp touch</li>
<li>Available in 4"" and 6"" depth</li>
<li>NSF certified</li>
</ul>
                          ",https://usrbrands.com/cdn/shop/products/PFP-16-4-1_130x.jpg?v=1612898012,"
      The Prepline PFP-16-4 One-Six 1/6 Stainless Steel Food Pan with 4"" Depth provides a polished surface, anti-rust finish, 22 gauge s/s construction, and smooth edges with non-sharp touch. 
    ",https://usr-content.s3.us-east-2.amazonaws.com/prepline/pfp-series-specsheet.pdf,https://usrbrands.com/products/pfp-16-4-one-six-1-6-stainless-steel-food-pan-with-4-depth,https://usrbrands.com/products/pfp-16-4-one-six-1-6-stainless-steel-food-pan-with-4-depth
"PFP-13-4 One-Third 1/3 Stainless Steel Food Pan with 4"" Depth",PFP-13-4,6,PREPLINE,"
                            <ul>
<li>Standard weight</li>
<li>Polished surface</li>
<li>Anti-rust finish</li>
<li>24 Gauge stainless steel construction</li>
<li>18/8 Stainless steel</li>
<li>Smooth edges with non-sharp touch</li>
<li>Available in 4"" and 6"" depth</li>
<li>NSF certified</li>
</ul>
                          ",https://usrbrands.com/cdn/shop/products/pfp-13-4_130x.jpg?v=1634117523,"
      The Prepline PFP-13-4 One-Third 1/3 Stainless Steel Food Pan with 4"" Depth provides a polished surface, anti-rust finish, 24 gauge s/s construction, and smooth edges with non-sharp touch. 
    ",https://usr-content.s3.us-east-2.amazonaws.com/prepline/pfp-series-specsheet.pdf,https://usrbrands.com/products/pfp-13-4-one-third-1-3-stainless-steel-food-pan-with-4-depth,https://usrbrands.com/products/pfp-13-4-one-third-1-3-stainless-steel-food-pan-with-4-depth
"PFP-19-6 One-Ninth 1/9 Stainless Steel Food Pan with 6"" Depth",PFP-19-6,6,PREPLINE,"
                            <ul>
<li>Standard weight</li>
<li>Polished surface</li>
<li>Anti-rust finish</li>
<li>24 Gauge stainless steel construction</li>
<li>18/8 Stainless steel</li>
<li>Smooth edges with non-sharp touch</li>
<li>Available in 4"" and 6"" depth</li>
<li>NSF certified</li>
</ul>
                          ",https://usrbrands.com/cdn/shop/products/pfp-19-6_130x.jpg?v=1634117238,"
      The Prepline PFP-19-6 One-Ninth 1/9 Stainless Steel Food Pan with 6"" Depth provides a polished surface, anti-rust finish, 24 gauge s/s construction, and smooth edges with non-sharp touch. 
    ",https://usr-content.s3.us-east-2.amazonaws.com/prepline/pfp-series-specsheet.pdf,https://usrbrands.com/products/pfp-19-6-one-ninth-1-9-stainless-steel-food-pan-with-6-depth,https://usrbrands.com/products/pfp-19-6-one-ninth-1-9-stainless-steel-food-pan-with-6-depth
"PFP-16-6 One-Six 1/6 Stainless Steel Food Pan with 6"" Depth",PFP-16-6,6,PREPLINE,"
                            <ul>
<li>Standard weight</li>
<li>Polished surface</li>
<li>Anti-rust finish</li>
<li>24 Gauge stainless steel construction</li>
<li>18/8 Stainless steel</li>
<li>Smooth edges with non-sharp touch</li>
<li>Available in 4"" and 6"" depth</li>
<li>NSF certified</li>
</ul>
                          ",https://usrbrands.com/cdn/shop/products/PFP-16-6-1_130x.jpg?v=1612898014,"
      The Prepline PFP-16-6 One-Six 1/6 Stainless Steel Food Pan with 6"" Depth provides a polished surface, anti-rust finish, 22 gauge s/s construction, and smooth edges with non-sharp touch. 
    ",https://usr-content.s3.us-east-2.amazonaws.com/prepline/pfp-series-specsheet.pdf,https://usrbrands.com/products/pfp-16-6-one-six-1-6-stainless-steel-food-pan-with-6-depth,https://usrbrands.com/products/pfp-16-6-one-six-1-6-stainless-steel-food-pan-with-6-depth
"PFP-13-6 One-Third 1/3 Stainless Steel Food Pan with 6"" Depth",PFP-13-6,9,PREPLINE,"
                            <ul>
<li>Standard weight</li>
<li>Polished surface</li>
<li>Anti-rust finish</li>
<li>24 Gauge stainless steel construction</li>
<li>18/8 Stainless steel</li>
<li>Smooth edges with non-sharp touch</li>
<li>Available in 4"" and 6"" depth</li>
<li>NSF certified</li>
</ul>
                          ",https://usrbrands.com/cdn/shop/products/PFP-13-6-1_130x.jpg?v=1612898010,"
      The Prepline PFP-13-6 One-Third 1/3 Stainless Steel Food Pan with 6"" Depth provides a polished surface, anti-rust finish, 22 gauge s/s construction, and smooth edges with non-sharp touch. 
    ",https://usr-content.s3.us-east-2.amazonaws.com/prepline/pfp-series-specsheet.pdf,https://usrbrands.com/products/pfp-13-6-one-third-1-3-stainless-steel-food-pan-with-6-depth,https://usrbrands.com/products/pfp-13-6-one-third-1-3-stainless-steel-food-pan-with-6-depth
"PFP-12-6 One-Second 1/2 Stainless Steel Food Pan with 6"" Depth",PFP-12-6,11,PREPLINE,"
                            <ul>
<li>Standard weight</li>
<li>Polished surface</li>
<li>Anti-rust finish</li>
<li>24 Gauge stainless steel construction</li>
<li>18/8 Stainless steel</li>
<li>Smooth edges with non-sharp touch</li>
<li>NSF certified</li>
</ul>
                          ",https://usrbrands.com/cdn/shop/products/pfp-13-4_59580943-79ba-4b30-980e-7b91ef713359_130x.jpg?v=1634117796,"
      The Prepline PFP-12-6 One-Second 1/2 Stainless Steel Food Pan with 6"" Depth provides a polished surface, anti-rust finish, 24 gauge s/s construction, and smooth edges with non-sharp touch. 
    ",https://usr-content.s3.us-east-2.amazonaws.com/prepline/pfp-series-specsheet.pdf,https://usrbrands.com/products/pfp-12-6-one-second-1-2-stainless-steel-food-pan-with-6-depth,https://usrbrands.com/products/pfp-12-6-one-second-1-2-stainless-steel-food-pan-with-6-depth
"PFP-11-6 Full-Size 1/1 Stainless Steel Food Pan with 6"" Depth",PFP-11-6,15,PREPLINE,"
                            <ul>
<li>Standard weight</li>
<li>Polished surface</li>
<li>Anti-rust finish</li>
<li>24 Gauge stainless steel construction</li>
<li>18/8 Stainless steel</li>
<li>Smooth edges with non-sharp touch</li>
<li>NSF certified</li>
</ul>
                          ",https://usrbrands.com/cdn/shop/products/PFP-11-6-1_130x.jpg?v=1612898008,"
      The Prepline PFP-11-6 Full-Size 1/1 Stainless Steel Food Pan with 6″ Depth provides a polished surface, anti-rust finish, 22 gauge s/s construction, and smooth edges with non-sharp touch. 
    ",https://usr-content.s3.us-east-2.amazonaws.com/prepline/pfp-series-specsheet.pdf,https://usrbrands.com/products/pfp-11-6-full-size-1-1-stainless-steel-food-pan-with-6-depth,https://usrbrands.com/products/pfp-11-6-full-size-1-1-stainless-steel-food-pan-with-6-depth
PSP20 20 lb. Digital Portion Control Scale with Additional Counting Function,PSP20,37,PREPLINE,"
                            <ul>
<li>Easy to read LCD display</li>
<li>One 9V battery and AC adaptor Included</li>
<li>Removable stainless steel weighing plate</li>
<li>Automatically powers off when disuse</li>
<li>Durable construction with non-slip feet</li>
</ul>
                          ",https://usrbrands.com/cdn/shop/products/psp20-1_130x.jpg?v=1637667474,"
      This Prepline scale is a 20 lb. commercial food scale designed for warehouse, shops, stores, delis, bakeries and other establishments. This 10.5” wide model comes with a durable ABS construction, and other features designed to enhance the reliability of the unit over the long term.
    ",https://usr-content.s3.us-east-2.amazonaws.com/prepline/psp20-specsheet.pdf,https://usrbrands.com/products/psp20-20-lb-digital-portion-control-scale-with-additional-counting-function,https://usrbrands.com/products/psp20-20-lb-digital-portion-control-scale-with-additional-counting-function
PDW2-F Double Burner Warmer Plate - 200W,PDW2-F,39,PREPLINE,"
                            <ul>
<li>Stainless steel construction</li>
<li>Easy to use with toggle&nbsp;switch</li>
<li>Compact design</li>
<li>Non-skid feet</li>
<li>UL, ETL</li>
</ul>
                          ",https://usrbrands.com/cdn/shop/products/thp_130x.jpg?v=1633693539,"
      This Prepline machine are functional and efficient for caterers, offices, schools, and churches that would always like to have fresh coffee ready. Our machine is easy to use. The impact-resistant stainless steel design makes this unit extremely durable. Whether you’re running a cafeteria, planning a group function, or running a business meeting, keep everyone refreshed with hot, flavorful coffee.
    ",https://usr-content.s3.us-east-2.amazonaws.com/prepline/pdw2-f-specsheet.pdf,https://usrbrands.com/products/pdw2-f-double-burner-warmer-plate-200w,https://usrbrands.com/products/pdw2-f-double-burner-warmer-plate-200w
PDW2-L Ladder Double Burner Warmer Plate - 200W,PDW2-L,44,PREPLINE,"
                            <ul>
<li>Stainless steel construction</li>
<li>Easy to use with toggle&nbsp;switch</li>
<li>Compact design</li>
<li>Non-skid feet</li>
<li>UL, ETL</li>
</ul>
                          ",https://usrbrands.com/cdn/shop/products/lhp_130x.jpg?v=1633694059,"
      This Prepline machine are functional and efficient for caterers, offices, schools, and churches that would always like to have fresh coffee ready. Our machine is easy to use. The impact-resistant stainless steel design makes this unit extremely durable. Whether you’re running a cafeteria, planning a group function, or running a business meeting, keep everyone refreshed with hot, flavorful coffee.
    ",https://usr-content.s3.us-east-2.amazonaws.com/prepline/pdw2-l-specsheet.pdf,https://usrbrands.com/products/pdw2-l-double-burner-warmer-plate-200w,https://usrbrands.com/products/pdw2-l-double-burner-warmer-plate-200w
"ERC60X 18"" Electric Rice Cooker and Warmer 60 Cups Cooked / 30 Cups Uncooked Rice - 120V/1650W",ERC60X,78,PREPLINE,"
                            <ul class=""product attribute bullet-points-description hide-mobile"" data-mce-fragment=""1"">
<li>Non-stick coated aluminum inner pot</li>
<li>For 30 cups raw rice(60 cups cooked rice)</li>
<li>Measuring cup, rice spoon included</li>
<li>Easy operation with ""keep warm"" model</li>
<li>Removable stainless steel lid</li>
</ul>
                          ",https://usrbrands.com/cdn/shop/products/erc60x-2_130x.jpg?v=1647845760,"
      Steam and cook your rice evenly with this Prepline electric rice cooker and warmer, make it easy for foodservice operations to serve customers with white and brown rice, oatmeal, and grits, ideal for Chinese buffets, Asian restaurants, cafes, and foodservice outlets that serve rice dishes because it makes effortless to cook large volumes of rice.
    ",https://usr-content.s3.us-east-2.amazonaws.com/prepline/erc60x-specsheet.pdf,https://usr-content.s3.us-east-2.amazonaws.com/prepline/prepline-warranty.pdf,https://usrbrands.com/products/erc60x-18-electric-rice-cooker-and-warmer-60-cups-cooked-30-cups-uncooked-rice-120v-1650w
"Prepline QD3436 3/4"" x 36"" Gas Hose Connector Kit with Quick Disconnect",QD3436,83,PREPLINE,"
                            <ul>
<li>Gas hose connection kit</li>
<li>Orange exterior</li>
<li>36"" long x 3/4"" quick disconnect</li>
<li>Includes hose (1 PC)</li>
<li>Quick disconnect (1 PC)</li>
<li>Elbow (2 PCS)</li>
<li>Restraining cable (1 PC)</li>
<li>Full port valve (1 PC)</li>
<li>Nat Gas and LP compatible</li>
<li>Not approved for use outdoors or with portable LP tanks</li>
</ul>
                          ",https://usrbrands.com/cdn/shop/files/qd3448-quick-discontect_130x.jpg?v=1683725702,"
      
    ",https://usr-content.s3.us-east-2.amazonaws.com/prepline/qd34-specsheet.pdf,https://usrbrands.com/products/prepline-qd3436-3-4-x-36-gas-hose-connector-kit-with-quick-disconnect,https://usrbrands.com/products/prepline-qd3436-3-4-x-36-gas-hose-connector-kit-with-quick-disconnect
PSP40 40 lb. Digital Portion Control Scale with LCD Display,PSP40,85,PREPLINE,"
                            <ul>
<li>Includes 4xAA batteries and AC adaptor</li>
<li>Removable stainless steel platform</li>
<li>High precision measurements</li>
<li>One-step successive tare feature</li>
<li>Easy to read LCD display with backlit</li>
</ul>
                          ",https://usrbrands.com/cdn/shop/products/PSP40-1_130x.png?v=1637669440,"
      This Prepline scale is a 40 lb. commercial food scale designed for warehouse, shops, stores, delis, bakeries and other establishments. This 8.46” wide model comes with a durable ABS construction, and other features designed to enhance the reliability of the unit over the long term.
    ",https://usr-content.s3.us-east-2.amazonaws.com/prepline/psp40-specsheet.pdf,https://usrbrands.com/products/psp40-40-lb-digital-portion-control-scale-with-lcd-display,https://usrbrands.com/products/psp40-40-lb-digital-portion-control-scale-with-lcd-display
"P-EFGC-034-36 3/4"" x 36"" Gas Hose Connector Kit with Quick Disconnect | NSF",P-EFGC-034-36,85,PREPLINE,"
                            <ul>
<li data-mce-fragment=""1"">Gas Hose Connection Kit</li>
<li data-mce-fragment=""1"">36"" long x 3/4"" Quick Disconnect</li>
<li data-mce-fragment=""1"">Includes hose (1 PC)</li>
<li data-mce-fragment=""1"">Quick disconnect (1 PC)</li>
<li data-mce-fragment=""1"">Elbow (2 PCS)</li>
<li data-mce-fragment=""1"">Restraining cable (1 PC)</li>
<li data-mce-fragment=""1"">Full port valve (1 PC)</li>
<li data-mce-fragment=""1"">NSF Approved</li>
<li data-mce-fragment=""1"">cCSAus Sanitation approved for US and Canada, NSF</li>
<li>Nat Gas and LP compatible</li>
<li>Not approved for use outdoors or with portable LP tanks</li>
</ul>
                          ",https://usrbrands.com/cdn/shop/products/gas-hose-connector-kit-1_hdent6agfddyottq_600x_a774404b-80c0-4000-b0bd-fb330b322417_130x.jpg?v=1628665782,"
      
    ",https://usrbrands.com/products/copy-of-p-efgc-034-48-3-4-x-48-gas-hose-connector-kit-with-quick-disconnect-nsf,https://usrbrands.com/products/copy-of-p-efgc-034-48-3-4-x-48-gas-hose-connector-kit-with-quick-disconnect-nsf,https://usrbrands.com/products/copy-of-p-efgc-034-48-3-4-x-48-gas-hose-connector-kit-with-quick-disconnect-nsf
"P-EFGC-034-48 3/4"" x 48"" Gas Hose Connector Kit with Quick Disconnect | NSF",P-EFGC-034-48,91,PREPLINE,"
                            <ul>
<li data-mce-fragment=""1"">Gas Hose Connection Kit</li>
<li data-mce-fragment=""1"">48"" long x 3/4"" Quick Disconnect</li>
<li data-mce-fragment=""1"">Includes hose (1 PC)</li>
<li data-mce-fragment=""1"">Quick disconnect (1 PC)</li>
<li data-mce-fragment=""1"">Elbow (2 PCS)</li>
<li data-mce-fragment=""1"">Restraining cable (1 PC)</li>
<li data-mce-fragment=""1"">Full port valve (1 PC)</li>
<li data-mce-fragment=""1"">NSF Approved</li>
<li data-mce-fragment=""1"">cCSAus Sanitation approved for US and Canada, NSF</li>
<li>Nat Gas and LP compatible</li>
<li>Not approved for use outdoors or with portable LP tanks</li>
</ul>
                          ",https://usrbrands.com/cdn/shop/products/gas-hose-connector-kit-1_hdent6agfddyottq_600x_3fe24e90-9864-4a79-ac4c-17856c5dbf97_130x.jpg?v=1628665728,"
      
    ",https://usrbrands.com/products/copy-of-p-efgc-034-60-3-4-x-60-gas-hose-connector-kit-with-quick-disconnect-nsf,https://usrbrands.com/products/copy-of-p-efgc-034-60-3-4-x-60-gas-hose-connector-kit-with-quick-disconnect-nsf,https://usrbrands.com/products/copy-of-p-efgc-034-60-3-4-x-60-gas-hose-connector-kit-with-quick-disconnect-nsf
"PDM1 Single Spindle Commercial Drink Mixer, Milkshake Machine - 120V",PDM1,99,PREPLINE,"
                            <ul>
<li>Drink Mixer, Countertop, Single Spindle</li>
<li>Durable Stainless Steel Body</li>
<li>Robust and High-efficiency Motor</li>
<li>Malt Cup Included</li>
<li>Speed: 10,000&amp;15,000RPM</li>
<li>Three button: low speed , on/off, high speed</li>
</ul>
                          ",https://usrbrands.com/cdn/shop/products/dm-b_130x.jpg?v=1635155290,"
      Prepline PDM1 Heavy-Duty Single Spindle Drink Mixer / Milkshake Machine. Make classic milkshakes and malts your customers will love. Power through the coldest, hardest ice cream with ease, thanks to high performance motor.
    ",https://usr-content.s3.us-east-2.amazonaws.com/prepline/pdm1-specsheet.pdf,https://usrbrands.com/products/pdm1-single-spindle-commercial-drink-mixer-milkshake-machine-120v,https://usrbrands.com/products/pdm1-single-spindle-commercial-drink-mixer-milkshake-machine-120v
"P-EFGC-034-60 3/4"" x 60"" Gas Hose Connector Kit with Quick Disconnect | NSF",P-EFGC-034-60,108,PREPLINE,"
                            <ul>
<li data-mce-fragment=""1"">Gas Hose Connection Kit</li>
<li data-mce-fragment=""1"">60"" long x 3/4"" Quick Disconnect</li>
<li data-mce-fragment=""1"">Includes hose (1 PC)</li>
<li data-mce-fragment=""1"">Quick disconnect (1 PC)</li>
<li data-mce-fragment=""1"">Elbow (2 PCS)</li>
<li data-mce-fragment=""1"">Restraining cable (1 PC)</li>
<li data-mce-fragment=""1"">Full port valve (1 PC)</li>
<li data-mce-fragment=""1"">NSF Approved</li>
<li data-mce-fragment=""1"">cCSAus Sanitation approved for US and Canada, NSF</li>
<li>Nat Gas and LP compatible</li>
<li>Not approved for use outdoors or with portable LP tanks</li>
</ul>
                          ",https://usrbrands.com/cdn/shop/products/gas-hose-connector-kit-1_hdent6agfddyottq_600x_1b0064f8-21f5-430d-a0cf-1c1fed8b6d91_130x.jpg?v=1628665463,"
      
    ",https://usrbrands.com/products/copy-of-v12hae-vegetable-slicer-attachment-12-hub-for-mixer,https://usrbrands.com/products/copy-of-v12hae-vegetable-slicer-attachment-12-hub-for-mixer,https://usrbrands.com/products/copy-of-v12hae-vegetable-slicer-attachment-12-hub-for-mixer
MC1 Electric Shawarma Gyro Kebab Knife - 110V,MC1,109,PREPLINE,"
                            
<ul>
 	<li>Fully adjustable and easy to use</li>
 	<li>Stainless steel headed kebab knife</li>
 	<li>Manual thickness adjustment - simply pull</li>
 	<li>The knob &amp; twist to adjust to desired thickness</li>
 	<li>Complies with all food &amp; hygiene standards</li>
 	<li>Amazing quality at a price not seen before</li>
 	<li>Easy to dis-assemble makes for easy cleaning</li>
 	<li>Comes with spare cutter blade and sharpener</li>
 	<li>Power supply box/charger included</li>
</ul>

                          ",https://usrbrands.com/cdn/shop/products/MC-A_1_130x.jpg?v=1612898405,"
      The Prepline MC1 metal electric shawarma gyro knife can cut thin strips of meat creating delicious slices for the perfect gyro. With stainless steel and aluminum construction, this
heavy-duty knife is perfect for continuous use.
    ",https://usr-content.s3.us-east-2.amazonaws.com/prepline/mc1-specsheet.pdf,https://usrbrands.com/products/mc1-electric-shawarma-gyro-kebab-knife-110v,https://usrbrands.com/products/mc1-electric-shawarma-gyro-kebab-knife-110v
"SG-1530 32"" Angled Sneeze Guard for Steam Tables, Salad Bars",SG-1530,126,PREPLINE,"
                            <ul>
<li>Angled Sneeze Guard</li>
<li>15"" X 30"" X 16""H</li>
<li>Heavy Duty&nbsp;Stainless Steel Frame</li>
<li>Acrylic Shield</li>
<li>Prevents Contamination</li>
</ul>
                          ",https://usrbrands.com/cdn/shop/products/prepline-36-sneeze_guard_130x.jpg?v=1679389341,"
      Protect your food while still allowing your customers to see your product! These sneeze guards work with the steam tables from Prepline. Stainless steel and glass construction will protect your merchandise on 3 sides. 
    ",https://usrbrands.com/products/sg-1530-32-angled-sneeze-guard-for-steam-tables-salad-bars,https://usrbrands.com/products/sg-1530-32-angled-sneeze-guard-for-steam-tables-salad-bars,https://usrbrands.com/products/sg-1530-32-angled-sneeze-guard-for-steam-tables-salad-bars
"SG-1548 48"" Angled Sneeze Guard for Steam Tables, Salad Bars",SG-1548,142,PREPLINE,"
                            <ul>
<li>Angled Sneeze Guard</li>
<li>15"" X 48"" X 16""H</li>
<li>Heavy Duty&nbsp;Stainless Steel Frame</li>
<li>Acrylic Shield</li>
<li>Prevents Contamination</li>
</ul>
                          ",https://usrbrands.com/cdn/shop/products/prepline-sneeze_guard_4_1_130x.jpg?v=1679389553,"
      Protect your food while still allowing your customers to see your product! These sneeze guards work with the steam tables from Prepline. Stainless steel and glass construction will protect your merchandise on 3 sides. 
    ",https://usrbrands.com/products/sg-1548-48-angled-sneeze-guard-for-steam-tables-salad-bars,https://usrbrands.com/products/sg-1548-48-angled-sneeze-guard-for-steam-tables-salad-bars,https://usrbrands.com/products/sg-1548-48-angled-sneeze-guard-for-steam-tables-salad-bars
"PSPS40 40 lb. Digital Price Computing Scale, Legal for Trade",PSPS40,145,PREPLINE,"
                            <ul>
<li>Includes rechargeable battery and AC adaptor</li>
<li>Removable stainless steel weighing platform</li>
<li>High precision measurements</li>
<li>Easy to read LCD display with backlit</li>
<li>Compatible with label printer (sold separately)</li>
<li>PLU memorizes name, ingredients, unit price, etc</li>
<li>Legal for trade, NTEP approved</li>
</ul>
                          ",https://usrbrands.com/cdn/shop/products/psps40-1_130x.jpg?v=1637669811,"
      This Prepline scale is a 40 lb. commercial food scale designed for stores, shops, supermarkets and other establishments that compute purchase price based on weight. This 12” wide model comes with a durable ABS construction, and other features designed to enhance the reliability of the unit over the long term.
    ",https://usr-content.s3.us-east-2.amazonaws.com/prepline/psps40-specsheet.pdf,https://usrbrands.com/products/psps40-40-lb-digital-price-computing-scale-legal-for-trade,https://usrbrands.com/products/psps40-40-lb-digital-price-computing-scale-legal-for-trade
ERC60 Electric Rice Cooker and Warmer 60 Cups Cooked / 30 Cups Uncooked Rice - 120V/1650W,ERC60,160,PREPLINE,"
                            <ul class=""product attribute bullet-points-description hide-mobile"" data-mce-fragment=""1"">
<li>Non-stick coated aluminum inner pot</li>
<li>For 30 cups raw rice(60 cups cooked rice)</li>
<li>Measuring cup, rice spoon &amp; fork included</li>
<li>Easy operation with ""keep warm"" model</li>
<li>Three-dimension heating for evenly cooking</li>
</ul>
                          ",https://usrbrands.com/cdn/shop/products/erc60-2_130x.jpg?v=1647846081,"
      Steam and cook your rice evenly with this Prepline electric rice cooker and warmer, make it easy for foodservice operations to serve customers with white and brown rice, oatmeal, and grits, ideal for Chinese buffets, Asian restaurants, cafes, and foodservice outlets that serve rice dishes because it makes effortless to cook large volumes of rice.
    ",https://usr-content.s3.us-east-2.amazonaws.com/prepline/erc60-specsheet.pdf,https://usr-content.s3.us-east-2.amazonaws.com/prepline/prepline-warranty.pdf,https://usrbrands.com/products/erc60-electric-rice-cooker-and-warmer-60-cups-cooked-30-cups-uncooked-rice-120v-1650w
"SG-1560 60"" Angled Sneeze Guard for Steam Tables, Salad Bars",SG-1560,171,PREPLINE,"
                            <ul>
<li>Angled Sneeze Guard</li>
<li>15"" X 60"" X 16""H</li>
<li>Heavy Duty&nbsp;Stainless Steel Frame</li>
<li>Acrylic Shield</li>
<li>Prevents Contamination</li>
</ul>
                          ",https://usrbrands.com/cdn/shop/products/prepline-60-sneeze_guard_130x.jpg?v=1679389637,"
      Protect your food while still allowing your customers to see your product! These sneeze guards work with the steam tables from Prepline. Stainless steel and glass construction will protect your merchandise on 3 sides. 
    ",https://usrbrands.com/products/sg-1560-60-angled-sneeze-guard-for-steam-tables-salad-bars,https://usrbrands.com/products/sg-1560-60-angled-sneeze-guard-for-steam-tables-salad-bars,https://usrbrands.com/products/sg-1560-60-angled-sneeze-guard-for-steam-tables-salad-bars
"PSPT40 40 lb. Digital Price Computing Scale with Tower, Legal for Trade",PSPT40,178,PREPLINE,"
                            <ul>
<li>Includes rechargeable battery and AC adaptor</li>
<li>Removable stainless steel weighing platform</li>
<li>High precision measurements</li>
<li>Easy to read LCD display with backlit</li>
<li>Compatible with label printer (sold separately)</li>
<li>PLU memorizes name, ingredients, unit price, etc</li>
<li>Legal for trade, NTEP approved</li>
<li><br></li>
</ul>
                          ",https://usrbrands.com/cdn/shop/products/pspt40_2_130x.jpg?v=1637669969,"
      This Prepline scale is a 40 lb. commercial food scale designed for stores, shops, supermarkets and other establishments that compute purchase price based on weight. This 12” wide model comes with a durable ABS construction, and other features designed to enhance the reliability of the unit over the long term.
    ",https://usr-content.s3.us-east-2.amazonaws.com/prepline/pspt40-specsheet.pdf,https://usrbrands.com/products/pspt40-40-lb-digital-price-computing-scale-with-tower-legal-for-trade,https://usrbrands.com/products/pspt40-40-lb-digital-price-computing-scale-with-tower-legal-for-trade
Prepline PCM1A Pourover Coffee Brewer with Airpot,PCM1A,180,PREPLINE,"
                            <ul>
<li>Stainless steel construction</li>
<li>12 Cups capacity</li>
<li>56 cups (3.5 gallons) per hour</li>
<li>Easy to use with toggle&nbsp;switch</li>
<li>Compact design</li>
<li>(1)Airpot included</li>
</ul>
                          ",https://usrbrands.com/cdn/shop/products/pcdm1a_130x.jpg?v=1637745030,"
      This Prepline machine are functional and efficient for caterers, offices, schools, and churches that would always like to have fresh coffee ready. Our machine is easy to use. The impact-resistant stainless steel design makes this unit extremely durable. Whether you’re running a cafeteria, planning a group function, or running a business meeting, keep everyone refreshed with hot, flavorful coffee.
    ",https://usr-content.s3.us-east-2.amazonaws.com/prepline/pcm1a-specsheet.pdf,https://usrbrands.com/products/prepline-pm1a-pourover-coffee-brewer-with-airpot,https://usrbrands.com/products/prepline-pm1a-pourover-coffee-brewer-with-airpot
PCM2D-1 Pourover Coffee Maker with 2 Warmers and Coffee Decanters - 120V,PCM2D-1,180,PREPLINE,"
                            <ul>
<li>Stainless steel construction</li>
<li>12 Cups capacity</li>
<li>56 cups (3.5 gallons) per hour</li>
<li>Easy to use with toggle&nbsp;switch</li>
<li>Non-skid feet</li>
<li>Compact design</li>
<li>2 coffee decanters included</li>
</ul>
                          ",https://usrbrands.com/cdn/shop/products/coffee-maker-2_130x.jpg?v=1637744660,"
      This Prepline machine are functional and efficient for caterers, offices, schools, and churches that would always like to have fresh coffee ready. Our machine is easy to use. The impact-resistant stainless steel design makes this unit extremely durable. Whether you’re running a cafeteria, planning a group function, or running a business meeting, keep everyone refreshed with hot, flavorful coffee.
    ",https://usr-content.s3.us-east-2.amazonaws.com/prepline/pcm2d-1-specsheet.pdf,https://usrbrands.com/products/pcm2d-1-pourover-coffee-maker-with-2-warmers-and-coffee-decanters-120v,https://usrbrands.com/products/pcm2d-1-pourover-coffee-maker-with-2-warmers-and-coffee-decanters-120v
"FW12 Single Roll 12"" Width Film Wrapper - 725W",FW12,194,PREPLINE,"
                            <ul>
<li>Film up to 12"" Width, 8"" in Diameter</li>
<li>Stainless Steel Wrapping Surface</li>
<li>Teflon Coated Hot Plate</li>
<li>Keep Foods Sealed and Fresh</li>
</ul>
                          ",https://usrbrands.com/cdn/shop/products/fw-12_130x.jpg?v=1653911754,"
      Keeping your foods and ingredients sealed and fresh with this Prepline FW-12 single roll film wrapper. Thanks to its ample space, it supports a roll of film up to 12"" width. Whether you are storing dairy, raw meats or prepared foods, this item make a perfect addition to your bakery, cafe, or restaurant.
    ",https://usr-content.s3.us-east-2.amazonaws.com/prepline/fw12-specsheet.pdf,https://usr-content.s3.us-east-2.amazonaws.com/prepline/prepline-warranty.pdf,https://usrbrands.com/products/fw12-single-roll-12-width-film-wrapper-725w
"SG-1574 74"" Angled Sneeze Guard for Steam Tables, Salad Bars",SG-1574,195,PREPLINE,"
                            <ul>
<li>Angled Sneeze Guard</li>
<li>15"" X 74"" X 16""H</li>
<li>Heavy Duty&nbsp;Stainless Steel Frame</li>
<li>Acrylic Shield</li>
<li>Prevents Contamination</li>
</ul>
                          ",https://usrbrands.com/cdn/shop/products/prepline-70-sneeze_guard_130x.jpg?v=1679389707,"
      Protect your food while still allowing your customers to see your product! These sneeze guards work with the steam tables from Prepline. Stainless steel and glass construction will protect your merchandise on 3 sides. 
    ",https://usrbrands.com/products/sg-1574-74-angled-sneeze-guard-for-steam-tables-salad-bars,https://usrbrands.com/products/sg-1574-74-angled-sneeze-guard-for-steam-tables-salad-bars,https://usrbrands.com/products/sg-1574-74-angled-sneeze-guard-for-steam-tables-salad-bars
"PDM2 Double Spindle Commercial Drink Mixer, Milkshake Machine - 120V",PDM2,213,PREPLINE,"
                            <ul>
<li>Drink Mixer, Countertop, Single Spindle</li>
<li>Durable Stainless Steel Body</li>
<li>Robust and High-efficiency Motor</li>
<li>Malt Cup Included</li>
<li>Speed: 10,000&amp;15,000RPM</li>
<li>Three button: low speed , on/off, high speed</li>
</ul>
                          ",https://usrbrands.com/cdn/shop/products/dm-b-21_130x.jpg?v=1635156087,"
      Prepline PDM2 Heavy-Duty Double Spindle Drink Mixer / Milkshake Machine. Make classic milkshakes and malts your customers will love. Power through the coldest, hardest ice cream with ease, thanks to high performance motor.
    ",https://usr-content.s3.us-east-2.amazonaws.com/prepline/pdm2-specsheet.pdf,https://usrbrands.com/products/pdm2-double-spindle-commercial-drink-mixer-milkshake-machine-120v,https://usrbrands.com/products/pdm2-double-spindle-commercial-drink-mixer-milkshake-machine-120v
"EGD16 16"" Electric Thermostatic Countertop Griddle, 220/240v",EGD16,226,PREPLINE,"
                            
<ul>
 	<li>Electric Countertop Griddle</li>
 	<li>16"" W x 16"" D cooking surface</li>
 	<li>thick polished steel plates</li>
 	<li>thermostatic controls</li>
 	<li>removable drip tray</li>
 	<li>3-1/4"" front grease trough &amp; chute</li>
 	<li>side &amp; rear splash guards</li>
 	<li>4"" nickel plated steel legs</li>
 	<li>stainless steel front panel</li>
 	<li>bullnose &amp; drip tray</li>
</ul>

                          ",https://usrbrands.com/cdn/shop/files/edg16-electric-griddle_130x.jpg?v=1726826560,"
      
    ",https://usr-content.s3.us-east-2.amazonaws.com/prepline/egd16-specsheet.pdf,https://usrbrands.com/products/egd16-16-electric-thermostatic-countertop-griddle-240v,https://usr-content.s3.us-east-2.amazonaws.com/prepline/edg-manual.pdf
"FW18 Single Roll 18"" Width Film Wrapper - 725W",FW18,240,PREPLINE,"
                            <ul>
<li>Film up to 18"" Width, 8"" in Diameter</li>
<li>Stainless Steel Wrapping Surface</li>
<li>Teflon Coated Hot Plate</li>
<li>Keep Foods Sealed and Fresh</li>
</ul>
                          ",https://usrbrands.com/cdn/shop/products/fw-12_3eceee66-3907-470b-a631-be41adcc4f7e_130x.jpg?v=1653911842,"
      Keeping your foods and ingredients sealed and fresh with this Prepline FW-18 single roll film wrapper. Thanks to its ample space, it supports a roll of film up to 18"" width. Whether you are storing dairy, raw meats or prepared foods, this item make a perfect addition to your bakery, cafe, or restaurant.
    ",https://usr-content.s3.us-east-2.amazonaws.com/prepline/fw18-specsheet.pdf,https://usr-content.s3.us-east-2.amazonaws.com/prepline/prepline-warranty.pdf,https://usrbrands.com/products/fw18-single-roll-18-width-film-wrapper-725w
PCM-3D Pourover Coffee Maker with 3 Warmers - 120V,PCM-3D,259,PREPLINE,"
                            <ul>
<li>2 Top and 1 Bottom Warmers<br>
</li>
<li>Stainless Steel Construction<br>
</li>
<li>56 Cups (3.5 gallons) Output per Hour<br>
</li>
<li>3 Glass Decanters Included</li>
<li>Simple toggle control</li>
<li>Compact design</li>
</ul>
                          ",https://usrbrands.com/cdn/shop/products/PCM-3DWeb_130x.jpg?v=1670826319,"
      This Prepline machine are functional and efficient for caterers, offices, schools, and churches that would always like to have fresh coffee ready. Our machine is easy to use. The impact-resistant stainless steel design makes this unit extremely durable. Whether you’re running a cafeteria, planning a group function, or running a business meeting, keep everyone refreshed with hot, flavorful coffee.
    ",https://usr-content.s3.us-east-2.amazonaws.com/prepline/pcm-3d-specsheet.pdf,https://usr-content.s3.us-east-2.amazonaws.com/prepline/prepline-warranty.pdf,https://usrbrands.com/products/pcm-3d-pourover-coffee-maker-with-3-warmers-120v
PACM-3D Automatic Coffee Maker with 3 Warmers - 120V,PACM-3D,260,PREPLINE,"
                            <ul>
<li>2 Top and 1 Bottom Warmers<br>
</li>
<li>Fill Reservoir Automatically<br>
</li>
<li>3/4'' water connection</li>
<li>60 Cups (3.8 gallons) Output per Hour<br>
</li>
<li>Pourover Option on Top<br>
</li>
<li>3 Glass Decanters included</li>
<li>Simple toggle control</li>
<li>Compact design</li>
</ul>
                          ",https://usrbrands.com/cdn/shop/products/PACM-3DWeb_130x.jpg?v=1670824946,"
      This Prepline machine are functional and efficient for caterers, offices, schools, and churches that would always like to have fresh coffee ready. Our machine is easy to use. The impact-resistant stainless steel design makes this unit extremely durable. Whether you’re running a cafeteria, planning a group function, or running a business meeting, keep everyone refreshed with hot, flavorful coffee.
    ",https://usr-content.s3.us-east-2.amazonaws.com/prepline/pacm-3d-specsheet.pdf,https://usr-content.s3.us-east-2.amazonaws.com/prepline/prepline-warranty.pdf,https://usrbrands.com/products/pacm-3d-automatic-coffee-maker-with-3-warmers-120v
PACM-1A Automatic Airpot Coffee Brewer with 1 Airpot- 120V,PACM-1A,279,PREPLINE,"
                            <ul>
<li>Stainless Steel Construction<br>
</li>
<li>Fill Reservoir Automatically<br>
</li>
<li>3/4'' water connection</li>
<li>One Airport Included<br>
</li>
<li>3.8 Gallons Output per Hour</li>
<li>Simple toggle control</li>
<li>Compact design</li>
</ul>
                          ",https://usrbrands.com/cdn/shop/products/PACM-1AWeb_130x.jpg?v=1670825499,"
      This Prepline machine are functional and efficient for caterers, offices, schools, and churches that would always like to have fresh coffee ready. Our machine is easy to use. The impact-resistant stainless steel design makes this unit extremely durable. Whether you’re running a cafeteria, planning a group function, or running a business meeting, keep everyone refreshed with hot, flavorful coffee.
    ",https://usr-content.s3.us-east-2.amazonaws.com/prepline/pacm-1a-specsheet.pdf,https://usr-content.s3.us-east-2.amazonaws.com/prepline/prepline-warranty.pdf,https://usrbrands.com/products/pacm-1a-automatic-airpot-coffee-brewer-with-1-airpot-120v
"PDM3 Triple Spindle Commercial Drink Mixer, Milkshake Machine - 120V",PDM3,285,PREPLINE,"
                            <ul>
<li>Drink Mixer, Countertop, Single Spindle</li>
<li>Durable Stainless Steel Body</li>
<li>Robust and High-efficiency Motor</li>
<li>Malt Cup Included</li>
<li>Speed: 10,000&amp;15,000RPM</li>
<li>Three button: low speed , on/off, high speed</li>
</ul>
                          ",https://usrbrands.com/cdn/shop/products/dm-b-30_130x.jpg?v=1635156369,"
      Prepline PDM3 Heavy-Duty Triple Spindle Drink Mixer / Milkshake Machine. Make classic milkshakes and malts your customers will love. Power through the coldest, hardest ice cream with ease, thanks to high performance motor.
    ",https://usr-content.s3.us-east-2.amazonaws.com/prepline/pdm3-specsheet.pdf,https://usrbrands.com/products/pdm3-triple-spindle-commercial-drink-mixer-milkshake-machine-120v,https://usrbrands.com/products/pdm3-triple-spindle-commercial-drink-mixer-milkshake-machine-120v
"EGD24 24"" Electric Thermostatic Countertop Griddle, 220/240v",EGD24,307,PREPLINE,"
                            
<ul>
 	<li>Electric Countertop Griddle</li>
 	<li>24"" W x 24"" D cooking surface</li>
 	<li>thick polished steel plates</li>
 	<li>thermostatic controls</li>
 	<li>removable drip tray</li>
 	<li>3-1/4"" front grease trough &amp; chute</li>
 	<li>side &amp; rear splash guards</li>
 	<li>4"" nickel plated steel legs</li>
 	<li>stainless steel front panel</li>
 	<li>bullnose &amp; drip tray</li>
</ul>

                          ",https://usrbrands.com/cdn/shop/files/egd24-electric-griddles_130x.jpg?v=1726826509,"
      
    ",https://usr-content.s3.us-east-2.amazonaws.com/prepline/egd24-specsheet.pdf,https://usrbrands.com/products/egd24-24-electric-thermostatic-countertop-griddle-240v,https://usr-content.s3.us-east-2.amazonaws.com/prepline/edg-manual.pdf
"EGD30 30"" Electric Thermostatic Countertop Griddle, 220/240v",EGD30,345,PREPLINE,"
                            
<ul>
 	<li>Electric Countertop Griddle</li>
 	<li>30"" W x 30"" D cooking surface</li>
 	<li>thick polished steel plates</li>
 	<li>thermostatic controls</li>
 	<li>removable drip tray</li>
 	<li>3-1/4"" front grease trough &amp; chute</li>
 	<li>side &amp; rear splash guards</li>
 	<li>4"" nickel plated steel legs</li>
 	<li>stainless steel front panel</li>
 	<li>bullnose &amp; drip tray</li>
</ul>

                          ",https://usrbrands.com/cdn/shop/files/egd-36-inch-electric-griddle_130x.jpg?v=1726826657,"
      
    ",https://usr-content.s3.us-east-2.amazonaws.com/prepline/egd30-specsheet.pdf,https://usrbrands.com/products/egd30-30-electric-thermostatic-countertop-griddle-240v,https://usr-content.s3.us-east-2.amazonaws.com/prepline/edg-manual.pdf
"PSG-LT-30 32"" Glass Sneeze Guard with Lamp Bulb for Steam Table",PSG-LT-30,377,PREPLINE,"
                            <ul>
<li>32"" Lighted Heated Sneeze Guard</li>
<li>Four side tempered glass</li>
<li>Includes two lamp bulbs</li>
<li>Prevents contamination</li>
<li>Stainless Steel Frame</li>
<li>Flat glass design<br>
</li>
</ul>
                          ",https://usrbrands.com/cdn/shop/files/psg-lt-30-lighted-sneeed-guard-side_1_130x.jpg?v=1756117382,"
      The Prepline PSG-LT series tempered glass sneeze guards are perfect for safely showcasing your warm foods under attractive lighting for improved visibility. The included heat bulbs light your food for increased visibility but also add top down heat to ensure your foods stay at food safe temperatures. 
    ",https://usr-content.s3.us-east-2.amazonaws.com/prepline/psg-lt-specsheet.pdf,https://usrbrands.com/products/psg-lt-30-32-glass-sneeze-guard-with-lamp-bulb-for-steam-table,https://usrbrands.com/products/psg-lt-30-32-glass-sneeze-guard-with-lamp-bulb-for-steam-table
HFW1 Stainless Steel One Pan Insulated Drop-In Hot Food Well - 120V,HFW1,386,PREPLINE,"
                            <ul>
<li>Stainless steel electric drop-in hot food well</li>
<li>Accommodates a full size pan (12"" x 20"") or equivalent fractional pans</li>
<li>Cut out size: 23-1/2"" X 15-5/8""</li>
<li>120V, 60HZ, 72"" electrical cord</li>
<li>18GA.304S/S top, 18GA.304S/S sealed well</li>
<li>Sealed well 12"" X 20"" X 6-1/2"" with 1"" corner drain</li>
<li>20GA.430S/S apron and back</li>
<li>Energy-saving fully-insulated construction</li>
<li>Powerful 1100W heating element</li>
<li>Infinite control knob with Indicator light included<br>
</li>
</ul>
                          ",https://usrbrands.com/cdn/shop/files/hfw1-drop-in-hot-food-well_1_130x.jpg?v=1724664378,"
      Elevate your food service capabilities with the Prepline HFW1 Hot Food Well. Perfect for cafeterias, buffets, and restaurant kitchens, this versatile electric unit offers a seamless solution. Its innovative design boasts 12'' x 20'' opening with fiberglass insulation, ensuring exceptional efficiency. 
    ",https://usr-content.s3.us-east-2.amazonaws.com/prepline/hfw1-specsheet.pdf,https://usrbrands.com/products/hfw1-stainless-steel-one-pan-insulated-drop-in-hot-food-well-120v,https://usrbrands.com/products/hfw1-stainless-steel-one-pan-insulated-drop-in-hot-food-well-120v
"PSG-LT-48 48"" Glass Sneeze Guard with Lamp Bulb for Steam Table",PSG-LT-48,466,PREPLINE,"
                            <ul>
<li>48"" Lighted Heated Sneeze Guard</li>
<li>Four side tempered glass</li>
<li>Includes three lamp bulbs</li>
<li>Prevents contamination</li>
<li>Stainless Steel Frame</li>
</ul>
                          ",https://usrbrands.com/cdn/shop/files/sglt-48-3_3_1_130x.jpg?v=1756117041,"
      The Prepline PSG-LT series tempered glass sneeze guards are perfect for safely showcasing your warm foods under attractive lighting for improved visibility. The included heat bulbs light your food for increased visibility but also add top down heat to ensure your foods stay at food safe temperatures. 
    ",https://usr-content.s3.us-east-2.amazonaws.com/prepline/psg-lt-specsheet.pdf,https://usrbrands.com/products/psg-lt-48-48-glass-sneeze-guard-with-lamp-bulb-for-steam-table,https://usrbrands.com/products/psg-lt-48-48-glass-sneeze-guard-with-lamp-bulb-for-steam-table
"BDW2 Double Built-in Stainless Steel Drawer Warmer- 900W, 120V",BDW2,480,PREPLINE,"
                            <ul>
<li>Built-in design</li>
<li>Fits 12""x 20""x 6"" deep stainless steel pan</li>
<li>1""thick fiberglass sheet full insulated</li>
<li>11 gauge stainless steel drawer slides</li>
<li>Thermostatic temperature control</li>
<li><br></li>
</ul>
                          ",https://usrbrands.com/cdn/shop/products/endwb-2-1_130x.jpg?v=1640013868,"
      Prepline BDW2 double freestanding built-in stainless steel drawer warmer precise heat and humidity controls make it the perfect way to keep your breads, vegetables, and meats moist, flavorful, and at the ideal holding temperature until serving! It's perfect for restaurants, cafeterias, dining halls, concession stands, and other foodservice establishments.
    ",https://usr-content.s3.us-east-2.amazonaws.com/prepline/bdw2-specsheet.pdf,https://usrbrands.com/products/bdw2-double-built-in-stainless-steel-drawer-warmer-900w-120v,https://usrbrands.com/products/bdw2-double-built-in-stainless-steel-drawer-warmer-900w-120v
"EST30-2O 32"" Two Well Electric Hot Food Steam Table with Undershelf - 120V, 1000W",EST30-2O,482,PREPLINE,"
                            <ul>
<li>Stainless steel structure with individual valves</li>
<li>Polyethylene cutting board</li>
<li>Adjustable stainless steel feet</li>
<li>Stainless steel heating element</li>
<li>Independent infinite controls</li>
<li>Pans sold separately</li>
</ul>
                          ",https://usrbrands.com/cdn/shop/files/est30-2o_2_130x.jpg?v=1724662950,"
      The Standard 110V plug makes it simple to just plug in and keep hot food ready for serving in a buffet or cafeteria. This Prepline steam table can be used for moist or dry heat holding. Spillage pans are required if it need to be used for moist heat. Just fill your spillage pan with water before putting food pans inside.
    ",https://usr-content.s3.us-east-2.amazonaws.com/prepline/est30-2o-specsheet.pdf,https://usrbrands.com/products/32-two-well-electric-hot-food-steam-table-with-undershelf-120v-1000w,https://usrbrands.com/products/32-two-well-electric-hot-food-steam-table-with-undershelf-120v-1000w
"PSG-LT-60 60"" Glass Sneeze Guard with Lamp Bulb for Steam Table",PSG-LT-60,555,PREPLINE,"
                            <ul>
<li>60"" Lighted Heated Sneeze Guard</li>
<li>Four side tempered glass</li>
<li>Includes four lamp bulbs</li>
<li>Prevents contamination</li>
<li>Stainless Steel Frame</li>
</ul>
                          ",https://usrbrands.com/cdn/shop/files/psg-lt-60-lighted-sneeed-guard-side_130x.jpg?v=1756117107,"
      The Prepline PSG-LT series tempered glass sneeze guards are perfect for safely showcasing your warm foods under attractive lighting for improved visibility. The included heat bulbs light your food for increased visibility but also add top down heat to ensure your foods stay at food safe temperatures. 
    ",https://usr-content.s3.us-east-2.amazonaws.com/prepline/psg-lt-specsheet.pdf,https://usrbrands.com/products/psg-lt-60-60-glass-sneeze-guard-with-lamp-bulb-for-steam-table,https://usrbrands.com/products/psg-lt-60-60-glass-sneeze-guard-with-lamp-bulb-for-steam-table
HFW2 Stainless Steel Two Pan Insulated Drop-In Hot Food Well - 120V,HFW2,590,PREPLINE,"
                            <ul>
<li>Stainless steel electric drop-in hot food well</li>
<li>Accommodates two full size pans (12"" x 20"") or equivalent fractional pans</li>
<li>Cut out size: 23-1/2"" X 29-5/8""</li>
<li>120V, 60HZ, 72"" electrical cord</li>
<li>18GA.304S/S top, 18GA.304S/S sealed well</li>
<li>Two sealed well 12"" X 20"" X 6-1/2"" with 1"" corner drain</li>
<li>20GA.430S/S apron and back</li>
<li>Independent control for each well provide maximum versatility</li>
<li>Energy-saving fully-insulated construction</li>
<li>Powerful 1100W heating element per well</li>
<li>Infinite control knob with Indicator light included<br>
</li>
</ul>
                          ",https://usrbrands.com/cdn/shop/files/hfw2-drop-in-hot-food-well_130x.jpg?v=1724664498,"
      Elevate your food service capabilities with the Prepline HFW2 Hot Food Well. Perfect for cafeterias, buffets, and restaurant kitchens, this versatile electric unit offers a seamless solution. Its innovative design boasts 12'' x 20'' opening with fiberglass insulation, ensuring exceptional efficiency. 
    ",https://usr-content.s3.us-east-2.amazonaws.com/prepline/hfw2-specsheet.pdf,https://usrbrands.com/products/hfw2-stainless-steel-two-pan-insulated-drop-in-hot-food-well-120v,https://usrbrands.com/products/hfw2-stainless-steel-two-pan-insulated-drop-in-hot-food-well-120v
"EST48-3O 48"" Three Pan Open Well Electric Hot Food Steam Table with Undershelf - 120V, 1500W",EST48-3O,599,PREPLINE,"
                            <ul>
<li>Stainless steel structure with individual valves</li>
<li>Polyethylene cutting board</li>
<li>Adjustable stainless steel feet</li>
<li>Stainless steel heating element</li>
<li>Independent infinite controls</li>
<li>Pans sold separately</li>
</ul>
                          ",https://usrbrands.com/cdn/shop/products/est48-3-48_side_130x.jpg?v=1646298483,"
      The Standard 110V plug makes it simple to just plug in and keep hot food ready for serving in a buffet or cafeteria. This Prepline steam table can be used for moist or dry heat holding. Spillage pans are required if it need to be used for moist heat. Just fill your spillage pan with water before putting food pans inside.
    ",https://usr-content.s3.us-east-2.amazonaws.com/prepline/est-3o-specsheet.pdf,https://usrbrands.com/products/48-three-pan-open-well-electric-hot-food-steam-table-with-undershelf-120v-1500w,https://usrbrands.com/products/48-three-pan-open-well-electric-hot-food-steam-table-with-undershelf-120v-1500w
"DW2N Double Narrow Freestanding Stainless Steel Drawer Warmer- 900W, 120V",DW2N,603,PREPLINE,"
                            <ul>
<li>Fits 12""x 20""x 6"" deep stainless steel pan</li>
<li>1""thick fiberglass sheet full insulated</li>
<li>11 gauge stainless steel drawer slides</li>
<li>Thermostatic temperature control</li>
<li>Adjustable feet, optional casters</li>
</ul>
                          ",https://usrbrands.com/cdn/shop/products/endws-2-1_130x.jpg?v=1640014001,"
      Prepline DW2N double narrow freestanding stainless steel drawer warmer precise heat and humidity controls make it the perfect way to keep your breads, vegetables, and meats moist, flavorful, and at the ideal holding temperature until serving! It's perfect for restaurants, cafeterias, dining halls, concession stands, and other foodservice establishments.
    ",https://usr-content.s3.us-east-2.amazonaws.com/prepline/dw2n-specsheet.pdf,https://usrbrands.com/products/dw2n-double-narrow-freestanding-stainless-steel-drawer-warmer-900w-120v,https://usrbrands.com/products/dw2n-double-narrow-freestanding-stainless-steel-drawer-warmer-900w-120v
PAICM-3D Digital Control Automatic Coffee Maker with 3 Warmers - 120V,PAICM-3D,655,PREPLINE,"
                            <ul>
<li>Digital Control with Various Settings<br>
</li>
<li>Fill Reservoir Automatically<br>
</li>
<li>Adjustable Temperature from 122 to 208.4℉</li>
<li>60 Cups (3.8 gallons) per Hour</li>
<li>3 Glass Decanters included</li>
<li>3/4'' water connection</li>
<li>Hot water faucet</li>
<li>Compact design<br>
</li>
</ul>
                          ",https://usrbrands.com/cdn/shop/products/PAICM-3DWeb_130x.jpg?v=1670811994,"
      This Prepline machine are functional and efficient for caterers, offices, schools, and churches that would always like to have fresh coffee ready. Our machine is easy to use. The impact-resistant stainless steel design makes this unit extremely durable. Whether you’re running a cafeteria, planning a group function, or running a business meeting, keep everyone refreshed with hot, flavorful coffee.
    ",https://usr-content.s3.us-east-2.amazonaws.com/prepline/paicm-3d-specsheet.pdf,https://usr-content.s3.us-east-2.amazonaws.com/prepline/prepline-warranty.pdf,https://usrbrands.com/products/paicm-3d-digital-control-automatic-coffee-maker-with-3-warmers-120v
"GST48-3O 48"" Three Pan Open Well Gas Hot Food Steam Table with Undershelf",GST48-3O,672,PREPLINE,"
                            <ul>
<li>Gas Steam Table with Undershelf</li>
<li>48” Length with 3 Wells</li>
<li>3 Powerful Jet Burners</li>
<li>Legs Included</li>
<li><span>Gas regulator included</span></li>
<li><span>Infinite control knob</span></li>
<li><span>&nbsp;(3) 3,500 BTU Jet Burners</span></li>
</ul>
                          ",https://usrbrands.com/cdn/shop/products/gst48-3-48_front_1_130x.jpg?v=1646296463,"
      Service hot fresh food to your customers with Prepline’s stainless steel gas steam table. This steam table features a durable stainless steel construction that can withstand any commercial kitchen. With 3,500 BTU jet burners per well, your food will stay hot for as long as you need and with configurations for up to 5 wells, you can serve as many or as few options as you'd like. Independent controls allow you to control the temperature of each well as needed. An 8” cutting board is included.
    ",https://usr-content.s3.us-east-2.amazonaws.com/prepline/gst-3o-specsheet.pdf,https://usrbrands.com/products/48-three-pan-open-well-gas-hot-food-steam-table-with-undershelf,https://usrbrands.com/products/48-three-pan-open-well-gas-hot-food-steam-table-with-undershelf
"PSG-LT-74 73.8"" Glass Sneeze Guard with Lamp Bulb for Steam Table",PSG-LT-74,684,PREPLINE,"
                            <ul>
<li>73.8"" Lighted Heated Sneeze Guard</li>
<li>Four side tempered glass</li>
<li>Includes 5 Heat Lamp Bulbs</li>
<li>Prevents contamination</li>
<li>Stainless Steel Frame</li>
</ul>
                          ",https://usrbrands.com/cdn/shop/files/psg-lt-60-lighted-sneeed-guard-side_c6c28eb0-2a02-41b0-ad0c-4d7ff5ecbff3_130x.jpg?v=1756117169,"
      The Prepline PSG-LT series tempered glass sneeze guards are perfect for safely showcasing your warm foods under attractive lighting for improved visibility. The included heat bulbs light your food for increased visibility but also add top down heat to ensure your foods stay at food safe temperatures. 
    ",https://usr-content.s3.us-east-2.amazonaws.com/prepline/psg-lt-specsheet.pdf,https://usrbrands.com/products/psg-lt-72-73-8-glass-sneeze-guard-with-lamp-bulb-for-steam-table,https://usrbrands.com/products/psg-lt-72-73-8-glass-sneeze-guard-with-lamp-bulb-for-steam-table
"EST60-4O 60"" Four Well Electric Hot Food Steam Table with Undershelf - 208/240V, 3000W",EST60-4O,711,PREPLINE,"
                            <ul>
<li>Stainless steel structure with individual valves</li>
<li>Polyethylene cutting board</li>
<li>Adjustable stainless steel feet</li>
<li>Stainless steel heating element</li>
<li>Independent infinite controls</li>
<li>Pans sold separately</li>
</ul>
                          ",https://usrbrands.com/cdn/shop/files/est60-4o_1_130x.jpg?v=1724663087,"
      The Standard 22V plug makes it simple to just plug in and keep hot food ready for serving in a buffet or cafeteria. This Prepline steam table can be used for moist or dry heat holding. Spillage pans are required if it need to be used for moist heat. Just fill your spillage pan with water before putting food pans inside.
    ",https://usr-content.s3.us-east-2.amazonaws.com/prepline/est60-4o-specsheet.pdf,https://usrbrands.com/products/60-four-well-electric-hot-food-steam-table-with-undershelf-208-240v-3000w,https://usrbrands.com/products/60-four-well-electric-hot-food-steam-table-with-undershelf-208-240v-3000w
"ESTC30-2S 32"" Two Well Electric Hot Food Steam Table with Enclosed Base and Sliding Doors - 120V, 1000W",ESTC30-2S,781,PREPLINE,"
                            <ul>
<li>Enclosed Base Cabinet with Sliding Doors</li>
<li>Stainless Steel Structure</li>
<li>Polyethylene Cutting Board</li>
<li>Stainless Steel Heating Element</li>
<li>Independent Heat Controls</li>
<li>Built-in Water Drain</li>
<li>Pans Sold Separately</li>
</ul>
                          ",https://usrbrands.com/cdn/shop/products/estc30-2o-open-door_2_130x.jpg?v=1662723324,"
      Service hot fresh food to your customers with Prepline’s stainless steel electric steam table cabinet with sliding doors. This enclosed cabinet steam table features a durable stainless steel construction that can withstand any commercial kitchen.
    ",https://usr-content.s3.us-east-2.amazonaws.com/prepline/estc30-2s-specsheet.pdf,https://usrbrands.com/products/2-two-well-electric-hot-food-steam-table-with-enclosed-base-and-sliding-doors-120v-1000w,https://usrbrands.com/products/2-two-well-electric-hot-food-steam-table-with-enclosed-base-and-sliding-doors-120v-1000w
"GST60-4O 60"" Four Well Gas Hot Food Steam Table with Undershelf",GST60-4O,783,PREPLINE,"
                            <ul class=""product attribute bullet-points-description"">
<li>Open Well Type</li>
<li>No Plumbing Required</li>
<li>Requires Water Pans</li>
<li>Independent Heat Controls</li>
<li>Gas Conversion Kit included</li>
<li>Independent Heat Controls</li>
</ul>
                          ",https://usrbrands.com/cdn/shop/files/gst60-4o_1_1_130x.jpg?v=1756109841,"
      Service hot fresh food to your customers with Prepline’s stainless steel gas steam table. This steam table features a durable stainless steel construction that can withstand any commercial kitchen. With 3,500 BTU jet burners per well, your food will stay hot for as long as you need and with configurations for up to 5 wells, you can serve as many or as few options as you'd like. Independent controls allow you to control the temperature of each well as needed. An 8” cutting board is included.
    ",https://usr-content.s3.us-east-2.amazonaws.com/cookline/gst60-4o-specsheet.pdf,https://usrbrands.com/products/gst60-4o-60-four-well-gas-hot-food-steam-table-with-undershelf,https://usrbrands.com/products/gst60-4o-60-four-well-gas-hot-food-steam-table-with-undershelf
MPN1812 Undercounter Half Size Non-Insulated Heater Proofer with Clear Door - 120V,MPN1812,798,PREPLINE,"
                            <ul>
<li>Digital temperature display</li>
<li>Manual temperature control</li>
<li>Manual humidity control</li>
<li>Ventilated heating system</li>
<li>Clear door with aluminum framing</li>
<li>Humidity from 30%-95%</li>
<li>Maximum temperature up to 185°F</li>
<li>Fits up to (12) 18″ x 26″ pans</li>
<li>4 Casters, 2 with brakes</li>
</ul>
                          ",https://usrbrands.com/cdn/shop/files/mpn-1812_heater-proofer-angle-_2_130x.jpg?v=1756089953,"
      This Prepline heat display warmer has a manual temperature and humidity control with a digital temperature display. All welded heavy duty construction, channel construction designed for durability, easily to clean, and built-in Air baffle and circulating air blower provide uniform heat distribution throughout cabinet. Perfect addition to your business to hold foods at warming temperatures ready to serve.
    ",https://usr-content.s3.us-east-2.amazonaws.com/prepline/mpn1812-specsheet.pdf,https://usrbrands.com/products/mpn1812-undercounter-half-size-non-insulated-heater-proofer-with-clear-door-120v,https://usrbrands.com/products/mpn1812-undercounter-half-size-non-insulated-heater-proofer-with-clear-door-120v
HFW3 Stainless Steel Three Pan Insulated Drop-In Hot Food Well - 208/240V,HFW3,836,PREPLINE,"
                            <ul>
<li>Stainless steel electric drop-in hot food well</li>
<li>Accommodates three full size pans (12"" x 20"") or equivalent fractional pans</li>
<li>Cut out size: 23-1/2"" X 43-5/8""</li>
<li>208V/240V, 60HZ, 3,300W, 72"" electrical cord</li>
<li>18GA.304S/S top, 18GA.304S/S sealed well</li>
<li>Three sealed well 12"" X 20"" X 6-1/2"" with 1"" corner drain</li>
<li>20GA.430S/S apron and back</li>
<li>Independent control for each well provide maximum versatility</li>
<li>Energy-saving fully-insulated construction</li>
<li>Powerful 1100W heating element per well</li>
<li>Infinite control knob with Indicator light included<br>
</li>
</ul>
                          ",https://usrbrands.com/cdn/shop/files/hfw-3-hot-food-well-side_130x.jpg?v=1724664610,"
      Elevate your food service capabilities with the Prepline HFW3 Hot Food Well. Perfect for cafeterias, buffets, and restaurant kitchens, this versatile electric unit offers a seamless solution. Its innovative design boasts 12'' x 20'' opening with fiberglass insulation, ensuring exceptional efficiency. 
    ",https://usr-content.s3.us-east-2.amazonaws.com/prepline/hfw3-specsheet.pdf,https://usrbrands.com/products/hfw3-stainless-steel-three-pan-insulated-drop-in-hot-food-well-208-240v,https://usrbrands.com/products/hfw3-stainless-steel-three-pan-insulated-drop-in-hot-food-well-208-240v
"EST74-5O 74"" Five Pan Open Well Electric Hot Food Steam Table with Undershelf - 208/240V, 3700W",EST74-5O,863,PREPLINE,"
                            <ul>
<li>Stainless steel structure with individual valves</li>
<li>Polyethylene cutting board</li>
<li>Adjustable stainless steel feet</li>
<li>Stainless steel heating element</li>
<li>Independent infinite controls</li>
<li>Pans sold separately</li>
</ul>
                          ",https://usrbrands.com/cdn/shop/products/gst5_side_130x.jpg?v=1646299640,"
      Service hot fresh food to your customers with Prepline’s stainless steel steam table cabinet. This steam table features a durable stainless steel construction that can withstand any commercial kitchen. Independent controls allow you to control the temperature of each well as needed. An 8” cutting board is included. 
    ",https://usr-content.s3.us-east-2.amazonaws.com/prepline/est74-5o-specsheet.pdf,https://usrbrands.com/products/74-five-pan-open-well-electric-hot-food-steam-table-with-undershelf-208-240v-3700w,https://usrbrands.com/products/74-five-pan-open-well-electric-hot-food-steam-table-with-undershelf-208-240v-3700w
"GSTC30-2S 32"" Two Well Gas Hot Food Steam Table with Enclosed Base and Sliding Doors",GSTC30-2S,894,PREPLINE,"
                            <ul>
<li>Enclosed Cabinet Gas Steam Table</li>
<li>32” Length with 2 Sealed Wells</li>
<li>Independent Heat Controls</li>
<li>Sliding Doors with Handle</li>
<li>Gas conversion kit included</li>
<li>Legs included</li>
<li>Built-in Water Drain</li>
</ul>
                          ",https://usrbrands.com/cdn/shop/products/gstc-36-front_2_2_130x.jpg?v=1662723124,"
      Service hot fresh food to your customers with Prepline’s stainless steel gas steam table cabinet with sliding doors. This enclosed cabinet steam table features a durable stainless steel construction that can withstand any commercial kitchen.
    ",https://usr-content.s3.us-east-2.amazonaws.com/prepline/gstc30-2s-specsheet.pdf,https://usrbrands.com/products/32-two-well-gas-hot-food-steam-table-with-enclosed-base-and-sliding-doors,https://usrbrands.com/products/32-two-well-gas-hot-food-steam-table-with-enclosed-base-and-sliding-doors
"GST74-5O 74"" Five Pan Open Well Gas Hot Food Steam Table with Undershelf",GST74-5O,900,PREPLINE,"
                            <ul>
<li>Gas Steam Table with Undershelf</li>
<li>73.8” Length with 5 Wells</li>
<li>5 Powerful Jet Burners</li>
<li>Legs Included</li>
<li><span>Gas regulator included</span></li>
</ul>
                          ",https://usrbrands.com/cdn/shop/products/gst72-5_front_130x.jpg?v=1646297147,"
      Service hot fresh food to your customers with Prepline’s stainless steel gas steam table cabinet with optional doors. This enclosed cabinet steam table features a durable stainless steel construction that can withstand any commercial kitchen. With 3,500 BTU jet burners per well, your food will stay hot for as long as you need and with configurations for up to 5 wells, you can serve as many or as few options as you'd like. Independent controls allow you to control the temperature of each well as needed. An 8” cutting board is included. Installed casters are available options.
    ",https://usr-content.s3.us-east-2.amazonaws.com/prepline/gst-5o-specsheet.pdf,https://usrbrands.com/products/74-five-pan-open-well-gas-hot-food-steam-table-with-undershelf,https://usrbrands.com/products/74-five-pan-open-well-gas-hot-food-steam-table-with-undershelf
"ESTC48-3S 48"" Three Pan Sealed Well Electric Hot Food Steam Table with Enclosed Base and Sliding Doors - 120V, 1500W",ESTC48-3S,972,PREPLINE,"
                            <ul>
<li>Stainless steel structure with individual valves</li>
<li>Enclosed base cabinet with sliding doors</li>
<li>Polyethylene cutting board</li>
<li>Adjustable stainless steel feet</li>
<li>Stainless steel heating element</li>
<li>Independent infinite controls</li>
<li>Pans sold separately</li>
<li>Optional Sneeze Guard&nbsp;</li>
</ul>
                          ",,"
      The Standard 110V plug makes it simple to just plug in and keep hot food ready for serving in a buffet or cafeteria. This Prepline steam table can be used for moist or dry heat holding. No spillage pans required for sealed well steam table, allowing customer directly add water to the well. Built-in water drain make it easy for cleaning after service.
    ",https://usr-content.s3.us-east-2.amazonaws.com/prepline/estc48-3s-specsheet.pdf,https://usrbrands.com/products/48-three-pan-sealed-well-electric-hot-food-steam-table-with-enclosed-base-and-sliding-doors-120v-1500w,https://usrbrands.com/products/48-three-pan-sealed-well-electric-hot-food-steam-table-with-enclosed-base-and-sliding-doors-120v-1500w
MPN1836 Full Size 120v Non-Insulated Heated Warming Holding Cabinet with Clear Door,MPN1836,972,PREPLINE,"
                            <ul>
<li>Digital temperature display</li>
<li>Manual temperature control</li>
<li>Manual humidity control</li>
<li>2 heating ways either by water or air</li>
<li>Ventilated heating system</li>
<li>Clear door with aluminum framing</li>
<li>Humidity from 30%-95%</li>
<li>86<span data-mce-fragment=""1"">°F to</span>185°F temperature range</li>
<li>Fits up to (36) 18″ x 26″ pans</li>
<li>4 Casters, 2 with brakes</li>
<li>Equipped with a drip pan and internal water pan</li>
</ul>
                          ",https://usrbrands.com/cdn/shop/files/mpn-1836_heater-proofer-angle_2b89ba5c-984a-439f-b8a8-2e995680c390_130x.jpg?v=1756089648,"
      This Prepline heated display warmer has a manual temperature and humidity control with a digital temperature display. Perfect addition to your business to hold foods at warming
temperatures ready to serve.
    ",https://usr-content.s3.us-east-2.amazonaws.com/prepline/mpn1836-specsheet.pdf,https://usrbrands.com/products/mpn1836-full-size-120v-heated-warming-holding-cabinet-with-clear-door,https://usrbrands.com/products/mpn1836-full-size-120v-heated-warming-holding-cabinet-with-clear-door
"GSTC48-3S 48"" Two Well Gas Hot Food Steam Table with Enclosed Base and Sliding Doors",GSTC48-3S,1069,PREPLINE,"
                            <ul>
<li>Enclosed Cabinet Gas Steam Table</li>
<li>32” Length with 2 Sealed Wells</li>
<li>Independent Heat Controls</li>
<li>Sliding Doors with Handle</li>
<li>Gas conversion kit included</li>
<li>Legs included</li>
<li>Built-in Water Drain</li>
<li>Optional Sneeze Guard&nbsp;</li>
</ul>
                          ",,"
      Service hot fresh food to your customers with Prepline’s stainless steel gas steam table cabinet with sliding doors. This enclosed cabinet steam table features a durable stainless steel construction that can withstand any commercial kitchen.
    ",https://usr-content.s3.us-east-2.amazonaws.com/prepline/gstc48-3s-specsheet.pdf,https://usrbrands.com/products/gstc48-3s-48-two-well-gas-hot-food-steam-table-with-enclosed-base-and-sliding-doors,https://usrbrands.com/products/gstc48-3s-48-two-well-gas-hot-food-steam-table-with-enclosed-base-and-sliding-doors
HFW4 Stainless Steel Four Pan Insulated Drop-In Hot Food Well - 208/240V,HFW4,1089,PREPLINE,"
                            <ul>
<li>Stainless steel electric drop-in hot food well</li>
<li>Accommodates four full size pans (12"" x 20"") or equivalent fractional pans</li>
<li>Cut out size: 23-1/2"" X 57-5/8""</li>
<li>208V/240V, 60HZ, 4,400W, (2) 72"" electrical cord</li>
<li>18GA.304S/S top, 18GA.304S/S sealed well</li>
<li>Four sealed well 12"" X 20"" X 6-1/2"" with 1"" corner drain</li>
<li>20GA.430S/S apron and back</li>
<li>Independent control for each well provide maximum versatility</li>
<li>Energy-saving fully-insulated construction</li>
<li>Powerful 1100W heating element per well</li>
<li>Infinite control knob with Indicator light included<br>
</li>
</ul>
                          ",https://usrbrands.com/cdn/shop/files/hfw4-drop-in-hot-food-well_130x.jpg?v=1724664693,"
      Elevate your food service capabilities with the Prepline HFW4 Hot Food Well. Perfect for cafeterias, buffets, and restaurant kitchens, this versatile electric unit offers a seamless solution. Its innovative design boasts 12'' x 20'' opening with fiberglass insulation, ensuring exceptional efficiency. 
    ",https://usr-content.s3.us-east-2.amazonaws.com/prepline/hfw4-specsheet.pdf,https://usrbrands.com/products/hfw4-stainless-steel-four-pan-insulated-drop-in-hot-food-well-208-240v,https://usrbrands.com/products/hfw4-stainless-steel-four-pan-insulated-drop-in-hot-food-well-208-240v
"ESTC74-5O 74"" Five Pan Open Well Electric Hot Food Steam Table with Enclosed Base and Sliding Doors - 208/240V, 3700W",ESTC74-5O,1163,PREPLINE,"
                            <ul>
<li>Stainless steel structure with individual valves</li>
<li>Enclosed base cabinet with sliding doors</li>
<li>Polyethylene cutting board</li>
<li>Adjustable stainless steel feet</li>
<li>Stainless steel heating element</li>
<li>Independent infinite controls</li>
<li>Pans not included</li>
</ul>
                          ",https://usrbrands.com/cdn/shop/products/estc72-5-72_iso_130x.jpg?v=1646299775,"
      Service hot fresh food to your customers with Prepline’s stainless steel steam table cabinet. This steam table features a durable stainless steel construction that can withstand any commercial kitchen. Independent controls allow you to control the temperature of each well as needed. An 8” cutting board is included. 
    ",https://usr-content.s3.us-east-2.amazonaws.com/prepline/estc74-5o-specsheet.pdf,https://usrbrands.com/products/74-five-pan-open-well-electric-hot-food-steam-table-with-enclosed-base-and-sliding-doors-208-240v-3700w,https://usrbrands.com/products/74-five-pan-open-well-electric-hot-food-steam-table-with-enclosed-base-and-sliding-doors-208-240v-3700w
"GSTC60-4S 60"" Four Pan Sealed Well Gas Hot Food Steam Table with Enclosed Base and Sliding Doors",GSTC60-4S,1263,PREPLINE,"
                            <ul>
<li>Enclosed Cabinet Gas Steam Table</li>
<li>60” Length with 4 Wells</li>
<li>4 powerful jet burners</li>
<li>Sliding Doors</li>
<li>Legs included, Casters Optional</li>
<li><span>Gas regulator included</span></li>
<li><span>Optional Sneeze Guard&nbsp;</span></li>
</ul>
                          ",,"
      Service hot fresh food to your customers with Prepline’s stainless steel gas steam table cabinet with optional doors. This enclosed cabinet steam table features a durable stainless steel construction that can withstand any commercial kitchen. With 3,500 BTU jet burners per well, your food will stay hot for as long as you need and with configurations for up to 5 wells, you can serve as many or as few options as you'd like. Independent controls allow you to control the temperature of each well as needed. An 8” cutting board is included. Installed casters are available options. Sealed well steam tables do not require spillage pans.
    ",https://usr-content.s3.us-east-2.amazonaws.com/prepline/gstc60-4s-specsheet.pdf,https://usrbrands.com/products/60-four-pan-sealed-well-gas-hot-food-steam-table-with-enclosed-base-and-sliding-doors,https://usrbrands.com/products/60-four-pan-sealed-well-gas-hot-food-steam-table-with-enclosed-base-and-sliding-doors
MPI1836 Full Size Insulated Heater Proofer Cabinet with Clear Door - 120V,MPI1836,1268,PREPLINE,"
                            <ul>
<li>Digital temperature display</li>
<li>Manual temperature control</li>
<li>Manual humidity control</li>
<li>Ventilated heating system</li>
<li>Clear door with aluminum framing</li>
<li>Humidity from 30%-95%</li>
<li>Maximum temperature up to 185°F</li>
<li>Fits up to (36) 18″ x 26″ pans</li>
<li>4 Casters, 2 with brakes</li>
</ul>
                          ",https://usrbrands.com/cdn/shop/files/mpi-1836_heater-proofer-angle_130x.jpg?v=1756089839,"
      This Prepline heat display warmer has a manual temperature and humidity control with a digital temperature display. All welded heavy duty construction, channel construction designed for durability, easily to clean, and built-in Air baffle and circulating air blower provide uniform heat distribution throughout cabinet. Perfect addition to your business to hold foods at warming temperatures ready to serve.
    ",https://usr-content.s3.us-east-2.amazonaws.com/prepline/mpi1836-specsheet.pdf,https://usrbrands.com/products/mpi1836-full-size-insulated-heater-proofer-cabinet-with-clear-door-120v,https://usrbrands.com/products/mpi1836-full-size-insulated-heater-proofer-cabinet-with-clear-door-120v
"ESTC74-5S 74"" Five Pan Sealed Well Electric Hot Food Steam Table with Enclosed Base and Sliding Doors - 208/240V, 3700W",ESTC74-5S,1359,PREPLINE,"
                            <ul>
<li>Stainless steel structure with individual valves</li>
<li>Enclosed base cabinet with sliding doors</li>
<li>Polyethylene cutting board</li>
<li>Adjustable stainless steel feet</li>
<li>Stainless steel heating element</li>
<li>Independent infinite controls</li>
<li>Pans sold separately</li>
<li>Optional Sneeze Guard&nbsp;</li>
</ul>
                          ",,"
      Service hot fresh food to your customers with Prepline’s stainless steel steam table cabinet. This steam table features a durable stainless steel construction that can withstand any commercial kitchen. Independent controls allow you to control the temperature of each well as needed. An 8” cutting board is included. 
    ",https://usr-content.s3.us-east-2.amazonaws.com/prepline/estc-5s-specsheet.pdf,https://usrbrands.com/products/74-five-pan-sealed-well-electric-hot-food-steam-table-with-enclosed-base-and-sliding-doors-208-240v-3700w,https://usrbrands.com/products/74-five-pan-sealed-well-electric-hot-food-steam-table-with-enclosed-base-and-sliding-doors-208-240v-3700w
"GSTC74-5S 74"" Five Pan Sealed Well Gas Hot Food Steam Table with Enclosed Base and Sliding Doors",GSTC74-5S,1499,PREPLINE,"
                            <ul>
<li>Enclosed Cabinet Gas Steam Table</li>
<li>73.8” Length with 5 Wells</li>
<li>5 powerful jet burners</li>
<li>Sliding Doors</li>
<li>Legs included, Casters Optional</li>
<li><span>Gas regulator included</span></li>
<li><span>Optional Sneeze Guard&nbsp;</span></li>
</ul>
                          ",,"
      Service hot fresh food to your customers with Prepline’s stainless steel gas steam table cabinet. This enclosed cabinet steam table features a durable stainless steel construction that can withstand any commercial kitchen. With 3,500 BTU jet burners per well, your food will stay hot for as long as you need and with configurations for up to 5 wells, you can serve as many or as few options as you'd like. Independent controls allow you to control the temperature of each well as needed. An 8” cutting board is included. Installed casters are available options.
    ",https://usr-content.s3.us-east-2.amazonaws.com/prepline/gstc74-5s-specsheet.pdf,https://usrbrands.com/products/74-five-pan-sealed-well-gas-hot-food-steam-table-with-enclosed-base-and-sliding-doors,https://usrbrands.com/products/74-five-pan-sealed-well-gas-hot-food-steam-table-with-enclosed-base-and-sliding-doors
SLO-1 Single Deck Cook and Hold Oven-208/240V,SLO-1,1770,PREPLINE,"
                            <ul>
<li>Half size undercounter cook and hold oven</li>
<li>Easy cooking and holding controls</li>
<li>Capacity (4) 18"" x 26"" sheet pans</li>
<li>Automatically converts from cook to hold</li>
<li>Stainless Steel Construction</li>
</ul>
                          ",https://usrbrands.com/cdn/shop/files/slo-single-deck-slow-cooker-angle_130x.jpg?v=1756172966,"
      Produce juicier and higher yields of delicious food and then hold them at a safe temperature with Prepline single deck cook and hold oven. It's more than a convection oven. The stainless steel construction make this a heavy-duty, durable commercial unit ready to withstand the most punishing commercial environments.
    ",https://usr-content.s3.us-east-2.amazonaws.com/prepline/slo-2-specsheet.pdf,https://usr-content.s3.us-east-2.amazonaws.com/prepline/prepline-warranty.pdf,https://usrbrands.com/products/single-deck-cook-and-hold-oven-208-240v
SLO-2 Double Deck Cook and Hold Oven,SLO-2,3565,PREPLINE,"
                            <ul>
<li>Full height undercounter cook and hold oven</li>
<li>Easy cooking and holding controls</li>
<li>(8) 18"" x 26"" sheet pans Capacity</li>
<li>Automatically converts from cook to hold</li>
<li>Stainless Steel Construction</li>
</ul>
                          ",https://usrbrands.com/cdn/shop/files/slo-double-deck-slow-cooker-angle_130x.jpg?v=1756173086,"
      Produce juicier and higher yields of delicious food and then hold them at a safe temperature with Prepline single deck cook and hold oven. It's more than a convection oven. The stainless steel construction make this a heavy-duty, durable commercial unit ready to withstand the most punishing commercial environments.
    ",https://usr-content.s3.us-east-2.amazonaws.com/prepline/slo-2-specsheet.pdf,https://usr-content.s3.us-east-2.amazonaws.com/prepline/prepline-warranty.pdf,https://usr-content.s3.us-east-2.amazonaws.com/prepline/slo-series-manual.pdf
"Prepline PWC-1572 15""X72"" Stainless steel wall cabinet with flat top",PWC-1572,,PREPLINE,"
                            <ul>
<li>Wall Cabinet</li>
<li>Durable 16 gauge Type 430 stainless steel construction</li>
<li>Enclosed with sliding doors</li>
<li>15""D x 72""L x 32""H</li>
<li>Flat top</li>
<li>Intermediate shelf</li>
<li>Recessed door handle</li>
<li>NSF Listed<br>
</li>
</ul>
                          ",https://usrbrands.com/cdn/shop/files/wall-cabinet-3_130x.jpg?v=1744602701,"
      This Prepline PWC-series wall cabinet features heavy-duty and strong corrosion resistant stainless steel. Whether you are storing detergents, janitorial supplies or other kitchen stuffs your might want, the Prepline PWC-series make a perfect addition to your restaurant.
    ",https://usr-content.s3.us-east-2.amazonaws.com/prepline/pwc-1572-specsheet.pdf,https://usrbrands.com/products/prepline-pwc-1572-15x72-stainless-steel-wall-cabinet-with-flat-top,https://usrbrands.com/products/prepline-pwc-1572-15x72-stainless-steel-wall-cabinet-with-flat-top
"Prepline PWC-1560 15"" X 60"" Stainless steel wall cabinet with flat top",PWC-1560,,PREPLINE,"
                            <ul>
<li>Wall Cabinet</li>
<li>Durable 16 gauge Type 430 stainless steel construction</li>
<li>Enclosed with sliding doors</li>
<li>15""D x 60""L x 32""H</li>
<li>Flat top</li>
<li>Intermediate shelf</li>
<li>Recessed door handle</li>
<li>NSF Listed<br>
</li>
</ul>
                          ",https://usrbrands.com/cdn/shop/files/wall-cabinet-2_29cd29d9-99dd-4fab-8726-50c41d0386a6_130x.jpg?v=1744602604,"
      This Prepline PWC-series wall cabinet features heavy-duty and strong corrosion resistant stainless steel. Whether you are storing detergents, janitorial supplies or other kitchen stuffs your might want, the Prepline PWC-series make a perfect addition to your restaurant.
    ",https://usr-content.s3.us-east-2.amazonaws.com/prepline/pwc-1560-specsheet.pdf,https://usrbrands.com/products/prepline-pwc-1560-15-x-60-stainless-steel-wall-cabinet-with-flat-top,https://usrbrands.com/products/prepline-pwc-1560-15-x-60-stainless-steel-wall-cabinet-with-flat-top
"Prepline PWC-1548 15"" X 48"" Stainless steel wall cabinet with flat top",PWC-1548,,PREPLINE,"
                            <ul>
<li>Wall Cabinet</li>
<li>Durable 16 gauge Type 430 stainless steel construction</li>
<li>Enclosed with sliding doors</li>
<li>15""D x 48""L x 32""H</li>
<li>Flat top</li>
<li>Intermediate shelf</li>
<li>Recessed door handle</li>
<li>NSF Listed<br>
</li>
</ul>
                          ",https://usrbrands.com/cdn/shop/files/wall-cabinet-2_130x.jpg?v=1744602479,"
      This Prepline PWC-series wall cabinet features heavy-duty and strong corrosion resistant stainless steel. Whether you are storing detergents, janitorial supplies or other kitchen stuffs your might want, the Prepline PWC-series make a perfect addition to your restaurant.
    ",https://usr-content.s3.us-east-2.amazonaws.com/prepline/pwc-1548-specsheet.pdf,https://usrbrands.com/products/prepline-pwc-1548-15-x-48-stainless-steel-wall-cabinet-with-flat-top,https://usrbrands.com/products/prepline-pwc-1548-15-x-48-stainless-steel-wall-cabinet-with-flat-top
"Prepline 3/4"" x 60"" Gas Hose Connector Kit with Quick Disconnect",,,PREPLINE,"
                            <ul>
<li>Gas hose connection kit</li>
<li>Orange exterior</li>
<li>48"" long x 3/4"" quick disconnect</li>
<li>Includes hose (1 PC)</li>
<li>Quick disconnect (1 PC)</li>
<li>Elbow (2 PCS)</li>
<li>Restraining cable (1 PC)</li>
<li>Full port valve (1 PC)</li>
<li>Nat Gas and LP compatible</li>
<li>Not approved for use outdoors or with portable LP tanks</li>
</ul>
                          ",https://usrbrands.com/cdn/shop/files/qd3448-quick-discontect_130x.jpg?v=1683725702,"
      
    ",https://usr-content.s3.us-east-2.amazonaws.com/prepline/qd34-specsheet.pdf,https://usrbrands.com/products/prepline-3-4-x-60-gas-hose-connector-kit-with-quick-disconnect,https://usrbrands.com/products/prepline-3-4-x-60-gas-hose-connector-kit-with-quick-disconnect
"Prepline PWTG-3072-M 30""D x ""L Maple Flat Top Worktable with Undershelf",PWTG-3072-M,,PREPLINE,"
                            <ul>
<li>30"" x 72"" flat wood top work table</li>
<li>1 3/4"" thick solid maple wood top</li>
<li>Both undershelf and bullet feet are adjustable</li>
<li>Sockets are recessed into channel frame to prevent lateral movement</li>
<li>Anti-corrosion water-proof easy to clean and practical</li>
<li>Knock-down design easy to assemble</li>
<li>Installation kit included</li>
<li>18GA. galvanized undershelf and hat channel</li>
<li>Anti-wobble Leg and socket design</li>
<li>Plastic bullet feet<br>
</li>
</ul>
                          ",https://usrbrands.com/cdn/shop/files/pwtg-3072-m_maple_top_work_table_130x.jpg?v=1732534097,"
      The Prepline PWTG-372-M 30""D x 72""L maple wood top worktable is our most popular stainless steel worktable. This work table measures 30"" deep (front to back) and 48"" long (left to right), with an adjustable height from 34"" to 35"". The sturdy 1.75"" thick maple wood top provides a durable surface.
    ",https://usr-content.s3.us-east-2.amazonaws.com/prepline/pwtg-3072-m-specsheet.pdf,https://usrbrands.com/products/prepline-pwtg-3072-m-30d-x-l-maple-flat-top-worktable-with-undershelf,https://usrbrands.com/products/prepline-pwtg-3072-m-30d-x-l-maple-flat-top-worktable-with-undershelf
"Prepline PWTG-3048-M 30""D x 48""L Maple Top Worktable with Undershelf",PWTG-3048-M,,PREPLINE,"
                            <ul>
<li>30"" x 48"" flat wood top work table</li>
<li>1 3/4"" thick solid maple wood top</li>
<li>Both undershelf and bullet feet are adjustable</li>
<li>Sockets are recessed into channel frame to prevent lateral movement</li>
<li>Anti-corrosion water-proof easy to clean and practical</li>
<li>Knock-down design easy to assemble</li>
<li>Installation kit included</li>
<li>18GA. galvanized undershelf and hat channel</li>
<li>Anti-wobble Leg and socket design</li>
<li>Plastic bullet feet<br>
</li>
</ul>
                          ",https://usrbrands.com/cdn/shop/files/pwtg-3048-m_maple_top_work_table_130x.jpg?v=1732533993,"
      The Prepline PWTG-3048-M 30""D x 48""L maple wood top worktable is our most popular stainless steel worktable. This work table measures 30"" deep (front to back) and 48"" long (left to right), with an adjustable height from 34"" to 35"". The sturdy 1.75"" thick maple wood top provides a durable surface
    ",https://usr-content.s3.us-east-2.amazonaws.com/prepline/pwtg-3048-m-specsheet.pdf,https://usrbrands.com/products/prepline-pwtg-3048-m-30d-x-48l-maple-top-worktable-with-undershelf,https://usrbrands.com/products/prepline-pwtg-3048-m-30d-x-48l-maple-top-worktable-with-undershelf
"Prepline PWTG-3048-R 30""D x 72""L Wood Top Worktable with Undershelf",PWTG-3048-R,,PREPLINE,"
                            <ul>
<li>30"" x 48"" flat wood top work table</li>
<li>1 3/4"" thick solid Hevea hardwood top</li>
<li>Both undershelf and bullet feet are adjustable</li>
<li>Sockets are recessed into channel frame to prevent lateral movement</li>
<li>Anti-corrosion water-proof easy to clean and practical</li>
<li>Knock-down design easy to assemble</li>
<li>Installation kit included</li>
<li>18GA. galvanized undershelf and hat channel</li>
<li>Anti-wobble Leg and socket design</li>
<li>Plastic bullet feet<br>
</li>
</ul>
                          ",https://usrbrands.com/cdn/shop/files/pwtg-3048-r_rubber_top_work_table_70917153-7f35-4d5f-823d-d41a3eadd494_130x.jpg?v=1732533899,"
      The Prepline PWTG-3048-R 30""D x 48""L rubber wood top worktable is our most popular stainless steel worktable. This work table measures 30"" deep (front to back) and 48"" long (left to right), with an adjustable height from 34"" to 35"". The sturdy 1.75"" thick Hevea wood top provides a durable surface. 
    ",https://usr-content.s3.us-east-2.amazonaws.com/prepline/pwtg-3048-r-specsheet.pdf,https://usrbrands.com/products/prepline-pwtg-3072-r-30d-x-72l-wood-top-worktable-undershelf,https://usrbrands.com/products/prepline-pwtg-3072-r-30d-x-72l-wood-top-worktable-undershelf
"Prepline PWTG-3072-R 30""D x 72""L Wood Top Worktable with Undershelf",PWTG-3072-R,,PREPLINE,"
                            <ul>
<li>30"" x 72"" flat wood top work table</li>
<li>1 3/4"" thick solid Hevea hardwood top</li>
<li>Both undershelf and bullet feet are adjustable</li>
<li>Sockets are recessed into channel frame to prevent lateral movement</li>
<li>Anti-corrosion water-proof easy to clean and practical</li>
<li>Knock-down design easy to assemble</li>
<li>Installation kit included</li>
<li>18GA. galvanized undershelf and hat channel</li>
<li>Anti-wobble Leg and socket design</li>
<li>Plastic bullet feet<br>
</li>
</ul>
                          ",https://usrbrands.com/cdn/shop/files/pwtg-3072-r-rubber-top-work-table_130x.jpg?v=1732533792,"
      The Prepline PWTG-3072-R 30""D x 72""L rubber wood top worktable is our most popular stainless steel worktable. This work table measures 30"" deep (front to back) and 72"" long (left to right), with an adjustable height from 34"" to 35"". The sturdy 1.75"" thick Hevea wood top provides a durable surface. 
    ",https://usr-content.s3.us-east-2.amazonaws.com/prepline/pwtg-3072-r-specsheet.pdf,https://usrbrands.com/products/prepline-pwtg-3072-r-30d-x-72l-wood-top-worktable-with-undershelf,https://usrbrands.com/products/prepline-pwtg-3072-r-30d-x-72l-wood-top-worktable-with-undershelf
"Prepline 20"" X 30"" Stainless Steel Utility Trolley Cart with Rubber Wood Top and Undershelves",,,PREPLINE,"
                            <ul>
<li>Food preparation table and utility cart with wooden top and stainless steel base</li>
<li>1.75"" thick 20"" x 30"" solid rubber wood top</li>
<li>18"" x 28"" stainless steel undershelves</li>
<li>Removable utensil holder, 6""L x 10""W x 8""H</li>
<li>Stainless steel handle and base</li>
<li>Includes 4"" casters ( 4 with brake)</li>
<li>440 lb. topcapacity</li>
<li>165 lb. bottom / mid-shelf capacity</li>
<li>Easy to assemble<br>
</li>
</ul>
                          ",https://usrbrands.com/cdn/shop/files/wood-top-work-cart-side_130x.jpg?v=1731748690,"
      This Prepline stainless steel utility trolley cart is a stylish and functional addition to any workspace, featuring a rubber wood top that’s perfect for a variety of tasks. Its 20"" x 30"" solid rubber wood top, with a 1 3/4"" thickness, gives it a natural, warm appearance—perfect for creating an inviting prep space or displaying samples. Whether you're presenting appetizers at an event or preparing food at a supermarket, the wood surface adds a refined touch to the experience.
    ",https://usr-content.s3.us-east-2.amazonaws.com/prepline/pwtc-2030-specsheet.pdf,https://usrbrands.com/products/prepline-20-x-30-stainless-steel-utility-trolley-cart-with-rubber-wood-top-and-undershelves,https://usrbrands.com/products/prepline-20-x-30-stainless-steel-utility-trolley-cart-with-rubber-wood-top-and-undershelves
PHLM10B-T 10 Qt. Heavy Duty Gear Driven Planetary Mixer with Timer,PHLM10B-T,,PREPLINE,"
                            <ul>
<li>Planetary mixer</li>
<li>10 quart capacity</li>
<li>Heavy duty usage</li>
<li>For countertop and floor use</li>
<li>Aluminum body</li>
<li>Timer (0-30 minutes)</li>
<li>Stainless steel bowl</li>
<li>Stainless steel wire whip</li>
<li>Stainless steel safety guard</li>
<li>Aluminum beater</li>
<li>Aluminum hook<br>
</li>
</ul>
                          ",https://usrbrands.com/cdn/shop/files/phlm10b-t_2_130x.jpg?v=1724668698,"
      The Prepline commercial electric planetary mixer designed for heavy-duty use in a commercial kitchen. This planetary mixer will come through, however hard the job appears to be. Unique planetary mixing action ensures that all your ingredients mixed so you can prepare your recipes with ease. Whether you’re looking to mix the dough, cake ingredients, or cookie batters - the Prepline commercial planetary stand mixer makes the job super easy and better performance.
    ",https://usr-content.s3.us-east-2.amazonaws.com/prepline/phlm10b-t-specsheet.pdf,https://usrbrands.com/products/phlm10b-t-10-qt-heavy-duty-gear-driven-planetary-mixer-with-timer,https://usrbrands.com/products/phlm10b-t-10-qt-heavy-duty-gear-driven-planetary-mixer-with-timer
PHLM40B-T 40 Qt. Heavy Duty Gear Driven Planetary Mixer with Timer,PHLM40B-T,,PREPLINE,"
                            <ul>
<li>Planetary mixer</li>
<li>40 quart capacity</li>
<li>Shuts off automatically when safery guard is open and when bowl is lowered down</li>
<li>Heavy duty usage</li>
<li>Floor model usage</li>
<li>Cast iron body</li>
<li>Timer (0-30 minutes)</li>
<li>Stainless steel bowl</li>
<li>Stainless steel wire whip</li>
<li>Stainless steel safety guard</li>
<li>Aluminum beater</li>
<li>Aluminum hook<br>
</li>
</ul>
                          ",https://usrbrands.com/cdn/shop/files/phlm40b-t_2_1_130x.jpg?v=1724668596,"
      The Prepline commercial electric planetary mixer designed for heavy-duty use in a commercial kitchen. This planetary mixer will come through, however hard the job appears to be. Unique planetary mixing action ensures that all your ingredients mixed so you can prepare your recipes with ease. Whether you’re looking to mix the dough, cake ingredients, or cookie batters - the Prepline commercial planetary stand mixer makes the job super easy and better performance.
    ",https://usr-content.s3.us-east-2.amazonaws.com/prepline/phlm40b-t-specsheet.pdf,https://usrbrands.com/products/phlm40b-t-40-qt-heavy-duty-gear-driven-planetary-mixer-with-timer,https://usrbrands.com/products/phlm40b-t-40-qt-heavy-duty-gear-driven-planetary-mixer-with-timer
"Prepline 18"" X 24"" 77 lb. Stainless Steel Underbar Ice Bin, 12"" Bowl Depth",,,PREPLINE,"
                            <ul>
<li>High grade stainless steel body</li>
<li>Heavy-duty and durable</li>
<li>Wear-resisting corrosion resistance</li>
<li>All edges finished to provide safety</li>
<li>Leakproof and long life time</li>
<li>3"" backsplash</li>
<li>Sliding stainless steel lid included</li>
<li>18GA. 304 S/S bowl, top</li>
<li>20GA. 304 S/S back and body</li>
<li>Galvanized leg and socket</li>
<li>Plastic bullet feet</li>
<li>""H' shape leg bracing</li>
<li>Insulation cotton filling</li>
<li>Plastic bottle holder included</li>
<li>Carton box packing<br>
</li>
</ul>
                          ",https://usrbrands.com/cdn/shop/files/12-web1_2_130x.jpg?v=1724668460,"
      The Prepline PIB-Series Stainless Steel Underbar Ice bin with Backsplash has an overall high grade stainless steel construction. And features galvanized legs, corrosion ressitance, and is leak proof. 
    ",https://usr-content.s3.us-east-2.amazonaws.com/prepline/pib-series-specsheet.pdf,https://usrbrands.com/products/prepline-18-x-24-77-lb-stainless-steel-underbar-ice-bin-12-bowl-depth,https://usrbrands.com/products/prepline-18-x-24-77-lb-stainless-steel-underbar-ice-bin-12-bowl-depth
"PIB500-16 16"" Variable Speed Immersion Blender - 120V, 500W",PIB500-16,,PREPLINE,"
                            <ul>
<li>Stick blender</li>
<li>Tube length: 16""</li>
<li>Safety switch</li>
<li>Overload protection</li>
<li>Ergonomic handle for comfortable use</li>
<li>Full stainless steel stick and blade</li>
<li>Variable speed of 4000-16000RPM<br>
</li>
</ul>
                          ",https://usrbrands.com/cdn/shop/files/immersion-blender-pib500-16_130x.jpg?v=1724668348,"
      Purée, blend and crush gallons of soup, smoothies, and sauces to excellent texture with Prepline variable speed immersion blender, bringing efficiency to your kitchen as they can quickly and easily accomplish a variety of tasks - from whipping cream to chopping soft produce and making butter. 
    ",https://usr-content.s3.us-east-2.amazonaws.com/prepline/pib-specsheet.pdf,https://usr-content.s3.us-east-2.amazonaws.com/prepline/prepline-warranty.pdf,https://usrbrands.com/products/pib500-16-16-variable-speed-immersion-blender-120v-500w
"PIB750-16 16"" Variable Speed Immersion Blender - 120V, 750W",PIB750-16,,PREPLINE,"
                            <ul>
<li>Stick blender</li>
<li>Tube length: 16""</li>
<li>Safety switch</li>
<li>Overload protection</li>
<li>Ergonomic handle for comfortable use</li>
<li>Full stainless steel stick and blade</li>
<li>Variable speed of 8,000-20,000RPM<br>
</li>
</ul>
                          ",https://usrbrands.com/cdn/shop/files/immersion-blender-pib750-16_130x.jpg?v=1724668268,"
      Purée, blend and crush gallons of soup, smoothies, and sauces to excellent texture with Prepline variable speed immersion blender, bringing efficiency to your kitchen as they can quickly and easily accomplish a variety of tasks - from whipping cream to chopping soft produce and making butter. 
    ",https://usr-content.s3.us-east-2.amazonaws.com/prepline/pib-specsheet.pdf,https://usr-content.s3.us-east-2.amazonaws.com/prepline/prepline-warranty.pdf,https://usrbrands.com/products/pib750-16-16-variable-speed-immersion-blender-120v-750w
"PLS64 64"" Blade Meat & Bone Saw Stainless Steel Table Top",PLS64,,PREPLINE,"
                            <ul>
<li>Band saw</li>
<li>Table top compact design</li>
<li>64"" blade</li>
<li>Medium duty</li>
<li>6-1/2"" thick cutting capacity</li>
<li>8"" cutting clearance</li>
<li>Durable construction</li>
<li>1700 RPM</li>
<li>110v/60/1-ph</li>
<li>NEMA 5-15P power cord<br>
</li>
</ul>
                          ",https://usrbrands.com/cdn/shop/files/bone_saw_new_pic_2_130x.jpg?v=1724668052,"
      Prepline PLS64 64"" Blade Stainless Steel Table Top Meat & Bone Saw. This compact table top saw is designed for mid-sized butcher shops and restaurants. 
    ",https://usr-content.s3.us-east-2.amazonaws.com/prepline/pls64-specsheet.pdf,https://usrbrands.com/products/pls64-64-blade-meat-bone-saw-stainless-steel-table-top,https://usrbrands.com/products/pls64-64-blade-meat-bone-saw-stainless-steel-table-top
"PMT-2424 24"" Stainless Steel Mixer Stand with Marine Edge",PMT-2424,,PREPLINE,"
                            <ul>
<li>Mixer stand</li>
<li>18GA. 430 S/S top shelf with 3/8"" marine edge at four sides</li>
<li>18GA. undershelf and hat channel</li>
<li>leg and socket</li>
<li>Plastic bullet foot</li>
<li>High grade Stainless steel body</li>
<li>Heavy-duty and durable</li>
<li>Both undershelf and abs bullet feet are adjustable</li>
<li>Top reinforced with hat channel frame</li>
<li>Sound-deadening tape between channel frame and top</li>
<li>Sockets are recessed into channel frame to prevent lateral movement</li>
<li>Anti-corrosion water-proof easy to clean and practical</li>
<li>All edges finished to provide safety</li>
<li>Knock-down design easy to assemble</li>
<li>Installation kit included</li>
<li>Carton box packing<br>
</li>
</ul>
                          ",https://usrbrands.com/cdn/shop/files/pmt-2424-web_1_130x.jpg?v=1724667890,"
      24 inch L Mixer Stand with Adjustable Undershelf.
    ",https://usr-content.s3.us-east-2.amazonaws.com/prepline/pmt-2424-specsheet.pdf,https://usrbrands.com/products/pmt-2424-24-stainless-steel-mixer-stand-with-marine-edge,https://usrbrands.com/products/pmt-2424-24-stainless-steel-mixer-stand-with-marine-edge
"23"" Stainless Steel One Compartment Commercial Sink - 18"" x 18"" Bowl",,,PREPLINE,"
                            <ul class=""product attribute bullet-points-description hide-mobile"" data-mce-fragment=""1"">
<li>Commercial 1 Compartment Sink</li>
<li>Heavy Duty 304 Stainless Steel</li>
<li>18"" X 18"" X 11"" Bowl Size</li>
<li>Rolled Edges and Backsplash</li>
<li>Includes Basket and Drain</li>
<li>Adjustable Bullet Feet</li>
<li>Optional Cross Bracing</li>
<li>Pre-punched faucet holes, 8"" centers<br>
</li>
</ul>
                          ",https://usrbrands.com/cdn/shop/files/xs1c-1818_nd_primaryview_130x.jpg?v=1724666902,"
      Wash pots and pans or prep food with this Prepline XS1C-1818 23"" commercial stainless steel one compartment sink with no drainboard. Featuring a 18""L x 18""D bowl and no drainboard, this Prepline sink includes backsplash, rolled edges, adjustable feet under 16GA legs, pre-drilled faucet holes and comes with basket and drain. Prepline sinks are manufactured with heavy duty 304 stainless steel for a lifetime of durability in even the harshest commercial kitchens.
    ",https://usr-content.s3.us-east-2.amazonaws.com/prepline/xs1c-1818-specsheet.pdf,https://usrbrands.com/products/23-stainless-steel-one-compartment-commercial-sink-18-x-18-bowl,https://usrbrands.com/products/23-stainless-steel-one-compartment-commercial-sink-18-x-18-bowl
Prepline CU-15 103 Cup Stainless Steel Coffee Urn Percolator - 120V,CU-15,,PREPLINE,"
                            <ul>
<li>4 Gallon (15 Liter) coffee urn / coffee percolator</li>
<li>Can brew (103) 5-oz. cups per hour</li>
<li>Durable 304 stainless steel construction, polished finish</li>
<li>Cool-touch handle, twist-locking lid</li>
<li>Heating and keep-warm lights monitor temperatures with ease</li>
<li>Waterproof ON/OFF switch</li>
<li>Boil-dry protection fuse enhances safety features</li>
<li>Easy to read clear water level guage</li>
<li>Easy-pour lever and dripless faucet</li>
<li>Height to dispenser: 5""</li>
<li>120V plug and play</li>
<li>4' power cord with NEMA 5-15P plug<br>
</li>
</ul>
                          ",https://usrbrands.com/cdn/shop/files/prepline-water-boiler_1_130x.jpg?v=1722340164,"
      Perfect for catering events, hotels, church, cafeteria, and schools, the Prepline CU-15 4 gallon (103 cup) coffee urn / coffee percolator is designed to keep your coffee hot and fresh, maintaining its delicious flavor throughout your catering affair. Crafted from robust 304 stainless steel, each unit is equipped with a transparent water level gauge.
    ",https://usr-content.s3.us-east-2.amazonaws.com/prepline/cu15-specsheet.pdf,https://usrbrands.com/products/prepline-cu-15-103-cup-stainless-steel-coffee-urn-percolator-120v,https://usrbrands.com/products/prepline-cu-15-103-cup-stainless-steel-coffee-urn-percolator-120v
Prepline ITD-5GR 5 Gallon Round Stainless Steel Iced Tea Dispenser,ITD-5GR,,PREPLINE,"
                            <ul>
<li>Cylinder-style iced tea dispenser</li>
<li>5 gallon capacity</li>
<li>High-impact plastic, solid lid</li>
<li>304 stainless steel construction</li>
<li>Easy transport welded handles</li>
<li>No-drip faucet to maintain cleanliness at your beverage station</li>
<li>Height to dispenser: 7.28""</li>
<li>Ideal for convenience stores, buffets, or catered events</li>
<li>ETL-sanitation<br>
</li>
</ul>
                          ",https://usrbrands.com/cdn/shop/files/prepline-ice-tea-dispenser_1_130x.jpg?v=1722340011,"
      Whether you're managing a bustling diner or orchestrating a catered affair, this iced tea dispenser is your go-to solution. Crafted with durability in mind, its 304 stainless steel construction ensures longevity, perfect for high-traffic commercial settings.The sleek, round design not only catches the eye but also makes it easily identifiable amidst your beverage setup.
    ",https://usr-content.s3.us-east-2.amazonaws.com/prepline/itd-5gr-specsheet.pdf,https://usrbrands.com/products/prepline-itd-5gr-5-gallon-round-stainless-steel-iced-tea-dispenser,https://usrbrands.com/products/prepline-itd-5gr-5-gallon-round-stainless-steel-iced-tea-dispenser
Prepline MIX2-SS 3.5 HP Variable Speed Commercial Blender with 1 Gallon Stainless Steel Container - 110V,MIX2-SS,,PREPLINE,"
                            <ul>
<li>Commercial blender with 1 gallon stainless steel jar</li>
<li>Heavy-duty 420J stainless steel blades</li>
<li>Toggle controls simplify the operation for effortless use</li>
<li>Variable speed control provides a variety of texture options</li>
<li>A convenient pulse switch for instant ""High"" speed operation</li>
<li>Durable BPA-free container</li>
<li>Current protector thermal protector</li>
<li>3.5HP, 26,000 RPM motor</li>
<li>2-piece lid design</li>
<li>A handy stirring rod included</li>
<li>Grey exterior base<br>
</li>
</ul>
                          ",https://usrbrands.com/cdn/shop/files/bl40-commercial-blender-front_130x.jpg?v=1722339330,"
      This Prepline MIX2-SS 3.5 HP commercial blender, with its large 1 gallon stainless steel container, is designed for high-volume blending without the need for frequent refills. Its variable speed functionality allows for customized blending consistency to suit a wide range of recipes and preferences. 
    ",https://usr-content.s3.us-east-2.amazonaws.com/prepline/mix2-ss-specsheet.pdf,https://usr-content.s3.us-east-2.amazonaws.com/prepline/prepline-warranty.pdf,https://usrbrands.com/products/prepline-mix2-ss-3-5-hp-variable-speed-commercial-blender-with-1-gallon-stainless-steel-container-110v
Prepline MIX1-64 3.5 HP Variable Speed Commercial Blender with 64oz Container - 110V,MIX1-64,,PREPLINE,"
                            <ul>
<li>64 oz. Capacity Commercial Blender</li>
<li>Heavy-duty 420J stainless steel blades</li>
<li>Toggle controls simplify the operation for effortless use</li>
<li>Variable speed control provides a variety of texture options</li>
<li>A convenient pulse switch for instant ""High"" speed operation</li>
<li>Clear Tritan container allows for easy product visibility</li>
<li>Durable BPA-free container</li>
<li>Current protector thermal protector</li>
<li>3.5HP, 26,000 RPM motor</li>
<li>2-piece lid design</li>
<li>A handy stirring rod included</li>
<li>White exterior base<br>
</li>
</ul>
                          ",https://usrbrands.com/cdn/shop/files/bl20-commercial-blender-front_130x.jpg?v=1722339095,"
      This Prepline MIX1-64 3.5 HP commercial blender, with its large 64-ounce Tritan™ container, is designed for high-volume blending without the need for frequent refills. Its variable speed functionality allows for customized blending consistency to suit a wide range of recipes and preferences. 
    ",https://usr-content.s3.us-east-2.amazonaws.com/prepline/mix1-64-specsheet.pdf,https://usr-content.s3.us-east-2.amazonaws.com/prepline/prepline-warranty.pdf,https://usrbrands.com/products/prepline-bl20-3-5-hp-variable-speed-commercial-blender-with-64oz-container-110v
"Prepline 19"" Stainless Steel One Compartment Commercial Sink - 14"" x 16"" Bowl",,,PREPLINE,"
                            <ul data-mce-fragment=""1"" class=""product attribute bullet-points-description hide-mobile"">
<li>Commercial 1 Compartment Sink</li>
<li>Heavy Duty Stainless Steel</li>
<li>14"" X 16"" X 11"" Bowl Size</li>
<li>Includes Basket and Drain</li>
<li>Adjustable Bullet Feet</li>
<li>Optional Cross Bracing</li>
<li>Pre-punched faucet holes, 8"" centers<br>
</li>
</ul>
                          ",https://usrbrands.com/cdn/shop/files/Image_1_599_130x.jpg?v=1716459498,"
      Wash pots and pans or prep food with this Prepline XS1C-1416 19"" commercial stainless steel one compartment sink with left drainboard. Featuring a 14""L x 16""D bowl and left drainboard, this Prepline sink includes backsplash, rolled edges, adjustable feet under 16GA legs, pre-drilled faucet holes and comes with basket and drain. Prepline sinks are manufactured with heavy duty 304 stainless steel for a lifetime of durability in even the harshest commercial kitchens.
    ",https://usr-content.s3.us-east-2.amazonaws.com/prepline/xs1c-1416-specsheet.pdf,https://usrbrands.com/products/prepline-19-stainless-steel-one-compartment-commercial-sink-14-x-16-bowl,https://usrbrands.com/products/prepline-19-stainless-steel-one-compartment-commercial-sink-14-x-16-bowl
"Prepline 46"" x 48"" Pallet Rack Wire Decking, Galvanized Steel",,,PREPLINE,"
                            <ul class=""product attribute bullet-points-description hide-mobile"" data-mce-fragment=""1"">
<li>Welded Wire Decking</li>
<li>Resists Rust and Corrosion</li>
<li>Includes 3 Support Channels</li>
<li>Holds up to 2,500 lb.</li>
<li>Easily Assembly, No Tools Required</li>
</ul>
                          ",https://usrbrands.com/cdn/shop/files/wire-decking-pallet-rack-top_130x.jpg?v=1708507129,"
      Utilize the Prepline WIREDECK-4648, a 46"" x 48"" galvanized steel welded wire pallet, to bolster the strength of your pallet racking system. Featuring (3) 13-gauge U-channels, this pallet effectively prevents pallets and products from slipping through rack beams. It is easy to install and remove, simplifying the process of adjusting and reconfiguring storage systems.
    ",https://usr-content.s3.us-east-2.amazonaws.com/prepline/tpr-9648-s-specsheet.pdf,https://usrbrands.com/products/prepline-46-x-48-pallet-rack-wire-decking-galvanized-steel,https://usrbrands.com/products/prepline-46-x-48-pallet-rack-wire-decking-galvanized-steel
"Prepline 96"" x 48"" x 96"" Green, Orange Heavy-Duty Teardrop Pallet Rack Starter",,,PREPLINE,"
                            <ul class=""product attribute bullet-points-description hide-mobile"" data-mce-fragment=""1"">
<li>Teardrop Pallet Rack Starter</li>
<li>Bolted 14-Gauge Steel Frame</li>
<li>2 Upright Frames and 4 Beams</li>
<li>2"" Vertical Adjustment</li>
<li>Beam Cap: 5,500 lb./pair</li>
<li>Wire Decking Available</li>
</ul>
                          ",https://usrbrands.com/cdn/shop/files/pallet-rack-teardrop-starter_130x.jpg?v=1741254873,"
      Maximize your warehouse space with the Prepline 96"" x 48"" x 96"" green/orange heavy-duty teardrop pallet rack add-on. This roll-formed pallet rack features a high-strength steel frame with a powder coating for long-lasting durability. It includes 2 upright frames and 4 shelf beams, offering high-capacity storage for your heaviest pallet loads.
    ",https://usr-content.s3.us-east-2.amazonaws.com/prepline/tpr-9648-s-specsheet.pdf,https://usrbrands.com/products/prepline-96-x-48-x-96-green-orange-heavy-duty-teardrop-pallet-rack-starter,https://usrbrands.com/products/prepline-96-x-48-x-96-green-orange-heavy-duty-teardrop-pallet-rack-starter
"Prepline PT-4S 4 Slice Commercial Toaster - 1.5"" Slots, 120V",PT-4S,,PREPLINE,"
                            <ul>
<li>Commercial Pop-Up Toaster</li>
<li>120V/60Hz/1ph</li>
<li>15 A, 1800 W</li>
<li>Toasts up to 225 Slices per Hour</li>
<li>Includes 2 Removable Crumb Trays</li>
<li>Adjustable browning controls</li>
<li>Stainless Steel Body</li>
<li>NEMA 5-15P plug</li>
</ul>
                          ",https://usrbrands.com/cdn/shop/files/pt4s-4-slice-commercial-toaster_130x.jpg?v=1706103415,"
      Crafted for commercial settings, this Prepline slot toaster w/ 4 slice capacity is ideal for routine usage in standard-duty scenarios. The 1 1/2"" wide slots allow for toasting thicker items such as Texas toast or bagels, enhancing the versatility of your kitchen and menu. 
    ",https://usr-content.s3.us-east-2.amazonaws.com/prepline/pt-4s-specsheet.pdf,https://usr-content.s3.us-east-2.amazonaws.com/prepline/prepline-warranty.pdf,https://usr-content.s3.us-east-2.amazonaws.com/prepline/pt-4s-manual.pdf
Prepline FD-10R Stainless Steel Food Dehydrator with 10 Racks - 120V,FD-10R,,PREPLINE,"
                            <ul>
<li>10-tray food dehydrator</li>
<li>Stainless steel structure</li>
<li>85F to 160F temperature range</li>
<li>12 hour timer in 1-hour increments</li>
<li>Advanced air flow design for even dehydrating</li>
<li>On/Off power switch</li>
<li>10 shelves included</li>
<li>Removable door</li>
</ul>
                          ",https://usrbrands.com/cdn/shop/files/pt-4s-food-dehydrator-back_130x.jpg?v=1706102991,"
      The Prepline electric food dehydrator is perfect for drying a diverse array of foods, including fruits, vegetables, jerky, and granola. Its horizontal airflow ensures even distribution, expediting the drying process for enhanced flavor
    ",https://usr-content.s3.us-east-2.amazonaws.com/prepline/fd-10r-specsheet.pdf,https://usr-content.s3.us-east-2.amazonaws.com/prepline/prepline-warranty.pdf,https://usr-content.s3.us-east-2.amazonaws.com/prepline/fd-10r-manual.pdf
"Prepline GP-5B Commercial 5-Brush Electric Glass Polisher, 120V",GP-5B,,PREPLINE,"
                            <ul>
<li>Stainless steel structure</li>
<li>120F to 400F temperature range ( blow tube)</li>
<li>(5) Microfiber polishing brushes with 230 RPM</li>
<li>Polishes up to 330 glasses per hour</li>
<li>Hot air blower to dry glassware</li>
<li>Standard 120V, NEMA 5-15P plug</li>
<li>Simple on/off button</li>
<li>No polishing liquid required</li>
<li>Built in handles</li>
<li>Rubber feet</li>
</ul>
                          ",https://usrbrands.com/cdn/shop/files/gp-5b-glass-polisher_130x.jpg?v=1706102719,"
      Revitalize your glassware effortlessly with the Prepline 5-brush commercial glass polisher. Boasting five expertly designed polishing brushes and a powerful hot air blower, this efficient polisher not only dries glassware but also leaves it with a dazzling crystal-clear finish that guests will admire. 
    ",https://usr-content.s3.us-east-2.amazonaws.com/prepline/gp-5b-specsheet.pdf,https://usr-content.s3.us-east-2.amazonaws.com/prepline/prepline-warranty.pdf,https://usr-content.s3.us-east-2.amazonaws.com/prepline/gp-5b-manual.pdf
"Prepline CW3-5 3.5 Qt. Cheese Warmer with Pump And Heating Spout, 120V",CW3-5,,PREPLINE,"
                            <ul>
<li>Hot Fudge, Cheese Warmer</li>
<li>Stainless steel structure</li>
<li>120V / 60HZ / 1ph</li>
<li>4.6Amps / 550W</li>
<li>with heated spout and pump</li>
<li>1 compartment warmer</li>
<li>Manual temperature control with 7 settings</li>
<li>Rubber feet</li>
</ul>
                          ",https://usrbrands.com/cdn/shop/files/cw3-5-commercial-cheese-warmer_130x.jpg?v=1706102465,"
      Keep your toppings or condiments consistently hot and ready for easy dispensing with this Prepline 3.5 qt. warmer. It features variable heat control for swift warm-up, along with a pump-style mechanism and a heated spout, ensuring the effortless dispensing of delectably hot cheese.
    ",https://usr-content.s3.us-east-2.amazonaws.com/prepline/cw3-5-specsheet.pdf,https://usr-content.s3.us-east-2.amazonaws.com/prepline/prepline-warranty.pdf,https://usr-content.s3.us-east-2.amazonaws.com/prepline/cw3-5manual.pdf
"PDOS-92P Stainless Steel Double Overshelf - 14"" x 92""",PDOS-92P,,PREPLINE,"
                            <ul>
<li>High grade stainless steel body</li>
<li>Heavy duty and durable</li>
<li>Anti-corrosion</li>
<li>Waterproof</li>
<li>Easy to clean</li>
<li>All edges finished to provide safety burr free</li>
<li>Easy to assemble</li>
<li>Pre-drilled mounting holes</li>
</ul>
                          ",https://usrbrands.com/cdn/shop/files/double-overshelf-DPOS90_130x.jpg?v=1684234461,"
      This Prepline 14""W x 92""L double tier over shelf constructed from 18 gauge stainless for extended durability and use. With a double shelf design storing and organization cooking items add valuable storage space to your commercial kitchen.
    ",https://usr-content.s3.us-east-2.amazonaws.com/prepline/pdos-p-specsheet.pdf,https://usrbrands.com/products/pdos-92p-stainless-steel-double-overshelf-14-x-92,https://usrbrands.com/products/pdos-92p-stainless-steel-double-overshelf-14-x-92
"PDOS-72P Stainless Steel Double Overshelf - 14"" x 70""",PDOS-72P,,PREPLINE,"
                            <ul>
<li>High grade stainless steel body</li>
<li>Heavy duty and durable</li>
<li>Anti-corrosion</li>
<li>Waterproof</li>
<li>Easy to clean</li>
<li>All edges finished to provide safety burr free</li>
<li>Easy to assemble</li>
<li>Pre-drilled mounting holes</li>
</ul>
                          ",https://usrbrands.com/cdn/shop/files/double-overshelf-DPOS70_130x.jpg?v=1684234413,"
      This Prepline 14""W x 70""L double tier over shelf constructed from 18 gauge stainless for extended durability and use. With a double shelf design storing and organization cooking items add valuable storage space to your commercial kitchen.
    ",https://usr-content.s3.us-east-2.amazonaws.com/prepline/pdos-p-specsheet.pdf,https://usrbrands.com/products/pdos-72p-stainless-steel-double-overshelf-14-x-70,https://usrbrands.com/products/pdos-72p-stainless-steel-double-overshelf-14-x-70
"PDOS-44P Stainless Steel Double Overshelf - 14"" x 44""",PDOS-44P,,PREPLINE,"
                            <ul>
<li>High grade stainless steel body</li>
<li>Heavy duty and durable</li>
<li>Anti-corrosion</li>
<li>Waterproof</li>
<li>Easy to clean</li>
<li>All edges finished to provide safety burr free</li>
<li>Easy to assemble</li>
<li>Pre-drilled mounting holes</li>
</ul>
                          ",https://usrbrands.com/cdn/shop/files/double-overshelf-DPOS48_130x.jpg?v=1684234307,"
      This Prepline 14""W x 44""L double tier over shelf constructed from 18 gauge stainless for extended durability and use. With a double shelf design storing and organization cooking items add valuable storage space to your commercial kitchen.
    ",https://usr-content.s3.us-east-2.amazonaws.com/prepline/pdos-p-specsheet.pdf,https://usrbrands.com/products/pdos-44p-stainless-steel-double-overshelf-14-x-44,https://usrbrands.com/products/pdos-44p-stainless-steel-double-overshelf-14-x-44
"Prepline 18"" x 36"" 98 lb. Underbar Ice Bin with 7 Circuit Cold Plate and Bottle Holders",,,PREPLINE,"
                            <ul>
<li>Overall high grade stainless steel construction</li>
<li>20GA. 304 Stainless steel body</li>
<li>Galvanized legs</li>
<li>Free standing popular mode</li>
<li>All edges finished to provide safety burr free</li>
<li>Wear-resisting</li>
<li>Corrosion resistance</li>
<li>Leakproof for long life usage</li>
<li>Easy to assemble</li>
<li>Five-side foaming to maintain temperature in the tank</li>
<li>7 Circuit Post-Mix Cold Plate</li>
</ul>
                          ",https://usrbrands.com/cdn/shop/files/ice-bin-with-7-circuit_6a748b30-4be1-4ef8-a7ad-9031e8814ea4_130x.jpg?v=1684234178,"
      The Prepline PIB-Series Stainless Steel Underbar Ice bin with Backsplash has an overall high grade stainless steel construction. And features galvanized legs, corrosion ressitance, and is leak proof. 
    ",https://usr-content.s3.us-east-2.amazonaws.com/prepline/pib1836-7cpt-specsheet.pdf,https://usrbrands.com/products/prepline-18-x-36-98-lb-underbar-ice-bin-with-7-circuit-cold-plate-and-bottle-holders,https://usrbrands.com/products/prepline-18-x-36-98-lb-underbar-ice-bin-with-7-circuit-cold-plate-and-bottle-holders
"Prepline 18"" x 30"" 98 lb. Underbar Ice Bin with 7 Circuit Cold Plate and Bottle Holders",,,PREPLINE,"
                            <ul>
<li>Overall high grade stainless steel construction</li>
<li>20GA. 304 Stainless steel body</li>
<li>Galvanized legs</li>
<li>Free standing popular mode</li>
<li>All edges finished to provide safety burr free</li>
<li>Wear-resisting</li>
<li>Corrosion resistance</li>
<li>Leakproof for long life usage</li>
<li>Easy to assemble</li>
<li>Five-side foaming to maintain temperature in the tank</li>
<li>7 Circuit Post-Mix Cold Plate</li>
</ul>
                          ",https://usrbrands.com/cdn/shop/files/ice-bin-with-7-circuit_ddf0018f-9fa1-4cb0-9f1b-f9c2abcfd13d_130x.jpg?v=1684234050,"
      The Prepline PIB-Series Stainless Steel Underbar Ice bin with Backsplash has an overall high grade stainless steel construction. And features galvanized legs, corrosion ressitance, and is leak proof. 
    ",https://usr-content.s3.us-east-2.amazonaws.com/prepline/pib1830-7cpt-specsheet.pdf,https://usrbrands.com/products/prepline-18-x-30-98-lb-underbar-ice-bin-with-7-circuit-cold-plate-and-bottle-holders,https://usrbrands.com/products/prepline-18-x-30-98-lb-underbar-ice-bin-with-7-circuit-cold-plate-and-bottle-holders
"Prepline 18"" x 24"" 77 lb. Underbar Ice Bin with 7 Circuit Cold Plate and Bottle Holders",,,PREPLINE,"
                            <ul>
<li>Overall high grade stainless steel construction</li>
<li>20GA. 304 Stainless steel body</li>
<li>Galvanized legs</li>
<li>Free standing popular mode</li>
<li>All edges finished to provide safety burr free</li>
<li>Wear-resisting</li>
<li>Corrosion resistance</li>
<li>Leakproof for long life usage</li>
<li>Easy to assemble</li>
<li>Five-side foaming to maintain temperature in the tank</li>
<li>7 Circuit Post-Mix Cold Plate</li>
</ul>
                          ",https://usrbrands.com/cdn/shop/files/ice-bin-with-7-circuit_130x.jpg?v=1684233875,"
      The Prepline PIB-Series Stainless Steel Underbar Ice bin with Backsplash has an overall high grade stainless steel construction. And features galvanized legs, corrosion ressitance, and is leak proof. 
    ",https://usr-content.s3.us-east-2.amazonaws.com/prepline/pib1824-7cpt-specsheet.pdf,https://usrbrands.com/products/prepline-18-x-24-77-lb-underbar-ice-bin-with-7-circuit-cold-plate-and-bottle-holders,https://usrbrands.com/products/prepline-18-x-24-77-lb-underbar-ice-bin-with-7-circuit-cold-plate-and-bottle-holders
"Prepline 3/4"" x 48"" Gas Hose Connector Kit with Quick Disconnect",,,PREPLINE,"
                            <ul>
<li>Gas hose connection kit</li>
<li>Orange exterior</li>
<li>48"" long x 3/4"" quick disconnect</li>
<li>Includes hose (1 PC)</li>
<li>Quick disconnect (1 PC)</li>
<li>Elbow (2 PCS)</li>
<li>Restraining cable (1 PC)</li>
<li>Full port valve (1 PC)</li>
<li>Nat Gas and LP compatible</li>
<li>Not approved for use outdoors or with portable LP tanks</li>
</ul>
                          ",https://usrbrands.com/cdn/shop/files/qd3448-quick-discontect_130x.jpg?v=1683725702,"
      
    ",https://usr-content.s3.us-east-2.amazonaws.com/prepline/qd34-specsheet.pdf,https://usrbrands.com/products/copy-of-p-efgc-034-36-3-4-x-36-gas-hose-connector-kit-with-quick-disconnect-nsf-1,https://usrbrands.com/products/copy-of-p-efgc-034-36-3-4-x-36-gas-hose-connector-kit-with-quick-disconnect-nsf-1
Prepline SPR-16-INS 16-Pan Full Size End Loading Insert Aluminum Sheet Pan Rack for Commercial Reach-Ins Refrigerators / Freezers,SPR-16-INS,,PREPLINE,"
                            <ul>
<li>Full-size sheet pan rack no wheels</li>
<li>Heavy-duty aluminum construction</li>
<li>16 full-size pans capacity</li>
<li>Sturdy tubular frame</li>
<li>30 lb. shelf capacity with 480 lb. total weights)</li>
</ul>
                          ",https://usrbrands.com/cdn/shop/products/spr-16kd-in_130x.jpg?v=1680519057,"
      The Prepline 16-tier pan rack can hold up to 16 full size or 32 half-size sheets pan with 3-inch clearance between each pan. Heavy-duty corrosion-resistant welded aluminum for long-lasting use.
    ",https://usrbrands.com/products/prepline-spr-16-ins-16-pan-full-size-end-loading-insert-aluminum-sheet-pan-rack-for-commercial-reach-ins-refrigerators-freezers,https://usrbrands.com/products/prepline-spr-16-ins-16-pan-full-size-end-loading-insert-aluminum-sheet-pan-rack-for-commercial-reach-ins-refrigerators-freezers,https://usrbrands.com/products/prepline-spr-16-ins-16-pan-full-size-end-loading-insert-aluminum-sheet-pan-rack-for-commercial-reach-ins-refrigerators-freezers
"PC-1872 18""D x 72""L Stainless Steel Enclosed Base Work Table with Sliding Doors and Adjustable Shelf",PC-1872,,PREPLINE,"
                            <ul>
<li>Storage Cabinet</li>
<li>Enclosed with sliding doors</li>
<li>72""W x 18""D x 36""H</li>
<li>18GA./430 stainless steel top, hat channel, pilaster strip</li>
<li>18GA./430 stainless steel back, side, bottom and shelf</li>
<li>18GA./430 stainless steel legs and bullet feet</li>
<li>20GA./430 stainless steel sliding doors with recessed handle</li>
<li>Knock-down packaging</li>
</ul>
                          ",https://usrbrands.com/cdn/shop/products/18x72-door-open_130x.jpg?v=1679388481,"
      The Prepline PC series enclosed base worktable is ideal equipment for a busy commercial kitchen. With an ample stainless steel top work area, there is more than enough room to place small appliances such as a blender, meat slicer, or use it as a prep station. The sliding doors with recessed handle can conceal kitchen contents for storage. Need more space? The mid-shelf is adjustable and removable. Unleveled floor, no worries, the bullet feet adjust up and down with a twist.
    ",https://usr-content.s3.us-east-2.amazonaws.com/prepline/pc-1872-specsheet.pdf,https://usrbrands.com/products/pc-1872-18d-x-72l-stainless-steel-enclosed-base-work-table-with-sliding-doors-and-adjustable-shelf,https://usrbrands.com/products/pc-1872-18d-x-72l-stainless-steel-enclosed-base-work-table-with-sliding-doors-and-adjustable-shelf
"PC-1860 18""D x 60""L Stainless Steel Enclosed Base Work Table with Sliding Doors and Adjustable Shelf",PC-1860,,PREPLINE,"
                            <ul>
<li>Storage Cabinet</li>
<li>Enclosed with sliding doors</li>
<li>60""W x 18""D x 36""H</li>
<li>18GA./430 stainless steel top, hat channel, pilaster strip</li>
<li>18GA./430 stainless steel back, side, bottom and shelf</li>
<li>18GA./430 stainless steel legs and bullet feet</li>
<li>20GA./430 stainless steel sliding doors with recessed handle</li>
<li>Knock-down packaging</li>
</ul>
                          ",https://usrbrands.com/cdn/shop/products/18x60-open-door_130x.jpg?v=1679388120,"
      The Prepline PC series enclosed base worktable is ideal equipment for a busy commercial kitchen. With an ample stainless steel top work area, there is more than enough room to place small appliances such as a blender, meat slicer, or use it as a prep station. The sliding doors with recessed handle can conceal kitchen contents for storage. Need more space? The mid-shelf is adjustable and removable. Unleveled floor, no worries, the bullet feet adjust up and down with a twist.
    ",https://usr-content.s3.us-east-2.amazonaws.com/prepline/pc-1860-specsheet.pdf,https://usrbrands.com/products/pc-1860-18d-x-60l-stainless-steel-enclosed-base-work-table-with-sliding-doors-and-adjustable-shelf,https://usrbrands.com/products/pc-1860-18d-x-60l-stainless-steel-enclosed-base-work-table-with-sliding-doors-and-adjustable-shelf
"PC-1848 18""D x 48""L Stainless Steel Enclosed Base Work Table with Sliding Doors and Adjustable Shelf",PC-1848,,PREPLINE,"
                            <ul>
<li>Storage Cabinet</li>
<li>Enclosed with sliding doors</li>
<li>48""W x 18""D x 36""H</li>
<li>18GA./430 stainless steel top, hat channel, pilaster strip</li>
<li>18GA./430 stainless steel back, side, bottom and shelf</li>
<li>18GA./430 stainless steel legs and bullet feet</li>
<li>20GA./430 stainless steel sliding doors with recessed handle</li>
<li>Knock-down packaging</li>
</ul>
                          ",https://usrbrands.com/cdn/shop/products/18x48-open-door_130x.jpg?v=1679387801,"
      The Prepline PC series enclosed base worktable is ideal equipment for a busy commercial kitchen. With an ample stainless steel top work area, there is more than enough room to place small appliances such as a blender, meat slicer, or use it as a prep station. The sliding doors with recessed handle can conceal kitchen contents for storage. Need more space? The mid-shelf is adjustable and removable. Unleveled floor, no worries, the bullet feet adjust up and down with a twist.
    ",https://usr-content.s3.us-east-2.amazonaws.com/prepline/pc-1848-specsheet.pdf,https://usrbrands.com/products/pc-1848-18d-x-48l-stainless-steel-enclosed-base-work-table-with-sliding-doors-and-adjustable-shelf,https://usrbrands.com/products/pc-1848-18d-x-48l-stainless-steel-enclosed-base-work-table-with-sliding-doors-and-adjustable-shelf
"PC-1836 18""D x 36""L Stainless Steel Enclosed Base Work Table with Sliding Doors and Adjustable Shelf",PC-1836,,PREPLINE,"
                            <ul>
<li>Storage Cabinet</li>
<li>Enclosed with sliding doors</li>
<li>36""W x 18""D x 36""H</li>
<li>18GA./430 stainless steel top, hat channel, pilaster strip</li>
<li>18GA./430 stainless steel back, side, bottom and shelf</li>
<li>18GA./430 stainless steel legs and bullet feet</li>
<li>20GA./430 stainless steel sliding doors with recessed handle</li>
<li>Knock-down packaging</li>
</ul>
                          ",https://usrbrands.com/cdn/shop/products/18x36-open-door_130x.jpg?v=1679387524,"
      The Prepline PC series enclosed base worktable is ideal equipment for a busy commercial kitchen. With an ample stainless steel top work area, there is more than enough room to place small appliances such as a blender, meat slicer, or use it as a prep station. The sliding doors with recessed handle can conceal kitchen contents for storage. Need more space? The mid-shelf is adjustable and removable. Unleveled floor, no worries, the bullet feet adjust up and down with a twist.
    ",https://usr-content.s3.us-east-2.amazonaws.com/prepline/pc-1836-specsheet.pdf,https://usrbrands.com/products/pc-1836-18d-x-36l-stainless-steel-enclosed-base-work-table-with-sliding-doors-and-adjustable-shelf,https://usrbrands.com/products/pc-1836-18d-x-36l-stainless-steel-enclosed-base-work-table-with-sliding-doors-and-adjustable-shelf
Prepline OS-2528 Stainless Steel Oven Stand with Cooling Racks and Casters,OS-2528,,PREPLINE,"
                            <ul>
<li>Convection Oven Stand</li>
<li>Fits Moffat E32D5/G32D5</li>
<li>Built in Cooling Racks</li>
<li>Fits (6) 18"" x 26"" Sheet Pans</li>
<li>3"" Casters included</li>
<li>Stainless Steel Construction</li>
<li>Heavy-duty usage</li>
<li>(4) swivel casters (2 with brakes)</li>
</ul>
                          ",https://usrbrands.com/cdn/shop/products/os-2528-oven-stand_1_130x.jpg?v=1679368131,"
      Move sheet pans from your convection oven to built in cooling racks with this Prepline OS-2528 25"" x 28"" stainless steel oven stand.  Constructed of durable stainless steel, it is engineered to withstand the wear and tear commercial environments. It features 6 position tray runners suitable for full size sheet pans, providing perfect space to keep products fresh out of the oven until they are cool.
    ",https://usr-content.s3.us-east-2.amazonaws.com/prepline/os-2528-specsheet.pdf,https://usrbrands.com/products/prepline-os-2528-stainless-steel-oven-stand-with-cooling-racks-and-casters,https://usrbrands.com/products/prepline-os-2528-stainless-steel-oven-stand-with-cooling-racks-and-casters
"Prepline 54"" Stainless Steel One Compartment Commercial Sink with Left and Right Drainboard - 18"" x 18"" Bowl",,,PREPLINE,"
                            <ul data-mce-fragment=""1"" class=""product attribute bullet-points-description hide-mobile"">
<li>Commercial 1 Compartment Sink</li>
<li>Heavy Duty 304 Stainless Steel</li>
<li>18"" X 18"" X 12"" Bowl Size</li>
<li>Rolled Edges and Backsplash</li>
<li>Includes Basket and Drain</li>
<li>Adjustable Bullet Feet</li>
<li>Optional Cross Bracing</li>
<li>Pre-punched faucet holes, 8"" centers</li>
</ul>
                          ",https://usrbrands.com/cdn/shop/products/xs1c-1818_lr_primaryview_130x.jpg?v=1668169078,"
      Wash pots and pans or prep food with this Prepline XS1C-1818-LR 54"" commercial stainless steel one compartment sink with left and right drainboard. Featuring a 18""L x 18""D bowl and left and right drainboard, this Prepline sink includes backsplash, rolled edges, adjustable feet under 16GA legs, pre-drilled faucet holes and comes with basket and drain. Prepline sinks are manufactured with heavy duty 304 stainless steel for a lifetime of durability in even the harshest commercial kitchens.
    ",https://usr-content.s3.us-east-2.amazonaws.com/prepline/xs1c-1818-lr-specsheet.pdf,https://usrbrands.com/products/prepline-54-stainless-steel-one-compartment-commercial-sink-with-left-and-right-drainboard-18-x-18-bowl,https://usrbrands.com/products/prepline-54-stainless-steel-one-compartment-commercial-sink-with-left-and-right-drainboard-18-x-18-bowl
"Prepline 38"" Stainless Steel One Compartment Commercial Sink with Left and Right Drainboard - 14"" x 16"" Bowl",,,PREPLINE,"
                            <ul data-mce-fragment=""1"" class=""product attribute bullet-points-description hide-mobile"">
<li>Commercial 1 Compartment Sink</li>
<li>Heavy Duty 304 Stainless Steel</li>
<li>14"" X 16"" X 11"" Bowl Size</li>
<li>Rolled Edges and Backsplash</li>
<li>Includes Basket and Drain</li>
<li>Adjustable Bullet Feet</li>
<li>Optional Cross Bracing</li>
<li>Pre-punched faucet holes, 8"" centers</li>
</ul>
                          ",https://usrbrands.com/cdn/shop/products/xs1c-1416_lr_primaryview_130x.jpg?v=1668169116,"
      Wash pots and pans or prep food with this Prepline XS1C-1416-LR 38"" commercial stainless steel one compartment sink with left and right drainboard. Featuring a 14""L x 16""D bowl with left and right drainboard, this Prepline sink includes backsplash, rolled edges, adjustable feet under 16GA legs, pre-drilled faucet holes and comes with basket and drain. Prepline sinks are manufactured with heavy duty 304 stainless steel for a lifetime of durability in even the harshest commercial kitchens.
    ",https://usr-content.s3.us-east-2.amazonaws.com/prepline/xs1c-1416-lr-specsheet.pdf,https://usrbrands.com/products/prepline-38-stainless-steel-one-compartment-commercial-sink-with-left-and-right-drainboard-14-x-16-bowl,https://usrbrands.com/products/prepline-38-stainless-steel-one-compartment-commercial-sink-with-left-and-right-drainboard-14-x-16-bowl
"Prepline 38"" Stainless Steel One Compartment Commercial Sink with Left Drainboard - 18"" x 18"" Bowl",,,PREPLINE,"
                            <ul data-mce-fragment=""1"" class=""product attribute bullet-points-description hide-mobile"">
<li>Commercial 1 Compartment Sink</li>
<li>Heavy Duty 304 Stainless Steel</li>
<li>18"" X 18"" X 12"" Bowl Size</li>
<li>Rolled Edges and Backsplash</li>
<li>Includes Basket and Drain</li>
<li>Adjustable Bullet Feet</li>
<li>Optional Cross Bracing</li>
<li>Pre-punched faucet holes, 8"" centers</li>
</ul>
                          ",https://usrbrands.com/cdn/shop/products/xs1c-1818_l_primaryview_130x.jpg?v=1668168471,"
      Wash pots and pans or prep food with this Prepline XS1C-1818-L 38.5"" commercial stainless steel one compartment sink with left drainboard. Featuring a 18""L x 18""D bowl and left drainboard, this Prepline sink includes backsplash, rolled edges, adjustable feet under 16GA legs, pre-drilled faucet holes and comes with basket and drain. Prepline sinks are manufactured with heavy duty 304 stainless steel for a lifetime of durability in even the harshest commercial kitchens.
    ",https://usr-content.s3.us-east-2.amazonaws.com/prepline/xs1c-1818-l-specsheet.pdf,https://usrbrands.com/products/prepline-38-stainless-steel-one-compartment-commercial-sink-with-left-drainboard-18-x-18-bowl,https://usrbrands.com/products/prepline-38-stainless-steel-one-compartment-commercial-sink-with-left-drainboard-18-x-18-bowl
"Prepline 38"" Stainless Steel One Compartment Commercial Sink with Right Drainboard - 18"" x 18"" Bowl",,,PREPLINE,"
                            <ul data-mce-fragment=""1"" class=""product attribute bullet-points-description hide-mobile"">
<li>Commercial 1 Compartment Sink</li>
<li>Heavy Duty 304 Stainless Steel</li>
<li>18"" X 18"" X 11"" Bowl Size</li>
<li>Rolled Edges and Backsplash</li>
<li>Includes Basket and Drain</li>
<li>Adjustable Bullet Feet</li>
<li>Optional Cross Bracing</li>
<li>Pre-punched faucet holes, 8"" centers</li>
</ul>
                          ",https://usrbrands.com/cdn/shop/products/xs1c-1818_r_primaryview_130x.jpg?v=1668167874,"
      Wash pots and pans or prep food with this Prepline XS1C-1818-R 38.5"" commercial stainless steel one compartment sink with right drainboard. Featuring a 18""L x 18""D bowl and right drainboard, this Prepline sink includes backsplash, rolled edges, adjustable feet under 16GA legs, pre-drilled faucet holes and comes with basket and drain. Prepline sinks are manufactured with heavy duty 304 stainless steel for a lifetime of durability in even the harshest commercial kitchens.
    ",https://usr-content.s3.us-east-2.amazonaws.com/prepline/xs1c-1818-r-specsheet.pdf,https://usrbrands.com/products/prepline-38-stainless-steel-one-compartment-commercial-sink-with-right-drainboard-18-x-18-bowl,https://usrbrands.com/products/prepline-38-stainless-steel-one-compartment-commercial-sink-with-right-drainboard-18-x-18-bowl
"Prepline 28"" Stainless Steel One Compartment Commercial Sink with Left Drainboard - 14"" x 16"" Bowl",,,PREPLINE,"
                            <ul data-mce-fragment=""1"" class=""product attribute bullet-points-description hide-mobile"">
<li>Commercial 1 Compartment Sink</li>
<li>Heavy Duty 304 Stainless Steel</li>
<li>14"" X 16"" X 11"" Bowl Size</li>
<li>Rolled Edges and Backsplash</li>
<li>Includes Basket and Drain</li>
<li>Adjustable Bullet Feet</li>
<li>Optional Cross Bracing</li>
<li>Pre-punched faucet holes, 8"" centers</li>
</ul>
                          ",https://usrbrands.com/cdn/shop/products/xs1c-1416_l_primaryview_1_130x.jpg?v=1668167715,"
      Wash pots and pans or prep food with this Prepline XS1C-1416-L 28.5"" commercial stainless steel one compartment sink with left drainboard. Featuring a 14""L x 16""D bowl and left drainboard, this Prepline sink includes backsplash, rolled edges, adjustable feet under 16GA legs, pre-drilled faucet holes and comes with basket and drain. Prepline sinks are manufactured with heavy duty 304 stainless steel for a lifetime of durability in even the harshest commercial kitchens.
    ",https://usr-content.s3.us-east-2.amazonaws.com/prepline/xs1c-1416-l-specsheet.pdf,https://usrbrands.com/products/prepline-28-stainless-steel-one-compartment-commercial-sink-with-left-drainboard-14-x-16-bowl,https://usrbrands.com/products/prepline-28-stainless-steel-one-compartment-commercial-sink-with-left-drainboard-14-x-16-bowl
"Prepline 28"" Stainless Steel One Compartment Commercial Sink with Right Drainboard - 14"" x 16"" Bowl",,,PREPLINE,"
                            <ul data-mce-fragment=""1"" class=""product attribute bullet-points-description hide-mobile"">
<li>Commercial 1 Compartment Sink</li>
<li>Heavy Duty 304 Stainless Steel</li>
<li>14"" X 16"" X 11"" Bowl Size</li>
<li>Rolled Edges and Backsplash</li>
<li>Includes Basket and Drain</li>
<li>Adjustable Bullet Feet</li>
<li>Optional Cross Bracing</li>
<li>Pre-punched faucet holes, 8"" centers</li>
</ul>
                          ",https://usrbrands.com/cdn/shop/products/xs1c-1416_r_primaryview_130x.jpg?v=1668167580,"
      Wash pots and pans or prep food with this Prepline XS1C-1416-R 28.5"" commercial stainless steel one compartment sink with right drainboard. Featuring a 14""L x 16""D bowl and right drainboard, this Prepline sink includes backsplash, rolled edges, adjustable feet under 16GA legs, pre-drilled faucet holes and comes with basket and drain. Prepline sinks are manufactured with heavy duty 304 stainless steel for a lifetime of durability in even the harshest commercial kitchens.
    ",https://usr-content.s3.us-east-2.amazonaws.com/prepline/xs1c-1416-r-specsheet.pdf,https://usrbrands.com/products/prepline-28-stainless-steel-one-compartment-commercial-sink-with-right-drainboard-14-x-16-bowl,https://usrbrands.com/products/prepline-28-stainless-steel-one-compartment-commercial-sink-with-right-drainboard-14-x-16-bowl
"Prepline 90"" Stainless Steel Three Compartment Commercial Sink with Left and Right Drainboard - 18"" x 18"" Bowls",,,PREPLINE,"
                            <ul data-mce-fragment=""1"" class=""product attribute bullet-points-description hide-mobile"">
<li>Commercial 3 Compartment Sink</li>
<li>Heavy Duty 304 Stainless Steel</li>
<li>18"" X 18"" X 14"" Bowl Size</li>
<li>Rolled Edges and Backsplash</li>
<li>Includes Basket and Drain</li>
<li>Adjustable Bullet Feet</li>
<li>Optional Cross Bracing</li>
<li>Pre-punched faucet holes, 8"" centers</li>
</ul>
                          ",https://usrbrands.com/cdn/shop/products/xs3c-1818_lr_primaryview_130x.jpg?v=1668167354,"
      Wash pots and pans or prep food with this Prepline XS3C-1818-LR 90"" commercial stainless steel three compartment sink with left and right drainboard. Featuring a 18""L x 18""D bowl with left and right drainboard, this Prepline sink includes backsplash, rolled edges, adjustable feet under 16GA legs, pre-drilled faucet holes and comes with basket and drain. Prepline sinks are manufactured with heavy duty 304 stainless steel for a lifetime of durability in even the harshest commercial kitchens.
    ",https://usr-content.s3.us-east-2.amazonaws.com/prepline/xs3c-1818-lr-specsheet.pdf,https://usrbrands.com/products/prepline-90-stainless-steel-three-compartment-commercial-sink-with-left-and-right-drainboard-18-x-18-bowls,https://usrbrands.com/products/prepline-90-stainless-steel-three-compartment-commercial-sink-with-left-and-right-drainboard-18-x-18-bowls
"Prepline 74"" Stainless Steel 3 Compartment Commercial Sink with Left Drainboard - 18"" x 18"" Bowls",,,PREPLINE,"
                            <ul data-mce-fragment=""1"" class=""product attribute bullet-points-description hide-mobile"">
<li>Commercial 3 Compartment Sink</li>
<li>Heavy Duty 304 Stainless Steel</li>
<li>18"" X 18"" X 14"" Bowl Size</li>
<li>Rolled Edges and Backsplash</li>
<li>Includes Basket and Drain</li>
<li>Adjustable Bullet Feet</li>
<li>Optional Cross Bracing</li>
<li>Pre-punched faucet holes, 8"" centers</li>
</ul>
                          ",https://usrbrands.com/cdn/shop/products/xs3c-1818_l_primaryview_1_130x.jpg?v=1668167235,"
      Wash pots and pans or prep food with this Prepline XS3C-1818-L 74.5"" commercial stainless steel three compartment sink with left drainboard. Featuring a 18""L x 18""D bowl and right drainboard, this Prepline sink includes backsplash, rolled edges, adjustable feet under 16GA legs, pre-drilled faucet holes and comes with basket and drain. Prepline sinks are manufactured with heavy duty 304 stainless steel for a lifetime of durability in even the harshest commercial kitchens.
    ",https://usr-content.s3.us-east-2.amazonaws.com/prepline/xs3c-1818-l-specsheet.pdf,https://usrbrands.com/products/prepline-74-stainless-steel-3-compartment-commercial-sink-with-left-drainboard-18-x-18-bowls,https://usrbrands.com/products/prepline-74-stainless-steel-3-compartment-commercial-sink-with-left-drainboard-18-x-18-bowls
"Prepline 74"" Stainless Steel Three Compartment Commercial Sink with Right Drainboard - 18"" x 18"" Bowls",,,PREPLINE,"
                            <ul data-mce-fragment=""1"" class=""product attribute bullet-points-description hide-mobile"">
<li>Commercial 3 Compartment Sink</li>
<li>Heavy Duty 304 Stainless Steel</li>
<li>18"" X 18"" X 14"" Bowl Size</li>
<li>Rolled Edges and Backsplash</li>
<li>Includes Basket and Drain</li>
<li>Adjustable Bullet Feet</li>
<li>Optional Cross Bracing</li>
<li>Pre-punched faucet holes, 8"" centers</li>
</ul>
                          ",https://usrbrands.com/cdn/shop/products/xs3c-1818_r_primaryview_130x.jpg?v=1668167062,"
      Wash pots and pans or prep food with this Prepline XS3C-1818-R 74.5"" commercial stainless steel three compartment sink with right drainboard. Featuring a 18""L x 18""D bowl and right drainboard, this Prepline sink includes backsplash, rolled edges, adjustable feet under 16GA legs, pre-drilled faucet holes and comes with basket and drain. Prepline sinks are manufactured with heavy duty 304 stainless steel for a lifetime of durability in even the harshest commercial kitchens.
    ",https://usr-content.s3.us-east-2.amazonaws.com/prepline/xs3c-1818-r-specsheet.pdf,https://usrbrands.com/products/prepline-74-stainless-steel-three-compartment-commercial-sink-with-right-drainboard-18-x-18-bowls,https://usrbrands.com/products/prepline-74-stainless-steel-three-compartment-commercial-sink-with-right-drainboard-18-x-18-bowls
"Prepline 66"" Stainless Steel Three Compartment Commercial Sink with Left and Right Drainboard - 14"" x 16"" Bowls",,,PREPLINE,"
                            <ul data-mce-fragment=""1"" class=""product attribute bullet-points-description hide-mobile"">
<li>Commercial 3 Compartment Sink</li>
<li>Heavy Duty 304 Stainless Steel</li>
<li>14"" X 16"" X 11"" Bowl Size</li>
<li>Rolled Edges and Backsplash</li>
<li>Includes Basket and Drain</li>
<li>Adjustable Bullet Feet</li>
<li>Optional Cross Bracing</li>
<li>Pre-punched faucet holes, 8"" centers</li>
</ul>
                          ",https://usrbrands.com/cdn/shop/products/xs3c-1416_lr_primaryview_1_130x.jpg?v=1668166925,"
      Wash pots and pans or prep food with this Prepline XS3C-1416-LR 66"" commercial stainless steel three compartment sink with left and right drainboard. Featuring three 14""L x 16""D bowls with left and right drainboard, this Prepline sink includes backsplash, rolled edges, adjustable feet under 16GA legs, pre-drilled faucet holes and comes with basket and drain. Prepline sinks are manufactured with heavy duty 304 stainless steel for a lifetime of durability in even the harshest commercial kitchens.
    ",https://usr-content.s3.us-east-2.amazonaws.com/prepline/xs3c-1416-lr-specsheet.pdf,https://usrbrands.com/products/prepline-66-stainless-steel-three-compartment-commercial-sink-with-left-and-right-drainboard-14-x-16-bowls,https://usrbrands.com/products/prepline-66-stainless-steel-three-compartment-commercial-sink-with-left-and-right-drainboard-14-x-16-bowls
"Prepline 59"" Stainless Steel Three Compartment Commercial Sink - 18"" x 18"" Bowls",,,PREPLINE,"
                            <ul data-mce-fragment=""1"" class=""product attribute bullet-points-description hide-mobile"">
<li>Commercial 3 Compartment Sink</li>
<li>Heavy Duty 304 Stainless Steel</li>
<li>18"" X 18"" X 14"" Bowl Size</li>
<li>Rolled Edges and Backsplash</li>
<li>Includes Basket and Drain</li>
<li>Adjustable Bullet Feet</li>
<li>Optional Cross Bracing</li>
<li>Pre-punched faucet holes, 8"" centers</li>
</ul>
                          ",https://usrbrands.com/cdn/shop/products/xs3c-1818_nd_primaryview_fbe11530-e790-4705-b923-a5c6691fd5bd_130x.jpg?v=1668166752,"
      Wash pots and pans or prep food with this Prepline XS3C-1818 59"" commercial stainless steel three compartment sink with no drainboard. Featuring a 18""L x 18""D bowl and no drainboard, this Prepline sink includes backsplash, rolled edges, adjustable feet under 16GA legs, pre-drilled faucet holes and comes with basket and drain. Prepline sinks are manufactured with heavy duty 304 stainless steel for a lifetime of durability in even the harshest commercial kitchens.
    ",https://usr-content.s3.us-east-2.amazonaws.com/prepline/xs3c-1818-specsheet.pdf,https://usrbrands.com/products/prepline-59-stainless-steel-three-compartment-commercial-sink-18-x-18-bowls,https://usrbrands.com/products/prepline-59-stainless-steel-three-compartment-commercial-sink-18-x-18-bowls
"Prepline 56"" Stainless Steel Three Compartment Commercial Sink with Left Drainboard - 14"" x 16"" Bowls",,,PREPLINE,"
                            <ul data-mce-fragment=""1"" class=""product attribute bullet-points-description hide-mobile"">
<li>Commercial 3 Compartment Sink</li>
<li>Heavy Duty 304 Stainless Steel</li>
<li>14"" X 16"" X 11"" Bowl Size</li>
<li>Rolled Edges and Backsplash</li>
<li>Includes Basket and Drain</li>
<li>Adjustable Bullet Feet</li>
<li>Optional Cross Bracing</li>
<li>Pre-punched faucet holes, 8"" centers</li>
</ul>
                          ",https://usrbrands.com/cdn/shop/files/xs3c-1416_l_primaryview_1_130x.jpg?v=1756195454,"
      Wash pots and pans or prep food with this Prepline XS3C-1416-L 56.5"" commercial stainless steel three compartment sink with left drainboard. Featuring three 14""L x 16""D bowls and left drainboard, this Prepline sink includes backsplash, rolled edges, adjustable feet under 16GA legs, pre-drilled faucet holes and comes with basket and drain. Prepline sinks are manufactured with heavy duty 304 stainless steel for a lifetime of durability in even the harshest commercial kitchens.
    ",https://usr-content.s3.us-east-2.amazonaws.com/prepline/xs3c-1416-l-specsheet.pdf,https://usrbrands.com/products/prepline-56-stainless-steel-three-compartment-commercial-sink-with-left-drainboard-14-x-16-bowls,https://usrbrands.com/products/prepline-56-stainless-steel-three-compartment-commercial-sink-with-left-drainboard-14-x-16-bowls
"Prepline 56"" Stainless Steel Three Compartment Commercial Sink with Right Drainboard - 14"" x 16"" Bowls",,,PREPLINE,"
                            <ul data-mce-fragment=""1"" class=""product attribute bullet-points-description hide-mobile"">
<li>Commercial 3 Compartment Sink</li>
<li>Heavy Duty 304 Stainless Steel</li>
<li>14"" X 16"" X 11"" Bowl Size</li>
<li>Rolled Edges and Backsplash</li>
<li>Includes Basket and Drain</li>
<li>Adjustable Bullet Feet</li>
<li>Optional Cross Bracing</li>
<li>Pre-punched faucet holes, 8"" centers</li>
</ul>
                          ",https://usrbrands.com/cdn/shop/products/xs3c-1416_r_primaryview_1_1_130x.jpg?v=1668166400,"
      Wash pots and pans or prep food with this Prepline XS3C-1416-R 56.5"" commercial stainless steel three compartment sink with right drainboard. Featuring three 14""L x 16""D bowls and right drainboard, this Prepline sink includes backsplash, rolled edges, adjustable feet under 16GA legs, pre-drilled faucet holes and comes with basket and drain. Prepline sinks are manufactured with heavy duty 304 stainless steel for a lifetime of durability in even the harshest commercial kitchens.
    ",https://usr-content.s3.us-east-2.amazonaws.com/prepline/xs3c-1416-r-specsheet.pdf,https://usrbrands.com/products/prepline-56-stainless-steel-three-compartment-commercial-sink-with-right-drainboard-14-x-16-bowls,https://usrbrands.com/products/prepline-56-stainless-steel-three-compartment-commercial-sink-with-right-drainboard-14-x-16-bowls
"Prepline 47"" Stainless Steel Three Compartment Commercial Sink - 14"" x 16"" Bowls",,,PREPLINE,"
                            <ul data-mce-fragment=""1"" class=""product attribute bullet-points-description hide-mobile"">
<li>Commercial 3 Compartment Sink</li>
<li>Heavy Duty 304 Stainless Steel</li>
<li>14"" X 16"" X 14"" Bowl Size</li>
<li>Rolled Edges and Backsplash</li>
<li>Includes Basket and Drain</li>
<li>Adjustable Bullet Feet</li>
<li>Optional Cross Bracing</li>
<li>Pre-punched faucet holes, 8"" centers</li>
</ul>
                          ",https://usrbrands.com/cdn/shop/products/xs3c-1416_nd_primaryview_1_1_130x.jpg?v=1668166227,"
      Wash pots and pans or prep food with this Prepline XS3C-1416 47"" commercial stainless steel three compartment sink with no drainboard. Featuring three 14""L x 16""D bowls and no drainboard, this Prepline sink includes backsplash, rolled edges, adjustable feet under 16GA legs, pre-drilled faucet holes and comes with basket and drain. Prepline sinks are manufactured with heavy duty 304 stainless steel for a lifetime of durability in even the harshest commercial kitchens.
    ",https://usr-content.s3.us-east-2.amazonaws.com/prepline/xs3c-1416-specsheet.pdf,https://usrbrands.com/products/prepline-47-stainless-steel-three-compartment-commercial-sink-14-x-16-bowls,https://usrbrands.com/products/prepline-47-stainless-steel-three-compartment-commercial-sink-14-x-16-bowls
"Prepline 72"" Stainless Steel Two Compartment Commercial Sink with Left and Right Drainboard - 18"" x 18"" Bowls",,,PREPLINE,"
                            <ul data-mce-fragment=""1"" class=""product attribute bullet-points-description hide-mobile"">
<li>Commercial 2 Compartment Sink</li>
<li>Heavy Duty 304 Stainless Steel</li>
<li>18"" X 18"" X 12"" Bowl Size</li>
<li>Rolled Edges and Backsplash</li>
<li>Includes Basket and Drain</li>
<li>Adjustable Bullet Feet</li>
<li>Optional Cross Bracing</li>
<li>Pre-punched faucet holes, 8"" centers</li>
</ul>
                          ",https://usrbrands.com/cdn/shop/products/xs2c-1818_lr_primaryview_130x.jpg?v=1668165997,"
      Wash pots and pans or prep food with this Prepline XS2C-1818-LR 72"" commercial stainless steel two compartment sink with left and right drainboard. Featuring a 18""L x 18""D bowl with left and right drainboard, this Prepline sink includes backsplash, rolled edges, adjustable feet under 16GA legs, pre-drilled faucet holes and comes with basket and drain. Prepline sinks are manufactured with heavy duty 304 stainless steel for a lifetime of durability in even the harshest commercial kitchens.
    ",https://usr-content.s3.us-east-2.amazonaws.com/prepline/xs2c-1818-lr-specsheet.pdf,https://usrbrands.com/products/prepline-72-stainless-steel-two-compartment-commercial-sink-with-left-and-right-drainboard-18-x-18-bowls,https://usrbrands.com/products/prepline-72-stainless-steel-two-compartment-commercial-sink-with-left-and-right-drainboard-18-x-18-bowls
"Prepline 56"" Stainless Steel Two Compartment Commercial Sink with Left Drainboard - 18"" x 18"" Bowls",,,PREPLINE,"
                            <ul data-mce-fragment=""1"" class=""product attribute bullet-points-description hide-mobile"">
<li>Commercial 2 Compartment Sink</li>
<li>Heavy Duty 304 Stainless Steel</li>
<li>18"" X 18"" X 12"" Bowl Size</li>
<li>Rolled Edges and Backsplash</li>
<li>Includes Basket and Drain</li>
<li>Adjustable Bullet Feet</li>
<li>Optional Cross Bracing</li>
<li>Pre-punched faucet holes, 8"" centers</li>
</ul>
                          ",https://usrbrands.com/cdn/shop/products/xs2c-1818_l_primaryview_130x.jpg?v=1668165835,"
      Wash pots and pans or prep food with this Prepline XS2C-1818-L 56.5"" commercial stainless steel two compartment sink with left drainboard. Featuring a 18""L x 18""D bowl and left drainboard, this Prepline sink includes backsplash, rolled edges, adjustable feet under 16GA legs, pre-drilled faucet holes and comes with basket and drain. Prepline sinks are manufactured with heavy duty 304 stainless steel for a lifetime of durability in even the harshest commercial kitchens.
    ",https://usr-content.s3.us-east-2.amazonaws.com/prepline/xs2c-1818-l-specsheet.pdf,https://usrbrands.com/products/prepline-56-stainless-steel-two-compartment-commercial-sink-with-left-drainboard-18-x-18-bowls,https://usrbrands.com/products/prepline-56-stainless-steel-two-compartment-commercial-sink-with-left-drainboard-18-x-18-bowls
"Prepline 62"" Stainless Steel Two Compartment Commercial Sink with Right Drainboard - 18"" x 18"" Bowls",,,PREPLINE,"
                            <ul data-mce-fragment=""1"" class=""product attribute bullet-points-description hide-mobile"">
<li>Commercial 2 Compartment Sink</li>
<li>Heavy Duty 304 Stainless Steel</li>
<li>18"" X 18"" X 14"" Bowl Size</li>
<li>Rolled Edges and Backsplash</li>
<li>Includes Basket and Drain</li>
<li>Adjustable Bullet Feet</li>
<li>Optional Cross Bracing</li>
<li>Pre-punched faucet holes, 8"" centers</li>
</ul>
                          ",https://usrbrands.com/cdn/shop/products/xs2c-1818_r_primaryview_1_130x.jpg?v=1668165709,"
      Wash pots and pans or prep food with this Prepline XS2C-1416-LR 52"" commercial stainless steel two compartment sink with right drainboard. Featuring two 14""L x 16""D bowls with left and right drainboard, this Prepline sink includes backsplash, rolled edges, adjustable feet under 16GA legs, pre-drilled faucet holes and comes with basket and drain. Prepline sinks are manufactured with heavy duty 304 stainless steel for a lifetime of durability in even the harshest commercial kitchens.
    ",https://usr-content.s3.us-east-2.amazonaws.com/prepline/xs2c-1416-lr-specsheet.pdf,https://usrbrands.com/products/prepline-62-stainless-steel-two-compartment-commercial-sink-with-right-drainboard-18-x-18-bowls,https://usrbrands.com/products/prepline-62-stainless-steel-two-compartment-commercial-sink-with-right-drainboard-18-x-18-bowls
"Prepline 52"" Stainless Steel Two Compartment Commercial Sink with Left and Right Drainboard - 14"" x 16"" Bowls",,,PREPLINE,"
                            <ul data-mce-fragment=""1"" class=""product attribute bullet-points-description hide-mobile"">
<li>Commercial 2 Compartment Sink</li>
<li>Heavy Duty 304 Stainless Steel</li>
<li>14"" X 16"" X 11"" Bowl Size</li>
<li>Rolled Edges and Backsplash</li>
<li>Includes Basket and Drain</li>
<li>Adjustable Bullet Feet</li>
<li>Optional Cross Bracing</li>
<li>Pre-punched faucet holes, 8"" centers</li>
</ul>
                          ",https://usrbrands.com/cdn/shop/products/xs2c-1416_lr_primaryview_1_130x.jpg?v=1668165544,"
      Wash pots and pans or prep food with this Prepline XS2C-1416-LR 52"" commercial stainless steel two compartment sink with right drainboard. Featuring two 14""L x 16""D bowls with left and right drainboard, this Prepline sink includes backsplash, rolled edges, adjustable feet under 16GA legs, pre-drilled faucet holes and comes with basket and drain. Prepline sinks are manufactured with heavy duty 304 stainless steel for a lifetime of durability in even the harshest commercial kitchens.
    ",https://usr-content.s3.us-east-2.amazonaws.com/prepline/xs2c-1416-lr-specsheet.pdf,https://usrbrands.com/products/prepline-52-stainless-steel-two-compartment-commercial-sink-with-left-and-right-drainboard-14-x-16-bowls,https://usrbrands.com/products/prepline-52-stainless-steel-two-compartment-commercial-sink-with-left-and-right-drainboard-14-x-16-bowls
"Prepline 42"" Stainless Steel Two Compartment Commercial Sink - 18"" x 18"" Bowls",,,PREPLINE,"
                            <ul data-mce-fragment=""1"" class=""product attribute bullet-points-description hide-mobile"">
<li>Commercial 2 Compartment Sink</li>
<li>Heavy Duty 304 Stainless Steel</li>
<li>18"" X 18"" X 12"" Bowl Size</li>
<li>Rolled Edges and Backsplash</li>
<li>Includes Basket and Drain</li>
<li>Adjustable Bullet Feet</li>
<li>Optional Cross Bracing</li>
<li>Pre-punched faucet holes, 8"" centers</li>
</ul>
                          ",https://usrbrands.com/cdn/shop/files/xs2c-1818_nd_primaryview_130x.jpg?v=1756195006,"
      Wash pots and pans or prep food with this Prepline XS2C-1818 42"" commercial stainless steel two compartment sink with no drainboard. Featuring a 18""L x 18""D bowl and no drainboard, this Prepline sink includes backsplash, rolled edges, adjustable feet under 16GA legs, pre-drilled faucet holes and comes with basket and drain. Prepline sinks are manufactured with heavy duty 304 stainless steel for a lifetime of durability in even the harshest commercial kitchens.
    ",https://usr-content.s3.us-east-2.amazonaws.com/prepline/xs2c-1818-specsheet.pdf,https://usrbrands.com/products/prepline-42-stainless-steel-two-compartment-commercial-sink-18-x-18-bowls,https://usrbrands.com/products/prepline-42-stainless-steel-two-compartment-commercial-sink-18-x-18-bowls
"Prepline 42"" Stainless Steel Two Compartment Commercial Sink with Left Drainboard - 14"" x 16"" Bowls",,,PREPLINE,"
                            <ul data-mce-fragment=""1"" class=""product attribute bullet-points-description hide-mobile"">
<li>Commercial 2 Compartment Sink</li>
<li>Heavy Duty 304 Stainless Steel</li>
<li>14"" X 16"" X 11"" Bowl Size</li>
<li>Rolled Edges and Backsplash</li>
<li>Includes Basket and Drain</li>
<li>Adjustable Bullet Feet</li>
<li>Optional Cross Bracing</li>
<li>Pre-punched faucet holes, 8"" centers</li>
</ul>
                          ",https://usrbrands.com/cdn/shop/products/xs2c-1416_l_primaryview_130x.jpg?v=1668165209,"
      Wash pots and pans or prep food with this Prepline XS2C-1416-L 42.5"" commercial stainless steel two compartment sink with left drainboard. Featuring two 14""L x 16""D bowls and left drainboard, this Prepline sink includes backsplash, rolled edges, adjustable feet under 16GA legs, pre-drilled faucet holes and comes with basket and drain. Prepline sinks are manufactured with heavy duty 304 stainless steel for a lifetime of durability in even the harshest commercial kitchens.
    ",https://usr-content.s3.us-east-2.amazonaws.com/prepline/xs2c-1416-l-specsheet.pdf,https://usrbrands.com/products/prepline-42-stainless-steel-two-compartment-commercial-sink-with-left-drainboard-14-x-16-bowls,https://usrbrands.com/products/prepline-42-stainless-steel-two-compartment-commercial-sink-with-left-drainboard-14-x-16-bowls
"Prepline 42"" Stainless Steel Two Compartment Commercial Sink with Right Drainboard - 14"" x 16"" Bowls",,,PREPLINE,"
                            <ul data-mce-fragment=""1"" class=""product attribute bullet-points-description hide-mobile"">
<li>Commercial 2 Compartment Sink</li>
<li>Heavy Duty 304 Stainless Steel</li>
<li>14"" X 16"" X 11"" Bowl Size</li>
<li>Rolled Edges and Backsplash</li>
<li>Includes Basket and Drain</li>
<li>Adjustable Bullet Feet</li>
<li>Optional Cross Bracing</li>
<li>Pre-punched faucet holes, 8"" centers</li>
</ul>
                          ",https://usrbrands.com/cdn/shop/products/xs2c-1416_r_primaryview_130x.jpg?v=1668165064,"
      Wash pots and pans or prep food with this Prepline XS2C-1416-R 42.5"" commercial stainless steel two compartment sink with right drainboard. Featuring two 14""L x 16""D bowls and right drainboard, this Prepline sink includes backsplash, rolled edges, adjustable feet under 16GA legs, pre-drilled faucet holes and comes with basket and drain. Prepline sinks are manufactured with heavy duty 304 stainless steel for a lifetime of durability in even the harshest commercial kitchens.
    ",https://usr-content.s3.us-east-2.amazonaws.com/prepline/xs2c-1416-r-specsheet.pdf,https://usrbrands.com/products/prepline-42-stainless-steel-two-compartment-commercial-sink-with-right-drainboard-14-x-16-bowls,https://usrbrands.com/products/prepline-42-stainless-steel-two-compartment-commercial-sink-with-right-drainboard-14-x-16-bowls
"Prepline 33"" Stainless Steel Two Compartment Commercial Sink - 14"" x 16"" Bowls",,,PREPLINE,"
                            <ul data-mce-fragment=""1"" class=""product attribute bullet-points-description hide-mobile"">
<li>Commercial 2 Compartment Sink</li>
<li>Heavy Duty 304 Stainless Steel</li>
<li>14"" X 16"" X 14"" Bowl Size</li>
<li>Rolled Edges and Backsplash</li>
<li>Includes Basket and Drain</li>
<li>Adjustable Bullet Feet</li>
<li>Optional Cross Bracing</li>
<li>Pre-punched faucet holes, 8"" centers</li>
</ul>
                          ",https://usrbrands.com/cdn/shop/products/xs2c-1416_nd_primaryview_130x.jpg?v=1668164870,"
      Wash pots and pans or prep food with this Prepline XS2C-1416 33"" commercial stainless steel two compartment sink with no drainboard. Featuring a 14""L x 16""D bowl and no drainboard, this Prepline sink includes backsplash, rolled edges, adjustable feet under 16GA legs, pre-drilled faucet holes and comes with basket and drain. Prepline sinks are manufactured with heavy duty 304 stainless steel for a lifetime of durability in even the harshest commercial kitchens.
    ",https://usr-content.s3.us-east-2.amazonaws.com/prepline/xs2c-1416-specsheet.pdf,https://usrbrands.com/products/prepline-33-stainless-steel-two-compartment-commercial-sink-14-x-16-bowls,https://usrbrands.com/products/prepline-33-stainless-steel-two-compartment-commercial-sink-14-x-16-bowls
"14""D x 72""L Stainless Steel Wall-Mount Shelf with Pot Rack",,,PREPLINE,"
                            <ul class=""product attribute bullet-points-description hide-mobile"" data-mce-fragment=""1"">
<li>Wall Mounted Pot Rack</li>
<li>Rolled Front Edge Design</li>
<li>395 lb. Shelf Capacity</li>
<li>Durable Stainless Steel Construction</li>
<li>6 Double-pronged Hooks Included</li>
</ul>
                          ",https://usrbrands.com/cdn/shop/products/pws-1472r_1_130x.jpg?v=1664367087,"
      The Prepline PWS-1472-PR 14""D x 72""L stainless steel wall-mount shelf with pot rack is perfect for storing your pots and pans. 
    ",https://usr-content.s3.us-east-2.amazonaws.com/prepline/pws-pr-specsheet.pdf,https://usrbrands.com/products/14d-x-72l-stainless-steel-wall-mount-shelf-with-pot-rack,https://usrbrands.com/products/14d-x-72l-stainless-steel-wall-mount-shelf-with-pot-rack
"PWMS-1824 24""L x 18""D Stainless Steel Microwave Shelf",PWMS-1824,,PREPLINE,"
                            <ul class=""product attribute bullet-points-description hide-mobile"" data-mce-fragment=""1"">
<li data-mce-fragment=""1"">Wall-mounted Microwave Shelf</li>
<li data-mce-fragment=""1"">18-gauge Stainless Steel Structure</li>
<li data-mce-fragment=""1"">18 in. L x 24 in. D x 10 in. H</li>
<li data-mce-fragment=""1"">185 lb. Weight Capacity</li>
<li data-mce-fragment=""1"">Easy to install and clean</li>
</ul>
                          ",https://usrbrands.com/cdn/shop/products/wall-shelf-1824_130x.jpg?v=1664366790,"
      Steadily holding your commercial microwave with Prepline PWMS-1824 24""L x 18""D stainless steel wall-mounted microwave shelf. Constructed of 18-gauge stainless steel, it is engineered to withstand the wear and tear commercial environments.
    ",https://usr-content.s3.us-east-2.amazonaws.com/prepline/pwms-1824-specsheet.pdf,https://usrbrands.com/products/pwms-1824-24l-x-18d-stainless-steel-microwave-shelf,https://usrbrands.com/products/pwms-1824-24l-x-18d-stainless-steel-microwave-shelf
"ESTC60-4S 60"" Four Pan Sealed Well Electric Hot Food Steam Table with Enclosed Base and Sliding Doors - 110V",ESTC60-4S,,PREPLINE,"
                            <ul>
<li>Enclosed Base Cabinet with Sliding Doors</li>
<li>Stainless Steel Structure</li>
<li>Polyethylene Cutting Board</li>
<li>Stainless Steel Heating Element</li>
<li>Independent Heat Controls</li>
<li>Built-in Water Drain</li>
<li>Pans Sold Separately</li>
<li>Sealed well design for water heat</li>
<li>Optional Sneeze Guard&nbsp;</li>
</ul>
                          ",,"
      Service hot fresh food to your customers with Prepline’s stainless steel electric steam table cabinet with sliding doors. This enclosed cabinet steam table features a durable stainless steel construction that can withstand any commercial kitchen.
    ",https://usr-content.s3.us-east-2.amazonaws.com/prepline/estc60-4s-110-specsheet.pdf,https://usrbrands.com/products/60-four-well-electric-hot-food-steam-table-with-enclosed-base-and-sliding-doors-208-240v-3000w,https://usrbrands.com/products/60-four-well-electric-hot-food-steam-table-with-enclosed-base-and-sliding-doors-208-240v-3000w
"PIB750-12 12"" Variable Speed Immersion Blender - 120V, 750W",PIB750-12,,PREPLINE,"
                            <ul>
<li>Stick blender</li>
<li>Tube length: 12""</li>
<li>Safety switch</li>
<li>Overload protection</li>
<li>Ergonomic handle for comfortable use</li>
<li>Full stainless steel stick and blade</li>
<li>Variable speed of 8,000-20,000RPM</li>
</ul>
                          ",https://usrbrands.com/cdn/shop/products/immersion-blender-pib750-12_130x.jpg?v=1660054543,"
      Purée, blend and crush gallons of soup, smoothies, and sauces to excellent texture with Prepline variable speed immersion blender, bringing efficiency to your kitchen as they can quickly and easily accomplish a variety of tasks - from whipping cream to chopping soft produce and making butter. 
    ",https://usr-content.s3.us-east-2.amazonaws.com/prepline/pib-specsheet.pdf,https://usr-content.s3.us-east-2.amazonaws.com/prepline/prepline-warranty.pdf,https://usrbrands.com/products/pib750-12-12-variable-speed-immersion-blender-120v-750w
"PIB500-12 12"" Variable Speed Immersion Blender - 120V, 500W",PIB500-12,,PREPLINE,"
                            <ul>
<li>12"" Removable S/S Shaft</li>
<li>Powerful 500W, 3/4 hp Motor</li>
<li>Elegant Body and Handle Design</li>
<li>Variable Speed of 4000-16000RPM</li>
<li>Interlocked Power Switch</li>
</ul>
                          ",https://usrbrands.com/cdn/shop/products/immersion-blender-pib500-12_1_130x.jpg?v=1659502931,"
      Purée, blend and crush gallons of soup, smoothies, and sauces to excellent texture with Prepline variable speed immersion blender, bringing efficiency to your kitchen as they can quickly and easily accomplish a variety of tasks - from whipping cream to chopping soft produce and making butter. 
    ",https://usr-content.s3.us-east-2.amazonaws.com/prepline/pib-specsheet.pdf,https://usr-content.s3.us-east-2.amazonaws.com/prepline/prepline-warranty.pdf,https://usrbrands.com/products/pib500-12-12-variable-speed-immersion-blender-120v-500w
"PCFP-5B Combination Food Processor with 5 Qt Stainless Steel Bowl, Continuous Feed and 4 Discs - 1HP",PCFP-5B,,PREPLINE,"
                            <ul class=""product attribute bullet-points-description hide-mobile"" data-mce-fragment=""1"">
<li>Wide Application for Restaurants, Delis.</li>
<li>Durable 5 Qt. Stainless Steel Bowl</li>
<li>Safety Protection Mechanism</li>
<li>Easy to Use and Clean up</li>
<li>Multi-function with 4 Discs</li>
<li>Direct Drive Motor (1HP)</li>
</ul>
                          ",https://usrbrands.com/cdn/shop/products/combination-processor-5-l-bowl_1_130x.jpg?v=1658401276,"
      Increasing efficiency and profitability with this Prepline combination food processor with 5 Qt. stainless steel bowl, continuous feed and 4 discs. Thanks to its powerful 1 hp motor, it is built for high production use, can easily shred, slice and grate your ingredient, greatly shortening prep time and reducing tasks that used to take a significant amount of time to just a mere minutes or even seconds. Standard 115V plug makes set up easy. Just plug it in and turn it on!
    ",https://usr-content.s3.us-east-2.amazonaws.com/prepline/pcfp-3b-specsheet.pdf,https://usr-content.s3.us-east-2.amazonaws.com/prepline/prepline-warranty.pdf,https://usrbrands.com/products/pcfp-5b-combination-food-processor-with-5-qt-stainless-steel-bowl-continuous-feed-and-4-discs-1hp
"PCFP-3B Combination Food Processor with 3 Qt Stainless Steel Bowl, Continuous Feed and 4 Discs - 1HP",PCFP-3B,,PREPLINE,"
                            <ul class=""product attribute bullet-points-description hide-mobile"" data-mce-fragment=""1"">
<li>Wide Application for Restaurants, Delis.</li>
<li>Durable 3 Qt. Stainless Steel Bowl</li>
<li>Safety Protection Mechanism</li>
<li>Easy to Use and Clean up</li>
<li>Multi-function with 4 Discs</li>
<li>Direct Drive Motor (1HP)</li>
</ul>
                          ",https://usrbrands.com/cdn/shop/products/combination-processor-3-l-bowl_130x.jpg?v=1658401141,"
      Increasing efficiency and profitability with this Prepline combination food processor with 3 Qt. stainless steel bowl, continuous feed and 4 discs. Thanks to its powerful 1 hp motor, it is built for high production use, can easily shred, slice and grate your ingredient, greatly shortening prep time and reducing tasks that used to take a significant amount of time to just a mere minutes or even seconds. Standard 115V plug makes set up easy. Just plug it in and turn it on!
    ",https://usr-content.s3.us-east-2.amazonaws.com/prepline/pcfp-3b-specsheet.pdf,https://usr-content.s3.us-east-2.amazonaws.com/prepline/prepline-warranty.pdf,https://usrbrands.com/products/pcfp-3b-combination-food-processor-with-3-qt-stainless-steel-bowl-continuous-feed-and-4-discs-1hp
PFP-4D Continuous Feed Food Processor with 4 Discs - 1 HP,PFP-4D,,PREPLINE,"
                            <ul class=""product attribute bullet-points-description hide-mobile"" data-mce-fragment=""1"">
<li>Wide Application for Restaurants, Delis.</li>
<li>Safety Protection Mechanism</li>
<li>Easy to Use and Clean up</li>
<li>Multi-function with 4 Discs</li>
<li>Direct Drive Motor (1HP)</li>
</ul>
                          ",https://usrbrands.com/cdn/shop/products/pb60d_4_130x.jpg?v=1658400918,"
      Increasing efficiency and profitability with this Prepline vegetable cutter, continuous feed food processor with 4 discs. Thanks to its powerful 1 hp motor, it is built for high production use, can easily shred, slice and grate your ingredient, greatly shortening prep time and reducing tasks that used to take a significant amount of time to just a mere minutes or even seconds. Standard 115V plug makes set up easy. Just plug it in and turn it on!
    ",https://usr-content.s3.us-east-2.amazonaws.com/prepline/pfp-4d-specsheet.pdf,https://usr-content.s3.us-east-2.amazonaws.com/prepline/prepline-warranty.pdf,https://usrbrands.com/products/pfp-4d-continuous-feed-food-processor-with-4-discs-1-hp
PFP-5B 5 Qt. Stainless Steel Batch Bowl Food Processor- 1 HP,PFP-5B,,PREPLINE,"
                            <ul class=""product attribute bullet-points-description hide-mobile"" data-mce-fragment=""1"">
<li>Wide Application for Restaurants, Delis.</li>
<li>Durable 5 Qt. Stainless Steel Bowl</li>
<li>Safety Protection Mechanism</li>
<li>Easy to Use and Clean up</li>
<li>Direct Drive Motor (1HP)</li>
</ul>
                          ",https://usrbrands.com/cdn/shop/products/vb60ch-5-l-bowl_130x.jpg?v=1658400800,"
      Increasing efficiency and profitability with this Prepline 5 Qt. stainless steel batch bowl food processor- 1 HP. Thanks to its powerful 1 hp motor, it is built for high production use, can easily cut through your ingredient, greatly shorten prep time and reduce tasks that used to take a significant amount of time to just a mere minutes or even seconds. Standard 115V plug makes set up easy. Just plug it in and turn it on!
    ",https://usr-content.s3.us-east-2.amazonaws.com/prepline/pfp-5b-specsheet.pdf,https://usr-content.s3.us-east-2.amazonaws.com/prepline/prepline-warranty.pdf,https://usrbrands.com/products/pfp-5b-5-qt-stainless-steel-batch-bowl-food-processor-1-hp
Prepline PFP-3B 3 Qt. Stainless Steel Batch Bowl Food Processor- 1 HP,PFP-3B,,PREPLINE,"
                            <ul class=""product attribute bullet-points-description hide-mobile"" data-mce-fragment=""1"">
<li>Wide Application for Restaurants, Delis.</li>
<li>Durable 3 qt. Stainless Steel Bowl</li>
<li>Safety Protection Mechanism</li>
<li>Easy to Use and Clean up</li>
<li>Direct Drive Motor (1HP)</li>
</ul>
                          ",https://usrbrands.com/cdn/shop/products/vb60ch-3-l-bowl-1_1_130x.jpg?v=1658400638,"
      Increasing efficiency and profitability with this Prepline 3 Qt. stainless steel batch bowl food processor- 1 HP. Thanks to its powerful 1 hp motor, it is built for high production use, can easily cut through your ingredient, greatly shorten prep time and reduce tasks that used to take a significant amount of time to just a mere minutes or even seconds. Standard 115V plug makes set up easy. Just plug it in and turn it on!
    ",https://usr-content.s3.us-east-2.amazonaws.com/prepline/pfp-3b-specsheet.pdf,https://usr-content.s3.us-east-2.amazonaws.com/prepline/prepline-warranty.pdf,https://usrbrands.com/products/prepline-pfp-3b-3-qt-stainless-steel-batch-bowl-food-processor-1-hp
"24"" Stainless Steel Glass Rack Storage Unit with Corrugated Work Top",Stainless,,PREPLINE,"
                            <ul>
<li>Drain Tubing at Top and Bottom</li>
<li>18 Gauge, S/S 304 Construction</li>
<li>3'' Backsplash and Corrugated Top</li>
<li>Hold up to 3 Full-size Racks</li>
<li>Adjustable Stainless Steel Bullet Feet</li>
<li>Great for Bar Establishments</li>
</ul>
                          ",https://usrbrands.com/cdn/shop/products/grsu-2124_corrugated-top_130x.jpg?v=1657546037,"
      Keep your glass racks in sanitary conditions and easily accessible with Prepline 24"" stainless steel glass rack storage unit. 
    ",https://usr-content.s3.us-east-2.amazonaws.com/prepline/grsu-2124-specsheet.pdf,https://usrbrands.com/products/24-stainless-steel-glass-rack-storage-unit-with-corrugated-work-top,https://usrbrands.com/products/24-stainless-steel-glass-rack-storage-unit-with-corrugated-work-top
32” Stainless Steel Double Tier Speed Rail,,,PREPLINE,"
                            <ul>
<li>Double Tier Speed Rail</li>
<li>Holds up to 16 Standard Bottles</li>
<li>Pre-drilled Mounting Holes</li>
<li>20 Gauge Stainless Steel Construction</li>
<li>Keeps Bottles Organized and Quick Accessible</li>
</ul>
                          ",https://usrbrands.com/cdn/shop/products/PSR-22d_1dc0b5ac-ed68-405d-a2ac-58155492cf71_130x.jpg?v=1654857001,"
      
    ",https://usr-content.s3.us-east-2.amazonaws.com/prepline/speed-rail-specsheet.pdf,https://usrbrands.com/products/copy-of-32-stainless-steel-single-tier-speed-rail-1,https://usrbrands.com/products/copy-of-32-stainless-steel-single-tier-speed-rail-1
22” Stainless Steel Double Tier Speed Rail,,,PREPLINE,"
                            <ul>
<li>Double Tier Speed Rail</li>
<li>Holds up to 10 Standard Bottles</li>
<li>Pre-drilled Mounting Holes</li>
<li>20 Gauge Stainless Steel Construction</li>
<li>Keeps Bottles Organized and Quick Accessible</li>
</ul>
                          ",https://usrbrands.com/cdn/shop/products/PSR-22d_130x.jpg?v=1654856938,"
      
    ",https://usr-content.s3.us-east-2.amazonaws.com/prepline/speed-rail-specsheet.pdf,https://usrbrands.com/products/copy-of-32-stainless-steel-single-tier-speed-rail,https://usrbrands.com/products/copy-of-32-stainless-steel-single-tier-speed-rail
32” Stainless Steel Single Tier Speed Rail,,,PREPLINE,"
                            <ul>
<li>Single Tier Speed Rail</li>
<li>Holds up to 8 Standard Bottles</li>
<li>Pre-drilled Mounting Holes</li>
<li>20 Gauge Stainless Steel Construction</li>
<li>Keeps Bottles Organized and Quick Accessible</li>
</ul>
                          ",https://usrbrands.com/cdn/shop/products/PSR-22_cf21d81b-e245-4973-b8b3-9023c3aa6cb5_130x.jpg?v=1654856877,"
      
    ",https://usr-content.s3.us-east-2.amazonaws.com/prepline/speed-rail-specsheet.pdf,https://usrbrands.com/products/copy-of-prepline-22-stainless-steel-single-tier-speed-rail,https://usrbrands.com/products/copy-of-prepline-22-stainless-steel-single-tier-speed-rail
Prepline 22” Stainless Steel Single Tier Speed Rail,,,PREPLINE,"
                            <ul>
<li>Single Tier Speed Rail</li>
<li>Holds up to 5 Standard Bottles</li>
<li>Pre-drilled Mounting Holes</li>
<li>20 Gauge Stainless Steel Construction</li>
<li>Keeps Bottles Organized and Quick Accessible</li>
</ul>
                          ",https://usrbrands.com/cdn/shop/products/PSR-22_130x.jpg?v=1654856527,"
      
    ",https://usr-content.s3.us-east-2.amazonaws.com/prepline/speed-rail-specsheet.pdf,https://usrbrands.com/products/prepline-22-stainless-steel-single-tier-speed-rail,https://usrbrands.com/products/prepline-22-stainless-steel-single-tier-speed-rail
"PFW500NT Full-Size Electric Countertop Food/Soup Warmer with 2 Inserts and 2 Lids - 110V, 1200W",PFW500NT,,PREPLINE,"
                            <ul>
<li>Inserts and lid included</li>
<li>Manual temperature control</li>
<li>All stainless steel construction</li>
<li>Heating elements are not exposed</li>
<li>Wet use only</li>
</ul>
                          ",https://usrbrands.com/cdn/shop/products/zck165b-4-picture_130x.jpg?v=1654170132,"
      The Prepline PFW500nt Full-size Bain Marie Food Warmer is designed for heavy-duty use in your concession stand, convenience store, cafeteria, or restaurant kitchen. This bain-marie will come through, however hard the job appears to be.
    ",https://usr-content.s3.us-east-2.amazonaws.com/prepline/pfw500nt-specsheet.pdf,https://usr-content.s3.us-east-2.amazonaws.com/prepline/prepline-warranty.pdf,https://usrbrands.com/products/pfw500nt-full-size-electric-countertop-food-soup-warmer-with-2-inserts-and-2-lids-110v-1200w
"PLC-300 Vegetable Cutter, Continuous Feed Food Processor with 5 Discs",PLC-300,,PREPLINE,"
                            <ul class=""product attribute bullet-points-description hide-mobile"" data-mce-fragment=""1"">
<li data-mce-fragment=""1"">Wide Application for Restaurants, Delis.</li>
<li data-mce-fragment=""1"">Safety Protection Mechanism</li>
<li data-mce-fragment=""1"">Easy to Use and Clean up</li>
<li data-mce-fragment=""1"">Multi-function with 5 Discs</li>
<li data-mce-fragment=""1"">Powerful 3/4HP Motor</li>
<li data-mce-fragment=""1"">Durable Construction</li>
</ul>
                          ",https://usrbrands.com/cdn/shop/products/plc-300-defaut_130x.jpg?v=1650019557,"
      Increasing efficiency and profitability with this Prepline vegetable cutter, continuous feed food processor with 5 discs. Thanks to the powerful 3/4 hp motor, it can easily shred, slice and grate your ingredient, greatly shortening prep time and reducing tasks that used to take a significant amount of time to just a mere minutes or even seconds. Standard 115V plug makes set up easy. Just plug it in and turn it on!
    ",https://usr-content.s3.us-east-2.amazonaws.com/prepline/plc300-specsheet.pdf,https://usr-content.s3.us-east-2.amazonaws.com/prepline/prepline-warranty.pdf,https://usrbrands.com/products/vegetable-cutter-continuous-feed-food-processor-with-5-discs
"PDR-1924 20"" x 15"" x 5"" Stainless Steel Drawer",PDR-1924,,PREPLINE,"
                            <ul>
<li>Tough stainless steel interior &amp; exterior</li>
<li>Self-closing with lock and keys included</li>
<li>Easy installation with brackets included</li>
<li>Open/close smoothly with roller bearing</li>
<li>Allows for stacking up to 3 drawers</li>
<li>Fits Prepline tables(24"" deep, 36"" long or more)</li>
</ul>
                          ",https://usrbrands.com/cdn/shop/products/worktable-drawer_130x.jpg?v=1646822458,"
      
    ",https://usr-content.s3.us-east-2.amazonaws.com/prepline/pdr-1924-specsheet.pdf,https://usrbrands.com/products/pdr-1924-20-x-15-x-5-stainless-steel-drawer,https://usr-content.s3.us-east-2.amazonaws.com/prepline/pdr-1924-manual.pdf
"DR18-2 18"" Two Stage Countertop Dough Sheeter - 120V",DR18-2,,PREPLINE,"
                            <ul class=""product attribute bullet-points-description hide-mobile"" data-mce-fragment=""1"">
<li>Durable stainless steel body</li>
<li>Food safe resin rollers</li>
<li>Flexible adjustment of dough thickness</li>
<li>Motor overload automatic protection</li>
<li>Compact design for space-saving</li>
</ul>
                          ",https://usrbrands.com/cdn/shop/products/DR18-3_130x.jpg?v=1646394548,"
      The Prepline commercial counter dough roller is everything you need to enhance efficiency in your dough preparation area. This 18"" in diameter countertop sheeter will save both time and labor in your bakery or another food service outlet. This unit requires a 120v electrical connection for operation. It is made from a corrosion-resistant steel that is easy to clean after each use cycle. Whether you run a corner pizza shop or a large commercial bakery, this unit is a great addition, can help boost your output and keep customer orders serviced on a timely basis.
    ",https://usr-content.s3.us-east-2.amazonaws.com/prepline/dr-series-specsheet.pdf,https://usr-content.s3.us-east-2.amazonaws.com/prepline/prepline-warranty.pdf,https://usrbrands.com/products/dr18-2-18-two-stage-countertop-dough-sheeter-120v
"DR18-1 18"" One Stage Countertop Dough Sheeter - 120V",DR18-1,,PREPLINE,"
                            <ul class=""product attribute bullet-points-description hide-mobile"" data-mce-fragment=""1"">
<li>Durable stainless steel body</li>
<li>Food safe resin rollers</li>
<li>Flexible adjustment of dough thickness</li>
<li>Motor overload automatic protection</li>
<li>Compact design for space-saving</li>
</ul>
                          ",https://usrbrands.com/cdn/shop/products/DR18-1-1_130x.jpg?v=1646394453,"
      The Prepline commercial counter dough roller is everything you need to enhance efficiency in your dough preparation area. This 18"" in diameter countertop sheeter will save both time and labor in your bakery or another food service outlet. This unit requires a 120v electrical connection for operation. It is made from a corrosion-resistant steel that is easy to clean after each use cycle. Whether you run a corner pizza shop or a large commercial bakery, this unit is a great addition, can help boost your output and keep customer orders serviced on a timely basis.
    ",https://usr-content.s3.us-east-2.amazonaws.com/prepline/dr-series-specsheet.pdf,https://usr-content.s3.us-east-2.amazonaws.com/prepline/prepline-warranty.pdf,https://usrbrands.com/products/dr18-1-18-one-stage-countertop-dough-sheeter-120v
"DR12-2 12"" Two Stage Countertop Dough Sheeter - 120V",DR12-2,,PREPLINE,"
                            <ul class=""product attribute bullet-points-description hide-mobile"" data-mce-fragment=""1"">
<li>Durable stainless steel body</li>
<li>Food safe resin rollers</li>
<li>Flexible adjustment of dough thickness</li>
<li>Motor overload automatic protection</li>
<li>Compact design for space-saving</li>
</ul>
                          ",https://usrbrands.com/cdn/shop/products/DR18-2-1_130x.jpg?v=1646394367,"
      The Prepline commercial counter dough roller is everything you need to enhance efficiency in your dough preparation area. This 12"" in diameter countertop sheeter will save both time and labor in your bakery or another food service outlet. This unit requires a 120v electrical connection for operation. It is made from a corrosion-resistant steel that is easy to clean after each use cycle. Whether you run a corner pizza shop or a large commercial bakery, this unit is a great addition, can help boost your output and keep customer orders serviced on a timely basis.
    ",https://usr-content.s3.us-east-2.amazonaws.com/prepline/dr-series-specsheet.pdf,https://usr-content.s3.us-east-2.amazonaws.com/prepline/prepline-warranty.pdf,https://usrbrands.com/products/dr12-2-12-two-stage-countertop-dough-sheeter-120v
"DR12-1 12"" One Stage Countertop Dough Sheeter - 120V",DR12-1,,PREPLINE,"
                            <ul class=""product attribute bullet-points-description hide-mobile"" data-mce-fragment=""1"">
<li data-mce-fragment=""1"">Durable stainless steel body</li>
<li data-mce-fragment=""1"">Food safe resin rollers</li>
<li data-mce-fragment=""1"">Flexible adjustment of dough thickness</li>
<li data-mce-fragment=""1"">Motor overload automatic protection</li>
<li data-mce-fragment=""1"">Compact design for space-saving</li>
</ul>
                          ",https://usrbrands.com/cdn/shop/products/DR18-1_130x.jpg?v=1646394216,"
      The Prepline commercial counter dough roller is everything you need to enhance efficiency in your dough preparation area. This 12"" in diameter countertop sheeter will save both time and labor in your bakery or another food service outlet. This unit requires a 120v electrical connection for operation. It is made from a corrosion-resistant steel that is easy to clean after each use cycle. Whether you run a corner pizza shop or a large commercial bakery, this unit is a great addition, can help boost your output and keep customer orders serviced on a timely basis.
    ",https://usr-content.s3.us-east-2.amazonaws.com/prepline/dr-series-specsheet.pdf,https://usr-content.s3.us-east-2.amazonaws.com/prepline/prepline-warranty.pdf,https://usrbrands.com/products/dr12-1-12-one-stage-countertop-dough-sheeter-120v
"CSP-69 69"" Countertop Reversible Dough Sheeter with Roller Pin - 120V",CSP-69,,PREPLINE,"
                            <ul>
<li>Durable stainless steel body</li>
<li>Fixed conveyor speed</li>
<li>17.75"" non-stick roller</li>
<li>Spacious 67"" reversible conveyor belt</li>
<li>Flexible adjustment of dough thickness</li>
<li>Foldable design for compact storage</li>
</ul>
                          ",https://usrbrands.com/cdn/shop/products/csp120-67-new-pic_2_130x.jpg?v=1646393965,"
      The Prepline dough sheeter machine is a perfect way to streamline food prep operations in your bakery, restaurant, or hotel. Our commercial dough roller allows your staff to rapidly sheet up to 17 inches of dough for pizza, pasta, wraps, and baked goods. This is a classic 3/4 HP reversible countertop model dough sheeter. The stainless steel roller is position-adjustable to support dough thickness between 1mm and 40mm. Save time on dough sheeting and get more value for money with the Prepline dough sheeter.
    ",https://usr-content.s3.us-east-2.amazonaws.com/prepline/csp-69-specsheet.pdf,https://usr-content.s3.us-east-2.amazonaws.com/prepline/prepline-warranty.pdf,https://usrbrands.com/products/csp-69-countertop-reversible-dough-sheeter-with-roller-pin-120v
"18"" Deep Double Wall Mounting Bracket for Adjoining Chrome Wire Shelving",,,PREPLINE,"
                            <ul class=""product attribute bullet-points-description hide-mobile"" data-mce-fragment=""1"">
<li data-mce-fragment=""1"">High grade stainless steel body</li>
<li data-mce-fragment=""1"">Anti-corrosion, water-proof</li>
<li data-mce-fragment=""1"">Predrilled screw holes</li>
<li data-mce-fragment=""1"">Screws included</li>
</ul>
                          ",https://usrbrands.com/cdn/shop/products/cwwsb-14_735f79c2-e151-4303-a011-9c76748b57b9_130x.jpg?v=1640775660,0,https://usrbrands.com/products/0,https://usrbrands.com/products/copy-of-14-deep-double-wall-mounting-bracket-for-adjoining-chrome-wire-shelving,https://usrbrands.com/products/copy-of-14-deep-double-wall-mounting-bracket-for-adjoining-chrome-wire-shelving
"14"" Deep Double Wall Mounting Bracket for Adjoining Chrome Wire Shelving",,,PREPLINE,"
                            <ul class=""product attribute bullet-points-description hide-mobile"" data-mce-fragment=""1"">
<li data-mce-fragment=""1"">High grade stainless steel body</li>
<li data-mce-fragment=""1"">Anti-corrosion, water-proof</li>
<li data-mce-fragment=""1"">Predrilled screw holes</li>
<li data-mce-fragment=""1"">Screws included</li>
</ul>
                          ",https://usrbrands.com/cdn/shop/products/cwwsb-14_130x.jpg?v=1640775588,0,https://usrbrands.com/products/0,https://usrbrands.com/products/14-deep-double-wall-mounting-bracket-for-adjoining-chrome-wire-shelving,https://usrbrands.com/products/14-deep-double-wall-mounting-bracket-for-adjoining-chrome-wire-shelving
"16"" x 14"" x 8"" Drop-In Stainless Steel One Compartment Sink",,,PREPLINE,"
                            <ul>
<li>
<div>
<div>304 Stainless Steel</div>
</div>
</li>
<li>3.5"" drain basket included</li>
<li>Bowl size 16""X14""X8""</li>
<li>Easy installation</li>
<li>NSF Certified</li>
</ul>
                          ",https://usrbrands.com/cdn/shop/products/pdis-1416_1_130x.jpg?v=1640773677,"
      Drop a sink into your counter or worktable with Prepline commercial drop in sinks. This Prepline 16"" x 14"" x 8"" drop-In stainless steel one compartment sink is made of 16GA. 304 S/S top and 18GA. 304S/S bowl, ensuring for long-term use. Two holes included is designed for a deck mount faucet with 4"" centers(sold separately).
    ",https://usr-content.s3.us-east-2.amazonaws.com/prepline/pdis-1416-specsheet.pdf,https://usrbrands.com/products/16-x-14-x-8-drop-in-stainless-steel-one-compartment-sink,https://usrbrands.com/products/16-x-14-x-8-drop-in-stainless-steel-one-compartment-sink
"72"" x 84"" Double Aluminum Swinging Service Traffic Door with 9"" x 14"" Window",,,PREPLINE,"
                            <ul>
<li>Fits 72"" x 84"" openings</li>
<li>Built-in 9'' x 14'' window</li>
<li>.063"" anodized aluminum construction</li>
<li>Lightweight and easy to open</li>
<li>Top and bottom mounting kits included</li>
</ul>
                          ",https://usrbrands.com/cdn/shop/products/ptd3684-1_130x.jpg?v=1637894454,"
      Prepline range of swinging doors minimize kitchen noises and prevent guests from viewing the controlled chaos in your back of the house. These can be opened from whichever side, which means traffic won’t get backed up. Your servers will be able to easily pass through the swing restaurant doors hands free while holding the main course on a tray. If you're interested in an aesthetically pleasing traffic door to easily transition the workflow from the kitchen to the table and shield your customers from the kitchen, the Prepline will come in handy.
    ",https://usr-content.s3.us-east-2.amazonaws.com/prepline/ptd-specsheet.pdf,https://usrbrands.com/products/72-x-84-double-aluminum-swinging-service-traffic-door-with-9-x-14-window,https://usr-content.s3.us-east-2.amazonaws.com/prepline/ptd-series-manual.pdf
"30"" x 84"" Single Aluminum Swinging Service Traffic Door with 9"" x 14"" Window",,,PREPLINE,"
                            <ul>
<li>Fits 30"" x 84"" openings</li>
<li>Built-in 9'' x 14'' window</li>
<li>.063"" anodized aluminum construction</li>
<li>Lightweight and easy to open</li>
<li>Top and bottom mounting kits included</li>
<li>Reversible (left/right opening)</li>
</ul>
                          ",https://usrbrands.com/cdn/shop/products/ptd3084_1_130x.jpg?v=1637894286,"
      Prepline range of swinging doors minimize kitchen noises and prevent guests from viewing the controlled chaos in your back of the house. These can be opened from whichever side, which means traffic won’t get backed up. Your servers will be able to easily pass through the swing restaurant doors hands free while holding the main course on a tray. If you're interested in an aesthetically pleasing traffic door to easily transition the workflow from the kitchen to the table and shield your customers from the kitchen, the Prepline will come in handy.
    ",https://usr-content.s3.us-east-2.amazonaws.com/prepline/ptd-specsheet.pdf,https://usrbrands.com/products/30-x-84-single-aluminum-swinging-service-traffic-door-with-9-x-14-window,https://usr-content.s3.us-east-2.amazonaws.com/prepline/ptd-series-manual.pdf
"36"" x 84"" Single Aluminum Swinging Service Traffic Door with 9"" x 14"" Window",,,PREPLINE,"
                            <ul>
<li>Fits 36"" x 84"" openings</li>
<li>Built-in 9'' x 14'' window</li>
<li>.063"" anodized aluminum construction</li>
<li>Lightweight and easy to open</li>
<li>Top and bottom mounting kits included</li>
<li>Reversible (left/right opening)</li>
</ul>
                          ",https://usrbrands.com/cdn/shop/products/ptd3684_130x.jpg?v=1637893917,"
      Prepline range of swinging doors minimize kitchen noises and prevent guests from viewing the controlled chaos in your back of the house. These can be opened from whichever side, which means traffic won’t get backed up. Your servers will be able to easily pass through the swing restaurant doors hands free while holding the main course on a tray. If you're interested in an aesthetically pleasing traffic door to easily transition the workflow from the kitchen to the table and shield your customers from the kitchen, the Prepline will come in handy.
    ",https://usr-content.s3.us-east-2.amazonaws.com/prepline/ptd-specsheet.pdf,https://usrbrands.com/products/36-x-84-single-aluminum-swinging-service-traffic-door-with-9-x-14-window,https://usr-content.s3.us-east-2.amazonaws.com/prepline/ptd-series-manual.pdf
"60"" x 84"" Double Aluminum Swinging Service Traffic Door with 9"" x 14"" Window",,,PREPLINE,"
                            <ul>
<li>Fits 60"" x 84"" openings</li>
<li>Built-in 9'' x 14'' window</li>
<li>.063"" anodized aluminum construction</li>
<li>Lightweight and easy to open</li>
<li>Top and bottom mounting kits included</li>
</ul>
                          ",https://usrbrands.com/cdn/shop/products/ptd3084-1_130x.jpg?v=1637894183,"
      Prepline range of swinging doors minimize kitchen noises and prevent guests from viewing the controlled chaos in your back of the house. These can be opened from whichever side, which means traffic won’t get backed up. Your servers will be able to easily pass through the swing restaurant doors hands free while holding the main course on a tray. If you're interested in an aesthetically pleasing traffic door to easily transition the workflow from the kitchen to the table and shield your customers from the kitchen, the Prepline will come in handy.
    ",https://usr-content.s3.us-east-2.amazonaws.com/prepline/ptd-specsheet.pdf,https://usrbrands.com/products/60-x-84-double-aluminum-swinging-service-traffic-door-with-9-x-14-window,https://usr-content.s3.us-east-2.amazonaws.com/prepline/ptd-series-manual.pdf
Prepline PCM1 Pourover Coffee Brewer,PCM1,,PREPLINE,"
                            <ul>
<li>Stainless steel construction</li>
<li>12 Cups capacity</li>
<li>56 cups (3.5 gallons) per hour</li>
<li>Easy to use with toggle&nbsp;switch</li>
<li>Compact design</li>
<li>(1)Airpot(Sold Separately)</li>
</ul>
                          ",https://usrbrands.com/cdn/shop/products/pcdm1a_2947820d-1ba9-45f5-a9cf-ba08046c50cd_130x.jpg?v=1637745069,"
      This Prepline machine are functional and efficient for caterers, offices, schools, and churches that would always like to have fresh coffee ready. Our machine is easy to use. The impact-resistant stainless steel design makes this unit extremely durable. Whether you’re running a cafeteria, planning a group function, or running a business meeting, keep everyone refreshed with hot, flavorful coffee.
    ",https://usr-content.s3.us-east-2.amazonaws.com/prepline/pcm1-specsheet.pdf,https://usrbrands.com/products/prepline-pcm1-pourover-coffee-brewer,https://usrbrands.com/products/prepline-pcm1-pourover-coffee-brewer
PCM2D Pourover Coffee Maker with 2 Warmers - 120V,PCM2D,,PREPLINE,"
                            <ul>
<li>Stainless steel construction</li>
<li>12 Cups capacity</li>
<li>56 cups (3.5 gallons) per hour</li>
<li>Easy to use with toggle&nbsp;switch</li>
<li>Non-skid feet</li>
<li>Compact design</li>
<li>Fits 2 coffee decanters(Sold Separately)</li>
</ul>
                          ",https://usrbrands.com/cdn/shop/products/coffee-maker-1_130x.jpg?v=1637744858,"
      This Prepline machine are functional and efficient for caterers, offices, schools, and churches that would always like to have fresh coffee ready. Our machine is easy to use. The impact-resistant stainless steel design makes this unit extremely durable. Whether you’re running a cafeteria, planning a group function, or running a business meeting, keep everyone refreshed with hot, flavorful coffee.
    ",https://usr-content.s3.us-east-2.amazonaws.com/prepline/pcm2d-specsheet.pdf,https://usrbrands.com/products/pcm2d-pourover-coffee-maker-with-2-warmers-120v,https://usrbrands.com/products/pcm2d-pourover-coffee-maker-with-2-warmers-120v
"Full Size 6"" Deep Stainless Steel Steam Table Spillage/Water Pan",,,PREPLINE,"
                            <ul>
<li>Standard weight</li>
<li>Polished surface</li>
<li>Anti-rust finish</li>
<li>Spillage Water Pan</li>
<li>18/8 Stainless steel</li>
<li>Double reinforced corners</li>
<li>NSF certified</li>
</ul>
                          ",https://usrbrands.com/cdn/shop/products/pwpf6_130x.jpg?v=1634118314,"
      Full size water pan, 6"" Bowl Deep, 24 Gauge, Easy cleaning.

Used in restaurants, and hotels in new york and throughout the world, spillage water pan is a fundamental part of every commercial kitchen.
    ",https://usr-content.s3.us-east-2.amazonaws.com/prepline/pfp-series-specsheet.pdf,https://usrbrands.com/products/pwfp-6-full-size-stainless-steel-water-spillage-pan,https://usrbrands.com/products/pwfp-6-full-size-stainless-steel-water-spillage-pan
64 oz. Glass Coffee Decanter with Black Handle,,,PREPLINE,"
                            <ul>
<li>Coffee Decanter</li>
<li>Glass construction</li>
<li>Wide, circular base</li>
<li>64 oz.</li>
</ul>
                          ",https://usrbrands.com/cdn/shop/products/coffee-decanter-1_1_130x.jpg?v=1633694517,"
      This Prepline machine are functional and efficient for caterers, offices, schools, and churches that would always like to have fresh coffee ready. Our machine is easy to use. The impact-resistant stainless steel design makes this unit extremely durable. Whether you’re running a cafeteria, planning a group function, or running a business meeting, keep everyone refreshed with hot, flavorful coffee.
    ",https://usrbrands.com/collections/all/products/64-oz-glass-coffee-decanter-with-black-handle,https://usrbrands.com/products/64-oz-glass-coffee-decanter-with-black-handle,https://usrbrands.com/products/64-oz-glass-coffee-decanter-with-black-handle
"HBS350 14"" Blade Commercial Electric Meat Slicer",HBS350,,PREPLINE,"
                            <ul>
<li>Aluminum alloy construction</li>
<li>14” Blade</li>
<li>Built-in sharpener</li>
<li>Compact design</li>
<li>Removable carriage</li>
<li>Adjustable slice thickness</li>
<li>Product pusher handle</li>
<li>ON/OFF push button</li>
<li>Countertop mode</li>
</ul>
                          ",https://usrbrands.com/cdn/shop/products/hbs350_130x.jpg?v=1627919515,"
      This Prepline meat slicer offers the perfect blend of cost and reliability. It is an excellent choice for small restaurants, coffee shops, and pizzerias. Bring efficiency to your low-volume applications and reliably slice up deli meat, sandwich vegetables, and appetizers. What’s more, the Prepline table top meat slicer is designed to work quickly and is super-easy to clean as well. It makes a valuable addition to your catering business or foodservice operation.
    ",https://usr-content.s3.us-east-2.amazonaws.com/prepline/hbs350-specsheet.pdf,https://usrbrands.com/products/hbs350-14-blade-commercial-electric-meat-slicer,https://usrbrands.com/products/hbs350-14-blade-commercial-electric-meat-slicer
"HBS220 9"" Blade Commercial Electric Meat Slicer",HBS220,,PREPLINE,"
                            <ul>
<li>Aluminum alloy construction</li>
<li>9” Blade</li>
<li>Built-in sharpener</li>
<li>Compact design</li>
<li>Removable carriage</li>
<li>Adjustable slice thickness</li>
<li>Product pusher handle</li>
<li>ON/OFF push button</li>
<li>Countertop mode</li>
</ul>
                          ",https://usrbrands.com/cdn/shop/products/hbs220_130x.jpg?v=1627919153,"
      This Prepline meat slicer offers the perfect blend of cost and reliability. It is an excellent choice for small restaurants, coffee shops, and pizzerias. Bring efficiency to your low-volume applications and reliably slice up deli meat, sandwich vegetables, and appetizers. What’s more, the Prepline table top meat slicer is designed to work quickly and is super-easy to clean as well. It makes a valuable addition to your catering business or foodservice operation.
    ",https://usr-content.s3.us-east-2.amazonaws.com/prepline/hbs220-specsheet.pdf,https://usrbrands.com/products/hbs220-9-blade-commercial-electric-meat-slicer,https://usrbrands.com/products/hbs220-9-blade-commercial-electric-meat-slicer
"BM6 48"" Countertop Steam Table 6-Pan Bain Marie Food Warmer",BM6,,PREPLINE,"
                            <ul>
<li>Heavy-duty heating element</li>
<li>Fits 1/3 size food pans(included)</li>
<li>Thermostat control 86 F to 212 F temperature range</li>
<li>With drain valve for easy cleaning</li>
<li>Variable heat control with power on indicator</li>
<li>Light and portable for countertop use</li>
<li>Stainless steel water well</li>
<li>Wet heat operation</li>
<li>Simple dial control let turn on/off and adjust temperature</li>
</ul>
                          ",https://usrbrands.com/cdn/shop/products/BM-02_130x.jpg?v=1612898403,"
      Hold and serve hot foods without the need for a full size steam table. The BM-Series food warmer features a stainless steel well to hold water and 1/3 size steam table pans that will keep food hot and fresh for hours.
    ",https://usr-content.s3.us-east-2.amazonaws.com/prepline/bm-series-specsheet.pdf,https://usrbrands.com/products/bm6-48-countertop-steam-table-6-pan-bain-marie-food-warmer,https://usrbrands.com/products/bm6-48-countertop-steam-table-6-pan-bain-marie-food-warmer
"BM4 34"" Countertop Steam Table 4-Pan Bain Marie Food Warmer",BM4,,PREPLINE,"
                            <ul>
<li>Heavy-duty heating element</li>
<li>Fits 1/3 size food pans(included)</li>
<li>Thermostat control 86 F to 212 F temperature range</li>
<li>With drain valve for easy cleaning</li>
<li>Variable heat control with power on indicator</li>
<li>Light and portable for countertop use</li>
<li>Stainless steel water well</li>
<li>Wet heat operation</li>
<li>Simple dial control let turn on/off and adjust temperature</li>
</ul>
                          ",https://usrbrands.com/cdn/shop/products/BM-01_130x.jpg?v=1612898401,"
      Hold and serve hot foods without the need for a full size steam table. The BM-Series food warmer features a stainless steel well to hold water and 1/3 size steam table pans that will keep food hot and fresh for hours.
    ",https://usr-content.s3.us-east-2.amazonaws.com/prepline/bm-series-specsheet.pdf,https://usrbrands.com/products/bm4-34-countertop-steam-table-4-pan-bain-marie-food-warmer,https://usrbrands.com/products/bm4-34-countertop-steam-table-4-pan-bain-marie-food-warmer
HWD-10 2.6 Gallon Hot Water Dispenser - 110V,HWD-10,,PREPLINE,"
                            <ul>
<li>Stainless steel hot water dispenser</li>
<li>Energy efficient system keeps water temperature constant</li>
<li>Ample 2.6 gallon capacity</li>
<li>Detachable drip tray collects all drips and spills</li>
<li>Stainless steel no-drip faucet<br>
</li>
<li>Ideal for large scale food preparation</li>
<li>Easy-to-clean stainless steel exterior</li>
</ul>
                          ",https://usrbrands.com/cdn/shop/files/hwd-10-water-dispenser-with-tray_1_130x.jpg?v=1717556388,"
      The Prepline HWD-Series hot water dispenser is perfect for making hot water for tea. Featuring a water line and drip tray, this commercial stainless steel finish unit is great for high-volume drink service.
    ",https://usr-content.s3.us-east-2.amazonaws.com/prepline/hwd-10-specsheet.pdf,https://usrbrands.com/products/hwd-10-2-6-gallon-hot-water-dispenser-110v,https://usrbrands.com/products/hwd-10-2-6-gallon-hot-water-dispenser-110v
CJ5 Citrus Juicer - 180W,CJ5,,PREPLINE,"
                            
<ul>
 	<li>Casting aluminum body</li>
 	<li>Juice both fruits and vegetables</li>
 	<li>Removable bowl for easy cleaning</li>
 	<li>One piece base</li>
 	<li>Smooth and polished appearance</li>
 	<li>3 removable squeezer cone</li>
 	<li>Particularly adapted for continuous production</li>
 	<li>For commercial use</li>
 	<li>Easy to clean</li>
</ul>

                          ",https://usrbrands.com/cdn/shop/products/CJ5_130x.jpg?v=1612898397,"
      Looking to spice up your restaurant's bar cocktail experience now you can with the Prepline CJ-Series Citrus Juicer. With this electric juicer, you can squeeze fresh oranges, lime, lemons, or grapefruit into healthy delicious juice.
    ",https://usr-content.s3.us-east-2.amazonaws.com/prepline/cj5-specsheet.pdf,https://usrbrands.com/products/cj5-citrus-juicer-180w,https://usrbrands.com/products/cj5-citrus-juicer-180w
Prepline MIX6-Q64 Quiet Top 64oz Commercial Blender 3.5HP with Sound Cover - 110V,MIX6-Q64,,PREPLINE,"
                            <ul>
<li>64 oz. Capacity Quiet Top Commercial Blender</li>
<li>Removable sound enclosure reduces noise</li>
<li>Heavy-duty 420J stainless steel blades</li>
<li>Toggle controls simplify the operation for effortless use</li>
<li>Variable speed control provides a variety of texture options</li>
<li>A convenient pulse switch for instant ""High"" speed operation</li>
<li>Clear Tritan container allows for easy product visibility</li>
<li>Durable BPA-free container</li>
<li>Current protector thermal protector</li>
<li>3.5HP, 26,000 RPM motor</li>
<li>2-piece lid design</li>
<li>A handy stirring rod included</li>
<li>Black exterior base<br>
</li>
</ul>
                          ",https://usrbrands.com/cdn/shop/files/bl20q-commercial-blender-quite_130x.jpg?v=1722339225,"
      Our top selling Quiet blender, the Prepline MIX6-Q64 gives the Vitamix Quite One something to scream about. The Quite Top transparent sound cover filters out 80% of mixing noise to keep your store quiet and your customers happy. This Prepline MIX6-Q64 3.5 HP commercial blender, with its large 64-ounce Tritan™ container, is designed for high-volume blending without the need for frequent refills. 
    ",https://usr-content.s3.us-east-2.amazonaws.com/prepline/mix6-64-specsheet.pdf,https://usr-content.s3.us-east-2.amazonaws.com/prepline/prepline-warranty.pdf,https://usrbrands.com/products/bl20-q-2hp-heavy-duty-64oz-commercial-blender-with-sound-reduction-cover-110v
BL15 2HP Heavy-Duty 64oz Adjustable Speed Commercial Blender - 110V,BL15,,PREPLINE,"
                            
<ul>
 	<li>Commercial Blender</li>
 	<li>64 oz. capacity</li>
 	<li>stainless steel blades</li>
 	<li>control panel with variable speed &amp; pulse control</li>
 	<li>current protector</li>
 	<li>thermal protector for motor &amp; reset button</li>
 	<li>32,000 RPM motor</li>
 	<li>28,000 RPM blending speed</li>
 	<li>110v/60/1-ph/1500 watts/2HP (4.5 HP Peak)</li>
</ul>

                          ",https://usrbrands.com/cdn/shop/products/BL10_130x.jpg?v=1612898394,"
      The Prepline BL-Series commercial blender is equipped with a powerful motor with stainless steel blades for effective blending. The control panel allows for variable speed and pulse control. Equipped with current protector, thermal protector for motor, and reset button.
    ",https://usr-content.s3.us-east-2.amazonaws.com/prepline/bl15-specsheet.pdf,https://usrbrands.com/products/bl15-2hp-heavy-duty-64oz-adjustable-speed-commercial-blender-110v,https://usrbrands.com/products/bl15-2hp-heavy-duty-64oz-adjustable-speed-commercial-blender-110v
MC32 #32 HUB 2 HP 661 lb. Meat Grinder,MC32,,PREPLINE,"
                            
<ul>
 	<li>661 lbs/hour production</li>
 	<li>#32 HUB head size attachment</li>
 	<li>Heavy-duty high torque motor</li>
 	<li>Manual reset motor overload protection</li>
 	<li>Gear-driven transmission</li>
 	<li>Long lasting grease-lubricated gear box</li>
 	<li>Forward and reverse switch</li>
 	<li>Top-mounted handle with tray support</li>
 	<li>Non-slip rubber feet</li>
 	<li>1/4"" (6mm), and 5/16"" (8mm) extruder plate</li>
 	<li>Plastic food pusher</li>
</ul>

                          ",https://usrbrands.com/cdn/shop/products/mc32_130x.jpg?v=1612898349,"
      This Prepline MC-series meat grinder is an ideal piece of equipment for small butcher shops, delis, and restaurants. This professional meat chopper facilitates prompt and
efficient breakdown of sausage, beef, wild game, and other meats to save time and labor in your establishment. Maximize your meat processing capabilities and get more value for money with a Prepline industrial meat grinder.
    ",https://usr-content.s3.us-east-2.amazonaws.com/prepline/mc32-specsheet.pdf,https://usrbrands.com/products/mc32-32-hub-2-hp-661-lb-meat-grinder,https://usrbrands.com/products/mc32-32-hub-2-hp-661-lb-meat-grinder
PWTG-Series Stainless Steel Worktable with Undershelf,PWTG-Series,,PREPLINE,"
                            
<ul>
 	<li>High grade Stainless steel body heavy duty and durable</li>
 	<li>Both undershelf and abs bullet feet are adjustable</li>
 	<li>Top reinforced with hat channel frame</li>
 	<li>Sound-deadening tape between channel frame and top</li>
 	<li>Sockets are recessed into channel frame to prevent lateral movement</li>
 	<li>Anti-corrosion water-proof easy to clean and practical</li>
 	<li>All edges finished to for safety</li>
 	<li>Weight capacity: 540 lb. top, 410 lb. undershelf</li>
 	<li>Installation kit included</li>
 	<li>18GA. 430 S/S fat top shelf</li>
 	<li>18GA. undershelf and hat channel</li>
 	<li>Anti-wobble Leg and socket design</li>
 	<li>Plastic bullet foot</li>
 	<li>Carton box packing</li>
 	<li>3” Table Casters (set of 4) (Optional features)</li>
 	<li>Knock-down design easy to assemble</li>
</ul>

                          ",https://usrbrands.com/cdn/shop/products/PWTG-Series_130x.jpg?v=1612898343,"
      The Prepline PWTG is our most popular line of stainless steel worktable. This prep table features an adjustable height of 35 to 36” With the best quality to price ratio in the industry these commercial worktables allow you to prepare foods, operate countertop slicers or mixers, and store heavy items with easy. With 540 lb. weight capacity for the top and 410 lb. weight capacity for the undershelf, the Prepline PWTG series is more than strong enough for the most demanding commercial uses. Prepline PWTG series stainless steel worktables shipped boxed and assemble in minutes with included screws and allen wrench. These heavy duty worktables feature high grade stainless steel work surface with an adjustable galvanized steel undershelf and extra durable leg and socket design to prevent lateral movement. The adjustable feet can raise or lower the unit by one inch and also make it easy to level on uneven surfaces.
    ",https://usr-content.s3.us-east-2.amazonaws.com/prepline/pwtg-series-undershelf-specsheet.pdf,https://usrbrands.com/products/pwtg-series-stainless-steel-worktable-with-undershelf,https://usrbrands.com/products/pwtg-series-stainless-steel-worktable-with-undershelf
V12HAE Vegetable Slicer Attachment #12 HUB for Mixer,V12HAE,,PREPLINE,"
                            
<ul>
<li>Vegetable Slicer #12 HUB Attachement</li>
<li>Aluminum alloy construction</li>
<li>304 Stainless steel knife</li>
<li>(1) Blade flange</li>
<li>(1) Shred plate 6mm</li>
<li>(1) Shred plate 8mm</li>
<li>Fits #12 HUB for 20 and 30 quart mixers&gt;
</li>
<li>cETLus/ ETL-S/ Conforms to NSF Standard</li>
</ul>

                          ",https://usrbrands.com/cdn/shop/products/v12hae_130x.jpg?v=1612898286,"
      
    ",https://usrbrands.com/products/v12hae-vegetable-slicer-attachment-12-hub-for-mixer,https://usrbrands.com/products/v12hae-vegetable-slicer-attachment-12-hub-for-mixer,https://usrbrands.com/products/v12hae-vegetable-slicer-attachment-12-hub-for-mixer
PC-Series Stainless Steel Enclosed Base Worktable with Sliding Doors with Adjustable Shelf,,,PREPLINE,"
                            
<ul>
 	<li>Durable 18 gauge type 430 stainless steel body construction</li>
 	<li>20 gauge type 430 stainless steel sliding doors with recessed handle</li>
 	<li>Enclosed style body provides concealed storage</li>
 	<li>Adjustable/removable stainless steel mid-shelf maximizes storage capacity</li>
 	<li>Large worktop for plenty of working room</li>
 	<li>Anti-corrosion</li>
 	<li>Waterproof</li>
 	<li>Easy to clean</li>
 	<li>All edges finished to provide safety burr free</li>
 	<li>Easy to assemble</li>
 	<li>NSF certified</li>
</ul>

                          ",,"
      The Prepline PC series enclosed base worktable is ideal equipment for a busy commercial kitchen. With an ample stainless steel top work area, there is more than enough room to place small appliances such as a blender, meat slicer, or use it as a prep station. The sliding doors with recessed handle can conceal kitchen contents for storage. Need more space? The mid-shelf is adjustable and removable. Unleveled floor, no worries, the bullet feet adjust up and down with a twist.
    ",https://usr-content.s3.us-east-2.amazonaws.com/prepline/pc-series-specsheet.pdf,https://usrbrands.com/products/pc-series-stainless-steel-enclosed-base-worktable-with-sliding-doors-with-adjustable-shelf,https://usrbrands.com/products/pc-series-stainless-steel-enclosed-base-worktable-with-sliding-doors-with-adjustable-shelf
"PES-3072 72"" Corrosion Resistant Steel Equipment Stand",PES-3072,,PREPLINE,"
                            
<ul>
 	<li>High grade stainless steel body</li>
 	<li>Heavy duty and durable</li>
 	<li>Both undershelf and ABS bullet feet are adjustable</li>
 	<li>Top reinforced with hat channel frame</li>
 	<li>Sound-deadening tape between channel frame and top</li>
 	<li>Sockets are recessed into channel frame</li>
 	<li>Anti-corrosion</li>
 	<li>Water-proof</li>
 	<li>Easy to clean</li>
 	<li>All edges finished to provide safety</li>
 	<li>Easy to assemble</li>
 	<li>3 Side backsplash</li>
 	<li>NSF certified</li>
</ul>

                          ",https://usrbrands.com/cdn/shop/files/pes-3072-equipment-stand_130x.jpg?v=1756110217,"
      This Prepline 30""W x 72""L equipment stand constructed from 18 gauge stainless steel that holds heavy-duty commercial kitchen equipment. It has a three-sided 2"" riser to keep equipment from sliding off. Perfect for holding griddles, mixers, electric fryers, and other commercial kitchen equipment.
    ",https://usr-content.s3.us-east-2.amazonaws.com/prepline/pes-series-specsheet.pdf,https://usrbrands.com/products/pes-3072-72-corrosion-resistant-steel-equipment-stand,https://usrbrands.com/products/pes-3072-72-corrosion-resistant-steel-equipment-stand
"PFC-4-SBR 4"" Red Plate Casters with Side Brake - Set of 4",PFC-4-SBR,,PREPLINE,"
                            
<ul>
 	<li>Swivel stem expanding casters</li>
 	<li>2 with brakes and 2 without brakes</li>
 	<li>Tread made of PU</li>
 	<li>1.42"" plastic expanding</li>
 	<li>Compatible with many work tables and equipment stands</li>
</ul>

                          ",https://usrbrands.com/cdn/shop/products/pfc-4-sbr_130x.jpg?v=1612898264,"
      The Prepline 4"" red set of caster wheels are a great substitute to adjustable legs that commercial refrigeration and cooking equipment come equipped with from the manufacturer. Easy to install onto units with plate bracket and four predrilled holes. This set includes two locking and two non-locking caster wheels to move equipment around when cleaning.
    ",https://usr-content.s3.us-east-2.amazonaws.com/prepline/pfc-4-sbr-specsheet.pdf,https://usrbrands.com/products/pfc-4-sbr-4-red-plate-casters-with-side-brake-set-of-4,https://usrbrands.com/products/pfc-4-sbr-4-red-plate-casters-with-side-brake-set-of-4
"PPEC-3-SB 3"" Low Profile Stem Post Casters with Side Brake, Set of 4",PPEC-3-SB,,PREPLINE,"
                            
<ul>
 	<li>Swivel stem expanding casters</li>
 	<li>2 with brakes and 2 without brakes</li>
 	<li>Tread made of PU</li>
 	<li>1.42"" plastic expanding</li>
	<li>Compatible with many work tables and equipment stands</li>
</ul>

                          ",https://usrbrands.com/cdn/shop/products/ppec-3-sb_130x.jpg?v=1612898262,"
      The Prepline 3″ low profile swivel stem casters are compatible with any work table or equipment stand. It allows you to move a stationary workstation into a mobile workstation. It is a perfect substitute when having to move large tables or stand for cleaning purposes.
    ",https://usr-content.s3.us-east-2.amazonaws.com/prepline/ppec-3-sb-specsheet.pdf,https://usrbrands.com/products/ppec-3-sb-3-low-profile-stem-post-casters-with-side-brake-set-of-4,https://usrbrands.com/products/ppec-3-sb-3-low-profile-stem-post-casters-with-side-brake-set-of-4
JUICEFASTER2000 Commercial 3/4 HP Electric Juice Extractor,JUICEFASTER2000,,PREPLINE,"
                            
<ul>
 	<li>Cast aluminum and stainless steel construction</li>
 	<li>Juice both fruits and vegetables</li>
 	<li>Automatic pulp extractor</li>
 	<li>Stainless steel motor shaft</li>
 	<li>6 or 8 different juice spout position location</li>
 	<li>Quiet operation</li>
 	<li>Continuous juice production</li>
 	<li>For commercial use</li>
 	<li>Easy to clean</li>
</ul>

                          ",,"
      The Prepline JuiceFaster series commercial juicer extractor is designed for heavy-duty commercial use. The ideal product to have for juice bars, health clubs, spas, restaurants and institutions. The powerful motor and stainless steel juicing parts are designed for long lasting trouble-free high-volume juicing.
    ",https://usr-content.s3.us-east-2.amazonaws.com/prepline/juicefaster2000-specsheet.pdf,https://usrbrands.com/products/juicefaster2000-commercial-3-4-hp-electric-juice-extractor,https://usrbrands.com/products/juicefaster2000-commercial-3-4-hp-electric-juice-extractor
JUICEFASTER1000 Commercial 1/2 HP Electric Juice Extractor,JUICEFASTER1000,,PREPLINE,"
                            
<ul>
 	<li>Cast aluminum and stainless steel construction</li>
 	<li>Juice both fruits and vegetables</li>
 	<li>Automatic pulp extractor</li>
 	<li>Stainless steel motor shaft</li>
 	<li>6 or 8 different juice spout position location</li>
 	<li>Quiet operation</li>
 	<li>Continuous juice production</li>
 	<li>For commercial use</li>
 	<li>Easy to clean</li>
</ul>

                          ",,"
      The Prepline JuiceFaster series commercial juicer extractor is designed for heavy-duty commercial use. The ideal product to have for juice bars, health clubs, spas, restaurants and institutions. The powerful motor and stainless steel juicing parts are designed for long lasting trouble-free high-volume juicing.
    ",https://usr-content.s3.us-east-2.amazonaws.com/prepline/juicefaster1000-specsheet.pdf,https://usrbrands.com/products/juicefaster1000-commercial-1-2-hp-electric-juice-extractor,https://usrbrands.com/products/juicefaster1000-commercial-1-2-hp-electric-juice-extractor
MC22 #22 HUB 1-1/2 HP 450 lb. Meat Grinder,MC22,,PREPLINE,"
                            <ul>
<li>530 lbs/hour production</li>
<li>#22 HUB head size attachment</li>
<li>Heavy-duty high torque motor</li>
<li>Manual reset motor overload protection</li>
<li>Gear-driven transmission</li>
<li>Long lasting grease-lubricated gear box</li>
<li>Forward and reverse switch</li>
<li>Top-mounted handle with tray support</li>
<li>Non-slip rubber feet</li>
<li>1/4"" (6mm), and 5/16"" (8mm) extruder plate</li>
<li>Plastic food pusher</li>
</ul>
                          ",https://usrbrands.com/cdn/shop/files/mc22-meat-ginder_130x.jpg?v=1727351889,"
      This Prepline MC-series meat grinder is an ideal piece of equipment for small butcher shops, delis, and restaurants. This professional meat chopper facilitates prompt and
efficient breakdown of sausage, beef, wild game, and other meats to save time and labor in your establishment. Maximize your meat processing capabilities and get more value for money with a Prepline industrial meat grinder.
    ",https://usr-content.s3.us-east-2.amazonaws.com/prepline/mc22-specsheet.pdf,https://usrbrands.com/products/mc22-22-hub-1-1-2-hp-450-lb-meat-grinder,https://usrbrands.com/products/mc22-22-hub-1-1-2-hp-450-lb-meat-grinder
MC12 #12 HUB 1 HP 250 lb. Meat Grinder,MC12,,PREPLINE,"
                            
<ul>
 	<li>250 lbs/hour production</li>
 	<li>#12 HUB head size attachment</li>
 	<li>Heavy-duty high torque motor</li>
 	<li>Manual reset motor overload protection</li>
 	<li>Gear-driven transmission</li>
 	<li>Long lasting grease-lubricated gear box</li>
 	<li>Forward and reverse switch</li>
 	<li>Top-mounted handle with tray support</li>
 	<li>Non-slip rubber feet</li>
 	<li>1/4"" (6mm), and 5/16"" (8mm) extruder plate</li>
 	<li>Plastic food pusher</li>
</ul>

                          ",https://usrbrands.com/cdn/shop/files/mc22-meat-ginder_eac0451b-8570-41f1-8a91-9d3fb0895d08_130x.jpg?v=1727351939,"
      This Prepline MC-series meat grinder is an ideal piece of equipment for small butcher shops, delis, and restaurants. This professional meat chopper facilitates prompt and
efficient breakdown of sausage, beef, wild game, and other meats to save time and labor in your establishment. Maximize your meat processing capabilities and get more value for money with a Prepline industrial meat grinder.
    ",https://usr-content.s3.us-east-2.amazonaws.com/prepline/mc12-specsheet.pdf,https://usrbrands.com/products/mc12-12-hub-1-hp-250-lb-meat-grinder,https://usrbrands.com/products/mc12-12-hub-1-hp-250-lb-meat-grinder
PSS-6000 10 Liter Stainless Steel Black Commercial Soup Kettle,PSS-6000,,PREPLINE,"
                            
<ul>
 	<li>Durable design for continuous use</li>
        <li>10-Liter capacity</li>
        <li>Stainless steel exterior</li>
<li>Thermostatic control with 12 temperature settings</li>
<li>Non-slip rubber feet</li>
<li>Stainless steel hinge lid with ladle holder</li>
<li>Cool-touch lid handle</li>
<li>Inset is dishwasher safe</li>
<li>Reheat cold food within 30 minutes</li>
<li>Magnetic food label for identification</li>
<li>Heating indicator light</li>


</ul>

                          ",https://usrbrands.com/cdn/shop/products/PSS-6000_130x.jpg?v=1612898150,"
      The Prepline soup kettle is a great way to store large quantities of soup and liquid food ready for serving. Ideal for restaurants, buffets, and catering services, this commercial soup warmer will hold stews, casseroles, curries, chilies, and mulled wine at optimal temperatures. Expand your menu with 10 liters of ready-to-serve food items. What’s more, an attractive and compact design captures your customers’ eyes and makes this accessory a great front-of-house merchandiser.
    ",https://usr-content.s3.us-east-2.amazonaws.com/prepline/pss-6000-specsheet.pdf,https://usrbrands.com/products/pss-6000-10-liter-stainless-steel-black-commercial-soup-kettle,https://usrbrands.com/products/pss-6000-10-liter-stainless-steel-black-commercial-soup-kettle
"PWS-1472 14""W x 72""L Stainless Steel Wall Mount Shelf",PWS-1472,,PREPLINE,"
                            <ul class=""product attribute bullet-points-description"">
<li>Dimension: 72 in. L x 14 in. D x 12 in. H</li>
<li>Shelf Capacity: 395 lb.</li>
<li>Weight: 21 lb.</li>
<li>Approvals: NSF</li>
</ul>
                          ",https://usrbrands.com/cdn/shop/products/pws-series-stainless-steel-wall-mount-shelf_4aee67d9-d1f2-4ace-9fde-781102e58332_130x.jpg?v=1612898141,"
      This Prepline 14""W x 72""L wall mount shelf will provide additional vertical storage space for a commercial kitchen. Easy to install with two support brackets. You can store your food ingredients, equipment, and supplies so you won't need to use any of your counter space. With no sharp edges, this wall shelf is easy to clean.
    ",https://usr-content.s3.us-east-2.amazonaws.com/prepline/pws-series-specsheet.pdf,https://usrbrands.com/products/pws-1472-14w-x-72l-stainless-steel-wall-mount-shelf,https://usrbrands.com/products/pws-1472-14w-x-72l-stainless-steel-wall-mount-shelf
"PWS-1460 14""W x 60""L Stainless Steel Wall Mount Shelf",PWS-1460,,PREPLINE,"
                            <ul class=""product attribute bullet-points-description"">
<li>Dimension: 60 in. L x 14 in. D x 12 in. H</li>
<li>Shelf Capacity: 395 lb.</li>
<li>Weight: 17 lb.</li>
<li>Approvals: NSF</li>
</ul>
                          ",https://usrbrands.com/cdn/shop/products/pws-series-stainless-steel-wall-mount-shelf_64f19b92-fae0-449f-946d-8802b8de9e8d_130x.jpg?v=1612898139,"
      This Prepline 14""W x 60""L wall mount shelf will provide additional vertical storage space for a commercial kitchen. Easy to install with two support brackets. You can store your food ingredients, equipment, and supplies so you won't need to use any of your counter space. With no sharp edges, this wall shelf is easy to clean.
    ",https://usr-content.s3.us-east-2.amazonaws.com/prepline/pws-series-specsheet.pdf,https://usrbrands.com/products/pws-1460-14w-x-60l-stainless-steel-wall-mount-shelf,https://usrbrands.com/products/pws-1460-14w-x-60l-stainless-steel-wall-mount-shelf
"PWS-1448 14""W x 48""L Stainless Steel Wall Mount Shelf",PWS-1448,,PREPLINE,"
                            <ul class=""product attribute bullet-points-description"">
<li>Dimension: 48 in. L x 14 in. D x 12 in. H</li>
<li>Shelf Capacity: 345 lb.</li>
<li>Weight: 15 lb.</li>
<li>Approvals: NSF</li>
</ul>
                          ",https://usrbrands.com/cdn/shop/products/pws-series-stainless-steel-wall-mount-shelf_22ad7c49-6d0b-437b-881f-152290fc23be_130x.jpg?v=1612898137,"
      This Prepline 14""W x 48""L wall mount shelf will provide additional vertical storage space for a commercial kitchen. Easy to install with two support brackets. You can store your food ingredients, equipment, and supplies so you won't need to use any of your counter space. With no sharp edges, this wall shelf is easy to clean.
    ",https://usr-content.s3.us-east-2.amazonaws.com/prepline/pws-series-specsheet.pdf,https://usrbrands.com/products/pws-1448-14w-x-48l-stainless-steel-wall-mount-shelf,https://usrbrands.com/products/pws-1448-14w-x-48l-stainless-steel-wall-mount-shelf
"PWS-1436 14""W x 36""L Stainless Steel Wall Mount Shelf",PWS-1436,,PREPLINE,,https://usrbrands.com/cdn/shop/products/pws-series-stainless-steel-wall-mount-shelf_1390ebcc-d8bd-48fa-9eb3-747eb25647d5_130x.jpg?v=1612898135,"
      This Prepline 14""W x 36""L wall mount shelf will provide additional vertical storage space for a commercial kitchen. Easy to install with two support brackets. You can store your food ingredients, equipment, and supplies so you won't need to use any of your counter space. With no sharp edges, this wall shelf is easy to clean.
    ",,,
"PWS-1424 14""W x 24""L Stainless Steel Wall Mount Shelf",PWS-1424,,PREPLINE,,https://usrbrands.com/cdn/shop/products/pws-series-stainless-steel-wall-mount-shelf_130x.jpg?v=1612898133,"
      This Prepline 14""W x 24""L wall mount shelf will provide additional vertical storage space for a commercial kitchen. Easy to install with two support brackets. You can store your food ingredients, equipment, and supplies so you won't need to use any of your counter space. With no sharp edges, this wall shelf is easy to clean.
    ",,,
"PWTG-4BS Series Stainless Steel Worktable with 4"" Backsplash with Galvanized Undershelf",PWTG-4BS,,PREPLINE,"
                            
<ul>
 	<li>Stainless steel top, legs, and frame</li>
 	<li>4"" stainless steel backsplash</li>
 	<li>Galvanized adjustable undershelf</li>
 	<li>ABS bullet feet are adjustable</li>
 	<li>Heavy duty and durable</li>
 	<li>Top reinforced with hat channel frame</li>
 	<li>Sound-deadening tape between channel frame and top</li>
 	<li>Sockets are recessed into channel frame</li>
 	<li>Anti-corrosion</li>
 	<li>Waterproof</li>
 	<li>Easy to clean</li>
 	<li>All edges finished to provide safety burr free</li>
 	<li>Easy to assemble</li>
 	<li>NSF certified</li>
</ul>







                          ",https://usrbrands.com/cdn/shop/products/PWTG-2472-4BS_130x.jpg?v=1612898130,"
      The Prepline PWTG-4BS series flat top work table is constructed from 18 gauge stainless steel body for extended durability and use. A 4"" height backsplash keeps kitchen walls clean and food ingredients from falling off the back of the table. The galvanized undershelf is adjustable to fit any storage crates. Adjustable plastic bullet feet helps out with leveling worktable on uneven surfaces. Having a worktable is a piece of essential kitchen equipment for any commercial kitchen operation.
    ",https://usr-content.s3.us-east-2.amazonaws.com/prepline/pwtg-series-undershelf-specsheet.pdf,https://usrbrands.com/products/pwtg-4bs-series-stainless-steel-worktable-with-4-backsplash-with-galvanized-undershelf,https://usrbrands.com/products/pwtg-4bs-series-stainless-steel-worktable-with-4-backsplash-with-galvanized-undershelf
"PDOS-1872 18""W x 72""L Stainless Steel Double Tier Overshelf",PDOS-1872,,PREPLINE,"
                            <ul>
<li>High grade stainless steel body</li>
<li>Heavy duty and durable</li>
<li>Top reinforced with hat channel frame</li>
<li>Sound-deadening tape between channel frame and top</li>
<li>Sockets are recessed into channel frame</li>
<li>Anti-corrosion</li>
<li>Waterproof</li>
<li>Easy to clean</li>
<li>All edges finished to provide safety burr free</li>
<li>Easy to assemble<br>
</li>
<li>NSF certified</li>
</ul>
                          ",https://usrbrands.com/cdn/shop/files/pdos-1448-overshelf-angle_3d2d042d-86dc-4ff3-8e23-6cefcea51f0f_130x.jpg?v=1756094675,"
      This Prepline 18""W x 72""L double tier over shelf constructed from 18 gauge stainless for extended durability and use. With a double shelf design storing and organization cooking items add valuable storage space to your commercial kitchen.
    ",https://usr-content.s3.us-east-2.amazonaws.com/prepline/pdos-series-specsheet.pdf,https://usrbrands.com/products/pdos-1872-18w-x-72l-stainless-steel-double-tier-overshelf,https://usrbrands.com/products/pdos-1872-18w-x-72l-stainless-steel-double-tier-overshelf
"PDOS-1870 18""W x 70""L Stainless Steel Double Tier Overshelf",PDOS-1870,,PREPLINE,"
                            <ul>
<li>High grade stainless steel body</li>
<li>Heavy duty and durable</li>
<li>Top reinforced with hat channel frame</li>
<li>Sound-deadening tape between channel frame and top</li>
<li>Sockets are recessed into channel frame</li>
<li>Anti-corrosion</li>
<li>Waterproof</li>
<li>Easy to clean</li>
<li>All edges finished to provide safety burr free</li>
<li>Easy to assemble<br>
</li>
<li>NSF certified</li>
</ul>
                          ",https://usrbrands.com/cdn/shop/files/pdos-1472-overshelf-angle_1_5c040d6a-5a8d-40ec-bfa1-53145af6232d_130x.jpg?v=1756094906,"
      This Prepline 18""W x 70""L double tier over shelf constructed from 18 gauge stainless for extended durability and use. With a double shelf design storing and organization cooking items add valuable storage space to your commercial kitchen.
    ",https://usr-content.s3.us-east-2.amazonaws.com/prepline/pdos-series-specsheet.pdf,https://usrbrands.com/products/pdos-1870-18w-x-70l-stainless-steel-double-tier-overshelf,https://usrbrands.com/products/pdos-1870-18w-x-70l-stainless-steel-double-tier-overshelf
"PDOS-1860 18""W x 60""L Stainless Steel Double Tier Overshelf",PDOS-1860,,PREPLINE,"
                            <ul>
<li>High grade stainless steel body</li>
<li>Heavy duty and durable</li>
<li>Top reinforced with hat channel frame</li>
<li>Sound-deadening tape between channel frame and top</li>
<li>Sockets are recessed into channel frame</li>
<li>Anti-corrosion</li>
<li>Waterproof</li>
<li>Easy to clean</li>
<li>All edges finished to provide safety burr free</li>
<li>Easy to assemble<br>
</li>
<li>NSF certified</li>
</ul>
                          ",https://usrbrands.com/cdn/shop/files/pdos-1448-overshelf-angle_e294b6fa-bf02-41c3-aa5e-3220c4a8732a_130x.jpg?v=1756094498,"
      This Prepline 18""W x 60""L double tier over shelf constructed from 18 gauge stainless for extended durability and use. With a double shelf design storing and organization cooking items add valuable storage space to your commercial kitchen.
    ",https://usr-content.s3.us-east-2.amazonaws.com/prepline/pdos-series-specsheet.pdf,https://usrbrands.com/products/pdos-1860-18w-x-60l-stainless-steel-double-tier-overshelf,https://usrbrands.com/products/pdos-1860-18w-x-60l-stainless-steel-double-tier-overshelf
"PDOS-1848 18""W x 48""L Stainless Steel Double Tier Overshelf",PDOS-1848,,PREPLINE,"
                            <ul>
<li>High grade stainless steel body</li>
<li>Heavy duty and durable</li>
<li>Top reinforced with hat channel frame</li>
<li>Sound-deadening tape between channel frame and top</li>
<li>Sockets are recessed into channel frame</li>
<li>Anti-corrosion</li>
<li>Waterproof</li>
<li>Easy to clean</li>
<li>All edges finished to provide safety burr free</li>
<li>Easy to assemble<br>
</li>
<li>NSF certified</li>
</ul>
                          ",https://usrbrands.com/cdn/shop/files/pdos-1848-overshelf_130x.jpg?v=1756094396,"
      This Prepline 18""W x 48""L double tier over shelf constructed from 18 gauge stainless for extended durability and use. With a double shelf design storing and organization cooking items add valuable storage space to your commercial kitchen.
    ",https://usr-content.s3.us-east-2.amazonaws.com/prepline/pdos-series-specsheet.pdf,https://usrbrands.com/products/pdos-1848-18w-x-48l-stainless-steel-double-tier-overshelf,https://usrbrands.com/products/pdos-1848-18w-x-48l-stainless-steel-double-tier-overshelf
"PDOS-1846 18""W x 46""L Stainless Steel Double Tier Overshelf",PDOS-1846,,PREPLINE,"
                            <ul>
<li>High grade stainless steel body</li>
<li>Heavy duty and durable</li>
<li>Top reinforced with hat channel frame</li>
<li>Sound-deadening tape between channel frame and top</li>
<li>Sockets are recessed into channel frame</li>
<li>Anti-corrosion</li>
<li>Waterproof</li>
<li>Easy to clean</li>
<li>All edges finished to provide safety burr free</li>
<li>Easy to assemble<br>
</li>
<li>NSF certified</li>
</ul>
                          ",https://usrbrands.com/cdn/shop/files/pdos-1848-overshelf_1_130x.jpg?v=1756094785,"
      This Prepline 18""W x 46""L double tier over shelf constructed from 18 gauge stainless for extended durability and use. With a double shelf design storing and organization cooking items add valuable storage space to your commercial kitchen.
    ",https://usr-content.s3.us-east-2.amazonaws.com/prepline/pdos-series-specsheet.pdf,https://usrbrands.com/products/pdos-1846-18w-x-46l-stainless-steel-double-tier-overshelf,https://usrbrands.com/products/pdos-1846-18w-x-46l-stainless-steel-double-tier-overshelf
"PDOS-1472 14""W x 72""L Stainless Steel Double Tier Overshelf",PDOS-1472,,PREPLINE,"
                            <ul>
<li>High grade stainless steel body</li>
<li>Heavy duty and durable</li>
<li>Top reinforced with hat channel frame</li>
<li>Sound-deadening tape between channel frame and top</li>
<li>Sockets are recessed into channel frame</li>
<li>Anti-corrosion</li>
<li>Waterproof</li>
<li>Easy to clean</li>
<li>All edges finished to provide safety burr free</li>
<li>Easy to assemble<br>
</li>
<li>NSF certified</li>
</ul>
                          ",https://usrbrands.com/cdn/shop/files/pdos-1472-overshelf-angle_1_e865e8ac-bb18-4808-9ef9-8b9400a0dcc7_130x.jpg?v=1756094216,"
      This Prepline 14""W x 72""L double tier over shelf constructed from 18 gauge stainless for extended durability and use. With a double shelf design storing and organization cooking items add valuable storage space to your commercial kitchen.
    ",https://usr-content.s3.us-east-2.amazonaws.com/prepline/pdos-series-specsheet.pdf,https://usrbrands.com/products/pdos-1472-14w-x-72l-stainless-steel-double-tier-overshelf,https://usrbrands.com/products/pdos-1472-14w-x-72l-stainless-steel-double-tier-overshelf
"PDOS-1470 14""W x 70""L Stainless Steel Double Tier Overshelf",PDOS-1470,,PREPLINE,"
                            <ul>
<li>High grade stainless steel body</li>
<li>Heavy duty and durable</li>
<li>Top reinforced with hat channel frame</li>
<li>Sound-deadening tape between channel frame and top</li>
<li>Sockets are recessed into channel frame</li>
<li>Anti-corrosion</li>
<li>Waterproof</li>
<li>Easy to clean</li>
<li>All edges finished to provide safety burr free</li>
<li>Easy to assemble<br>
</li>
<li>NSF certified</li>
</ul>
                          ",https://usrbrands.com/cdn/shop/files/pdos-1472-overshelf-angle_1_130x.jpg?v=1756093793,"
      This Prepline 14""W x 70""L double tier over shelf constructed from 18 gauge stainless for extended durability and use. With a double shelf design storing and organization cooking items add valuable storage space to your commercial kitchen.
    ",https://usr-content.s3.us-east-2.amazonaws.com/prepline/pdos-series-specsheet.pdf,https://usrbrands.com/products/pdos-1470-14w-x-70l-stainless-steel-double-tier-overshelf,https://usrbrands.com/products/pdos-1470-14w-x-70l-stainless-steel-double-tier-overshelf
"PDOS-1460 14""W x 60""L Stainless Steel Double Tier Overshelf",PDOS-1460,,PREPLINE,"
                            <ul>
<li>High grade stainless steel body</li>
<li>Heavy duty and durable</li>
<li>Top reinforced with hat channel frame</li>
<li>Sound-deadening tape between channel frame and top</li>
<li>Sockets are recessed into channel frame</li>
<li>Anti-corrosion</li>
<li>Waterproof</li>
<li>Easy to clean</li>
<li>All edges finished to provide safety burr free</li>
<li>Easy to assemble<br>
</li>
<li>NSF certified</li>
</ul>
                          ",https://usrbrands.com/cdn/shop/files/pdos-1448-overshelf-angle_33421141-425b-4af3-b663-6f35eaebfdd6_130x.jpg?v=1756094103,"
      This Prepline 14""W x 60""L double tier over shelf constructed from 18 gauge stainless for extended durability and use. With a double shelf design storing and organization cooking items add valuable storage space to your commercial kitchen.
    ",https://usr-content.s3.us-east-2.amazonaws.com/prepline/pdos-series-specsheet.pdf,https://usrbrands.com/products/pdos-1460-14w-x-60l-stainless-steel-double-tier-overshelf,https://usrbrands.com/products/pdos-1460-14w-x-60l-stainless-steel-double-tier-overshelf
"PDOS-1448 14""W x 48""L Stainless Steel Double Tier Overshelf",PDOS-1448,,PREPLINE,"
                            <ul>
<li>High grade stainless steel body</li>
<li>Heavy duty and durable</li>
<li>Top reinforced with hat channel frame</li>
<li>Sound-deadening tape between channel frame and top</li>
<li>Sockets are recessed into channel frame</li>
<li>Anti-corrosion</li>
<li>Waterproof</li>
<li>Easy to clean</li>
<li>All edges finished to provide safety burr free</li>
<li>Easy to assemble<br>
</li>
<li>NSF certified</li>
</ul>
                          ",https://usrbrands.com/cdn/shop/files/pdos-1448-overshelf-angle_d540d0ed-d3db-4dbb-91bb-df56cc64a88b_130x.jpg?v=1756093895,"
      This Prepline 14""W x 46""L double tier over shelf constructed from 18 gauge stainless for extended durability and use. With a double shelf design storing and organization cooking items add valuable storage space to your commercial kitchen.
    ",https://usr-content.s3.us-east-2.amazonaws.com/prepline/pdos-series-specsheet.pdf,https://usrbrands.com/products/pdos-1448-14w-x-48l-stainless-steel-double-tier-overshelf,https://usrbrands.com/products/pdos-1448-14w-x-48l-stainless-steel-double-tier-overshelf
"PDOS-1446 14""W x 46""L Stainless Steel Double Tier Overshelf",PDOS-1446,,PREPLINE,"
                            <ul>
<li>High grade stainless steel body</li>
<li>Heavy duty and durable</li>
<li>Top reinforced with hat channel frame</li>
<li>Sound-deadening tape between channel frame and top</li>
<li>Sockets are recessed into channel frame</li>
<li>Anti-corrosion</li>
<li>Waterproof</li>
<li>Easy to clean</li>
<li>All edges finished to provide safety burr free</li>
<li>Easy to assemble<br>
</li>
<li>NSF certified</li>
</ul>
                          ",https://usrbrands.com/cdn/shop/files/pdos-1448-overshelf-angle_da26ae67-80c4-4d18-bdae-c77b26a67a76_130x.jpg?v=1756093482,"
      This Prepline 14""W x 46""L double tier over shelf constructed from 18 gauge stainless for extended durability and use. With a double shelf design storing and organization cooking items add valuable storage space to your commercial kitchen.
    ",https://usr-content.s3.us-east-2.amazonaws.com/prepline/pdos-series-specsheet.pdf,https://usrbrands.com/products/pdos-1436-14w-x-46l-stainless-steel-double-tier-overshelf,https://usrbrands.com/products/pdos-1436-14w-x-46l-stainless-steel-double-tier-overshelf
"PES-3060 60"" Corrosion Resistant Steel Equipment Stand",PES-3060,,PREPLINE,"
                            
<ul>
<li>High grade stainless steel body</li>
<li>Heavy duty and durable</li>
<li>Both undershelf and ABS bullet feet are adjustable</li>
<li>Top reinforced with hat channel frame</li>
<li>Sound-deadening tape between channel frame and top</li>
<li>Sockets are recessed into channel frame</li>
<li>Anti-corrosion</li>
<li>Water-proof</li>
<li>Easy to clean</li>
<li>All edges finished to provide safety</li>
<li>Easy to assemble</li>
<li>3 Side backsplash</li>
<li>NSF certified</li>
</ul>

                          ",https://usrbrands.com/cdn/shop/files/pes-3060-equipment-stand_130x.jpg?v=1756110087,"
      This Prepline 30""W x 60""L equipment stand constructed from 18 gauge stainless steel that holds heavy-duty commercial kitchen equipment. It has a three-sided 2"" riser to keep equipment from sliding off. Perfect for holding griddles, mixers, electric fryers, and other commercial kitchen equipment.
    ",https://usr-content.s3.us-east-2.amazonaws.com/prepline/pes-series-specsheet.pdf,https://usrbrands.com/products/pes-3060-60-corrosion-resistant-steel-equipment-stand,https://usrbrands.com/products/pes-3060-60-corrosion-resistant-steel-equipment-stand
"PFC-3-SB 3"" Low Profile Plate Casters with Side Brake, Set of 4",PFC-3-SB,,PREPLINE,"
                            

<ul>

 	<li>3-inch diameter caster wheel</li>

 	<li>Casters will raise equipment by an overall height of 4-inches including bracket</li>

 	<li>(2) Wheels with side brake and (2) without brake</li>

 	<li>Plate caster bracket</li>

</ul>


                          ",https://usrbrands.com/cdn/shop/products/PFC-3-SB_130x.jpg?v=1612898107,"
      The Prepline 3-inch set of caster wheels are a great substitute to adjustable legs that commercial refrigeration and cooking equipment come equipped with from the manufacturer. Easy to install onto units with plate bracket and four predrilled holes. This set includes two locking and two non-locking caster wheels to move equipment around when cleaning.
    ",https://usr-content.s3.us-east-2.amazonaws.com/prepline/pfc-3-sb-specsheet.pdf,https://usrbrands.com/products/pfc-3-sb-3-low-profile-plate-casters-with-side-brake-set-of-4,https://usrbrands.com/products/pfc-3-sb-3-low-profile-plate-casters-with-side-brake-set-of-4
Prepline SPR-10 10-Tier Heavy Duty Aluminum Steam Table / Bun Pan Sheet Pan Rack,SPR-10,,PREPLINE,"
                            
<ul>
<li>Aluminum construction</li>
<li>10 tier pan capacity</li>
<li>Half-height</li>
<li>End loading style</li>
<li>Easy to assemble</li>
<li>Fits full-size and half-size sheet pan</li>
<li>3"" runner spacing</li>
<li>Heavy-duty usage</li>
<li>(4) swivel casters (2 with brakes)</li>
</ul>

                          ",https://usrbrands.com/cdn/shop/products/PASPR-10KD-CCB_1_130x.jpg?v=1612898104,"
      The Prepline 10-tier pan rack can hold up to 10 full size or 20 half-size sheets pan with 3-inch clearance between each pan. Heavy-duty corrosion-resistant welded aluminum for long-lasting use. 5-inch swivel casters wheels with two brakes for ease of mobility in your commercial kitchen.
    ",https://usr-content.s3.us-east-2.amazonaws.com/prepline/paspr-10kd-ccb-specsheet.pdf,https://usrbrands.com/products/paspr-10kd-ccb-10-tier-heavy-duty-aluminum-steam-table-bun-pan-sheet-pan-rack,https://usrbrands.com/products/paspr-10kd-ccb-10-tier-heavy-duty-aluminum-steam-table-bun-pan-sheet-pan-rack
"FSS-89-220 89""Stainless Steel Reversible 220v Floor Model Dough Sheeter",FSS-89-220,,PREPLINE,"
                            
<ul>
<li>Stainless steel construction</li>
<li>Heavy-duty usage</li>
<li>Fixed conveyor speed</li>
<li>Manual roller adjustments</li>
<li>Preset roller thickness control</li>
<li>Foldable tables for space saving storage</li>
<li>Retractable end tables</li>
<li>Safety features</li>
<li>Floor model</li>
</ul>

                          ",https://usrbrands.com/cdn/shop/products/2083-FSS_07bd1e50-5d0c-48be-b999-cab04626cd07_130x.jpg?v=1612898078,"
      Streamline dough preparation tasks in your commercial kitchen with the Prepline dough sheeter machine. This sheeter is ideal for bakeries, restaurants, pizzerias, and hotels because it quickly churns out inch after inch of dough for pasta, wraps, pizza, and baked goods. This is a 3/4 HP reversible floor model dough sheeter. It comes with stainless steel rollers that are adjustable to support dough thickness between the 1mm and 40mm range. Get more value with the Prepline foodservice dough sheeter that is built for durability and reliability.
    ",https://usr-content.s3.us-east-2.amazonaws.com/prepline/fss-89-220-specsheet.pdf,https://usrbrands.com/products/fss-220-stainless-steel-reversible-220v-floor-model-dough-sheeter,https://usrbrands.com/products/fss-220-stainless-steel-reversible-220v-floor-model-dough-sheeter
"PFC-4-SB 4"" Black Plate Casters with Side Brake, Set of 4",PFC-4-SB,,PREPLINE,"
                            

<ul>

 	<li>4-inch diameter caster wheel</li>

 	<li>Casters will raise equipment by an overall height of 5-inches including bracket</li>

 	<li>(2) Wheels with side brake and (2) without brake</li>

 	<li>Plate caster bracket</li>

</ul>


                          ",https://usrbrands.com/cdn/shop/products/PFC-4-SB-1_130x.jpg?v=1612898035,"
      The Prepline 4-inch set of caster wheels are a great substitute to adjustable legs that commercial refrigeration and cooking equipment come equipped with from the manufacturer. Easy to install onto units with plate bracket and four predrilled holes. This set includes two locking and two non-locking caster wheels to move equipment around when cleaning.
    ",https://usr-content.s3.us-east-2.amazonaws.com/prepline/pfc-4-sb-specsheet.pdf,https://usrbrands.com/products/pfc-4-sb-4-black-plate-casters-with-side-brake-set-of-4,https://usrbrands.com/products/pfc-4-sb-4-black-plate-casters-with-side-brake-set-of-4
Prepline SPR-20 20-Tier Heavy Duty Aluminum Bun Pan / Sheet Pan Rack,SPR-20,,PREPLINE,"
                            
<ul>
<li>Aluminum construction</li>
<li>20 tier pan capacity</li>
<li>Full-height</li>
<li>End loading style</li>
<li>Easy to assemble</li>
<li>Fits full-size and half-size sheet pan</li>
<li>3"" runner spacing</li>
<li>Heavy-duty usage</li>
<li>(4) swivel casters (2 with brakes)</li>
</ul>

                          ",https://usrbrands.com/cdn/shop/products/PASPR-20KD-CCB-1_130x.jpg?v=1612898029,"
      The Prepline 20-tier pan rack can hold up to 20 full size or 40 half-size sheets pan with 3-inch clearance between each pan. Heavy-duty corrosion-resistant welded aluminum for long-lasting use. 5-inch swivel casters wheels with two brakes for ease of mobility in your commercial kitchen.
    ",https://usr-content.s3.us-east-2.amazonaws.com/prepline/paspr-20kd-ccb-specsheet.pdf,https://usrbrands.com/products/paspr-20kd-ccb-20-tier-heavy-duty-aluminum-steam-table-bun-pan-sheet-pan-rack,https://usrbrands.com/products/paspr-20kd-ccb-20-tier-heavy-duty-aluminum-steam-table-bun-pan-sheet-pan-rack
PFW500 Full-size Bain Marie Food Warmer,PFW500,,PREPLINE,"
                            
<ul>
<li>Stainless steel construction</li>
<li>Heavy-duty use</li>
<li>Fits full size pan</li>
<li>Manual temperature control</li>
<li>Heating elements are not exposed</li>
<li>Wet use only</li>
</ul>

                          ",https://usrbrands.com/cdn/shop/products/PFW500-1_130x.jpg?v=1612898027,"
      The Prepline PFW500 Full-size Bain Marie Food Warmer is designed for heavy-duty use in your concession stand, convenience store, cafeteria, or restaurant kitchen. This bain-marie will come through, however hard the job appears to be.
    ",https://usr-content.s3.us-east-2.amazonaws.com/prepline/pfw500-specsheet.pdf,https://usr-content.s3.us-east-2.amazonaws.com/prepline/prepline-warranty.pdf,https://usrbrands.com/products/pfw500-full-size-bain-marie-food-warmer
"PES-3048 48"" Corrosion Resistant Steel Equipment Stand",PES-3048,,PREPLINE,"
                            
<ul>
<li>High grade stainless steel body</li>
<li>Heavy duty and durable</li>
<li>Both undershelf and ABS bullet feet are adjustable</li>
<li>Top reinforced with hat channel frame</li>
<li>Sound-deadening tape between channel frame and top</li>
<li>Sockets are recessed into channel frame</li>
<li>Anti-corrosion</li>
<li>Water-proof</li>
<li>Easy to clean</li>
<li>All edges finished to provide safety</li>
<li>Easy to assemble</li>
<li>3 Side backsplash</li>
<li>NSF certified</li>
</ul>

                          ",https://usrbrands.com/cdn/shop/files/pes-3048-equipment-stand_130x.jpg?v=1756109931,"
      This Prepline 30""W x 48""L equipment stand constructed from 18 gauge stainless steel that holds heavy-duty commercial kitchen equipment. It has a three-sided 2"" riser to keep equipment from sliding off. Perfect for holding griddles, mixers, electric fryers, and other commercial kitchen equipment.
    ",https://usr-content.s3.us-east-2.amazonaws.com/prepline/pes-series-specsheet.pdf,https://usrbrands.com/products/pes-3048-48-corrosion-resistant-steel-equipment-stand,https://usrbrands.com/products/pes-3048-48-corrosion-resistant-steel-equipment-stand
"PES-3036 36"" Corrosion Resistant Steel Equipment Stand",PES-3036,,PREPLINE,"
                            
<ul>
<li>High grade stainless steel body</li>
<li>Heavy duty and durable</li>
<li>Both undershelf and ABS bullet feet are adjustable</li>
<li>Top reinforced with hat channel frame</li>
<li>Sound-deadening tape between channel frame and top</li>
<li>Sockets are recessed into channel frame</li>
<li>Anti-corrosion</li>
<li>Water-proof</li>
<li>Easy to clean</li>
<li>All edges finished to provide safety</li>
<li>Easy to assemble</li>
<li>3 Side backsplash</li>
<li>NSF certified</li>
</ul>

                          ",https://usrbrands.com/cdn/shop/files/pes-3036-equipment-stand_c153b1df-7095-49ca-aa7c-270f88ae03b7_130x.jpg?v=1756096861,"
      This Prepline 30""W x 36""L equipment stand constructed from 18 gauge stainless steel that holds heavy-duty commercial kitchen equipment. It has a three-sided 2"" riser to keep equipment from sliding off. Perfect for holding griddles, mixers, electric fryers, and other commercial kitchen equipment.
    ",https://usr-content.s3.us-east-2.amazonaws.com/prepline/pes-series-specsheet.pdf,https://usrbrands.com/products/pes-3036-36-corrosion-resistant-steel-equipment-stand,https://usrbrands.com/products/pes-3036-36-corrosion-resistant-steel-equipment-stand
"PES-3024 24"" Corrosion Resistant Steel Equipment Stand",PES-3024,,PREPLINE,"
                            
<ul>
<li>High grade stainless steel body</li>
<li>Heavy duty and durable</li>
<li>Both undershelf and ABS bullet feet are adjustable</li>
<li>Top reinforced with hat channel frame</li>
<li>Sound-deadening tape between channel frame and top</li>
<li>Sockets are recessed into channel frame</li>
<li>Anti-corrosion</li>
<li>Water-proof</li>
<li>Easy to clean</li>
<li>All edges finished to provide safety</li>
<li>Easy to assemble</li>
<li>3 Side backsplash</li>
<li>NSF certified</li>
</ul>

                          ",https://usrbrands.com/cdn/shop/files/pes-3024-equipment-stand_130x.jpg?v=1756110012,"
      This Prepline 30""W x 24""L equipment stand constructed from 18 gauge stainless steel that holds heavy-duty commercial kitchen equipment. It has a three-sided 2"" riser to keep equipment from sliding off. Perfect for holding griddles, mixers, electric fryers, and other commercial kitchen equipment.
    ",https://usr-content.s3.us-east-2.amazonaws.com/prepline/pes-series-specsheet.pdf,https://usrbrands.com/products/pes-3024-24-corrosion-resistant-steel-equipment-stand,https://usrbrands.com/products/pes-3024-24-corrosion-resistant-steel-equipment-stand
PHL-MH12 Stainless Steel #12 Head Mincer Meat Grinder Attachment,PHL-MH12,,PREPLINE,"
                            
<ul>
 	<li>Stainless steel construction</li>
 	<li>No sharp corners or seams</li>
 	<li>Rifled chambers</li>
 	<li>#12 Hub attachment</li>
 	<li>Meat grinder head</li>
 	<li>Feeder pan</li>
 	<li>Knife</li>
 	<li>3/16"" (6mm) stainless steel plate</li>
 	<li>5/16"" (8mm) stainless steel plate</li>
 	<li>Meat pusher and stuffer tube (3/4"")</li>
</ul>

                          ",https://usrbrands.com/cdn/shop/products/PHL-MH-1_130x.jpg?v=1612898019,"
      The Prepline PHL-MH12 Stainless Steel #12 Head Mincer Meat Grinder Attachment is designed to be everything you need to process raw meat, make sausages, and grind your own burgers. This grinder attachment lets you make the best out of your mixer. Thanks to sturdy design, the unit comes across as durable and efficient. Get more value with a reliable stand mixer meat grinder that is ideal for your commercial meat processing needs.
    ",https://usr-content.s3.us-east-2.amazonaws.com/prepline/phl-mh12-specsheet.pdf,https://usrbrands.com/products/phl-mh12-stainless-steel-12-head-mincer-meat-grinder-attachment,https://usrbrands.com/products/phl-mh12-stainless-steel-12-head-mincer-meat-grinder-attachment
FM32 #32 2 HP Meat Grinder,FM32,,PREPLINE,"
                            
<ul>
 	<li>Aluminum-magnesium alloy construction</li>
 	<li>Acid, salt, and rust resistant</li>
 	<li>Waterproof protection switch</li>
 	<li>Emergency stop switch</li>
 	<li>Reverse switch</li>
 	<li>5mm, 6mm, and 10mm extruder plate</li>
 	<li>Plastic food pusher</li>
 	<li>#32 Hub attachment</li>
 	<li>705 lbs/hour production</li>
</ul>

                          ",https://usrbrands.com/cdn/shop/products/FM32-1_130x.jpg?v=1612898017,"
      The Prepline FM32 #32 2 HP Meat Grinder efficiently break down beef, sausage, wild game, and other popular meats. It features a powerful 2 HP motor to withstand the rigors of hard, daily use, and for maximum convenience, it comes with various accessories to maximize your meat processing capabilities.
    ",https://usr-content.s3.us-east-2.amazonaws.com/prepline/fm32-specsheet.pdf,https://usrbrands.com/products/fm32-32-2-hp-meat-grinder,https://usrbrands.com/products/fm32-32-2-hp-meat-grinder
FM22 #22 1-1/2 HP Meat Grinder,FM22,,PREPLINE,"
                            
<ul>
 	<li>Aluminum-magnesium alloy construction</li>
 	<li>Acid, salt, and rust resistant</li>
 	<li>Waterproof protection switch</li>
 	<li>Emergency stop switch</li>
 	<li>Reverse switch</li>
 	<li>5mm, 6mm, and 10mm extruder plate</li>
 	<li>Plastic food pusher</li>
 	<li>#22 Hub attachment</li>
 	<li>485 lbs/hour production</li>
</ul>

                          ",https://usrbrands.com/cdn/shop/products/FM22-1_130x.jpg?v=1612898016,"
      The Prepline FM22 #22 1-1/2 HP Meat Grinder efficiently break down beef, sausage, wild game, and other popular meats. It features a powerful 1-1/2 HP motor to withstand the rigors of hard, daily use, and for maximum convenience, it comes with various accessories to maximize your meat processing capabilities.
    ",https://usr-content.s3.us-east-2.amazonaws.com/prepline/fm22-specsheet.pdf,https://usrbrands.com/products/fm22-22-1-1-2-hp-meat-grinder,https://usrbrands.com/products/fm22-22-1-1-2-hp-meat-grinder
"PIB183608 36"" Stainless Steel Underbar Ice bin with 3"" Backsplash",PIB183608,,PREPLINE,"
                            
<ul>
<li>Overall high grade stainless steel construction</li>
<li>20GA. 304 Stainless steel body</li>
<li>18GA. 304 stainless steel bowl</li>
<li>Galvanized legs</li>
<li>Free standing popular mode</li>
<li>All edges finished to provide safety burr free</li>
<li>Wear-resisting</li>
<li>Corrosion resistance</li>
<li>Leakproof for long life usage</li>
<li>Easy to assemble</li>
<li>Five-side foaming to maintain temperature in the tank</li>
<li>NSF certified</li>
</ul>

                          ",https://usrbrands.com/cdn/shop/products/PIB183608-1_130x.jpg?v=1612898000,"
      The Prepline PIB-Series Stainless Steel Underbar Ice bin with Backsplash has an overall high grade stainless steel construction. And features galvanized legs, corrosion ressitance, and is leak proof. 
    ",https://usr-content.s3.us-east-2.amazonaws.com/prepline/pib-series-specsheet.pdf,https://usrbrands.com/products/pib183608-36-stainless-steel-underbar-ice-bin-with-3-backsplash,https://usrbrands.com/products/pib183608-36-stainless-steel-underbar-ice-bin-with-3-backsplash
"PIB183008 30"" Stainless Steel Underbar Ice bin with 3"" Backsplash",PIB183008,,PREPLINE,"
                            
<ul>
<li>Overall high grade stainless steel construction</li>
<li>20GA. 304 Stainless steel body</li>
<li>18GA. 304 stainless steel bowl</li>
<li>Galvanized legs</li>
<li>Free standing popular mode</li>
<li>All edges finished to provide safety burr free</li>
<li>Wear-resisting</li>
<li>Corrosion resistance</li>
<li>Leakproof for long life usage</li>
<li>Easy to assemble</li>
<li>Five-side foaming to maintain temperature in the tank</li>
<li>NSF certified</li>
</ul>

                          ",https://usrbrands.com/cdn/shop/products/PIB183008-1_130x.jpg?v=1612897998,"
      The Prepline PIB-Series Stainless Steel Underbar Ice bin with Backsplash has an overall high grade stainless steel construction. And features galvanized legs, corrosion ressitance, and is leak proof. 
    ",https://usr-content.s3.us-east-2.amazonaws.com/prepline/pib-series-specsheet.pdf,https://usrbrands.com/products/pib183008-30-stainless-steel-underbar-ice-bin-with-3-backsplash,https://usrbrands.com/products/pib183008-30-stainless-steel-underbar-ice-bin-with-3-backsplash
"PIB182408 24"" Stainless Steel Underbar Ice bin with 3"" Backsplash",PIB182408,,PREPLINE,"
                            
<ul>
<li>Overall high grade stainless steel construction</li>
<li>20GA. 304 Stainless steel body</li>
<li>18GA. 304 stainless steel bowl</li>
<li>Galvanized legs</li>
<li>Free standing popular mode</li>
<li>All edges finished to provide safety burr free</li>
<li>Wear-resisting</li>
<li>Corrosion resistance</li>
<li>Leakproof for long life usage</li>
<li>Easy to assemble</li>
<li>Five-side foaming to maintain temperature in the tank</li>
<li>NSF certified</li>
</ul>

                          ",https://usrbrands.com/cdn/shop/products/PIB182408-1_130x.jpg?v=1612897996,"
      The Prepline PIB-Series Stainless Steel Underbar Ice bin with Backsplash has an overall high grade stainless steel construction. And features galvanized legs, corrosion ressitance, and is leak proof. 
    ",https://usr-content.s3.us-east-2.amazonaws.com/prepline/pib-series-specsheet.pdf,https://usrbrands.com/products/pib182408-24-stainless-steel-underbar-ice-bin-with-3-backsplash,https://usrbrands.com/products/pib182408-24-stainless-steel-underbar-ice-bin-with-3-backsplash
"B1S-2424 27"" x 28"" One Compartment Sink",B1S-2424,,PREPLINE,"
                            <ul>
<li>Overall high grade stainless steel construction</li>
<li>Free standing popular mode</li>
<li>All edges finished to provide safety, burr free</li>
<li>ABS bullet feet are adjustable</li>
<li>Anti-corrosion</li>
<li>Easy to clean</li>
<li>Standard design</li>
<li>Easy to assemble</li>
<li>Flat packaging</li>
</ul>
                          ",https://usrbrands.com/cdn/shop/products/P1BS-2424-1_130x.jpg?v=1612897987,"
      The Prepline B1S-2424 27"" x 28"" One Compartment Sink is ideal for any food prep kitchen. The overall high-grade stainless steel construction makes for a durable, long-lasting unit. 
    ",https://usr-content.s3.us-east-2.amazonaws.com/prepline/b1s-series-specsheet.pdf,https://usrbrands.com/products/b1s-2424-27-x-28-one-compartment-sink,https://usrbrands.com/products/b1s-2424-27-x-28-one-compartment-sink
"PDOS-1436 14""W x 36""L Stainless Steel Double Tier Overshelf",PDOS-1436,,PREPLINE,"
                            <ul>
<li>High grade stainless steel body</li>
<li>Heavy duty and durable</li>
<li>Top reinforced with hat channel frame</li>
<li>Sound-deadening tape between channel frame and top</li>
<li>Sockets are recessed into channel frame</li>
<li>Anti-corrosion</li>
<li>Waterproof</li>
<li>Easy to clean</li>
<li>All edges finished to provide safety burr free</li>
<li>Easy to assemble<br>
</li>
<li>NSF certified</li>
</ul>
                          ",https://usrbrands.com/cdn/shop/files/pdos-1448-overshelf-angle_130x.jpg?v=1756093396,"
      This Prepline 14""W x 36""L double tier over shelf constructed from 18 gauge stainless for extended durability and use. With a double shelf design storing and organization cooking items add valuable storage space to your commercial kitchen.
    ",https://usr-content.s3.us-east-2.amazonaws.com/prepline/pdos-series-specsheet.pdf,https://usrbrands.com/products/pdos-1436-14w-x-36l-stainless-steel-double-tier-overshelf,https://usrbrands.com/products/pdos-1436-14w-x-36l-stainless-steel-double-tier-overshelf
PWTG-OB Series Stainless Steel Worktable with Open Base,PWTG-OB,,PREPLINE,"
                            
<ul>
 	<li>Stainless steel top, legs, and frame</li>
 	<li>Open base no undershelf</li>
 	<li>ABS bullet feet are adjustable</li>
 	<li>Heavy duty and durable</li>
 	<li>Top reinforced with hat channel frame</li>
 	<li>Sound-deadening tape between channel frame and top</li>
 	<li>Sockets are recessed into channel frame</li>
 	<li>Anti-corrosion</li>
 	<li>Waterproof</li>
 	<li>Easy to clean</li>
 	<li>All edges finished to provide safety burr free</li>
 	<li>Easy to assemble</li>
 	<li>NSF certified</li>
</ul>

                          ",https://usrbrands.com/cdn/shop/products/PWTG-OB-1_130x.jpg?v=1612897980,"
      The Prepline PWTG-OB series open base flat top work table is constructed from 18 gauge stainless steel body for extended durability and use. Adjustable plastic bullet feet helps out with leveling worktable on uneven surfaces. Having a worktable is a piece of essential kitchen equipment for any commercial kitchen operation.
    ",https://usr-content.s3.us-east-2.amazonaws.com/prepline/pwtg-series-open-base-specsheet.pdf,https://usrbrands.com/products/pwtg-ob-series-stainless-steel-worktable-with-open-base,https://usrbrands.com/products/pwtg-ob-series-stainless-steel-worktable-with-open-base
PWTS Series Stainless Steel Worktable with Stainless Steel Undershelf,PWTS,,PREPLINE,"
                            
<ul>
 	<li>Stainless steel top, legs, and frame</li>
 	<li>Stainless steel adjustable undershelf</li>
 	<li>ABS bullet feet are adjustable</li>
 	<li>Heavy duty and durable</li>
 	<li>Top reinforced with hat channel frame</li>
 	<li>Sound-deadening tape between channel frame and top</li>
 	<li>Sockets are recessed into channel frame</li>
 	<li>Anti-corrosion</li>
 	<li>Waterproof</li>
 	<li>Easy to clean</li>
 	<li>All edges finished to provide safety burr free</li>
 	<li>Easy to assemble</li>
 	<li>NSF certified</li>
</ul>


                          ",https://usrbrands.com/cdn/shop/products/PWTS-1_130x.jpg?v=1612897978,"
      The Prepline PWTS series flat top work table is constructed from 18 gauge stainless steel body for extended durability and use. The stainless steel undershelf is adjustable to fit any storage crates. Adjustable plastic bullet feet helps out with leveling worktable on uneven surfaces. Having a worktable is a piece of essential kitchen equipment for any commercial kitchen operation.
    ",https://usr-content.s3.us-east-2.amazonaws.com/prepline/pwtg-series-open-base-specsheet.pdf,https://usrbrands.com/products/pwts-series-stainless-steel-worktable-with-stainless-steel-undershelf,https://usrbrands.com/products/pwts-series-stainless-steel-worktable-with-stainless-steel-undershelf
PWTG Series Stainless Steel Worktable with Galvanized Undershelf,PWTG,,PREPLINE,"
                            
<ul>
 	<li>Stainless steel top, legs, and frame</li>
 	<li>Galvanized adjustable undershelf</li>
 	<li>ABS bullet feet are adjustable</li>
 	<li>Heavy duty and durable</li>
 	<li>Top reinforced with hat channel frame</li>
 	<li>Sound-deadening tape between channel frame and top</li>
 	<li>Sockets are recessed into channel frame</li>
 	<li>Anti-corrosion</li>
 	<li>Waterproof</li>
 	<li>Easy to clean</li>
 	<li>All edges finished to provide safety burr free</li>
 	<li>Easy to assemble</li>
 	<li>NSF certified</li>
</ul>

                          ",https://usrbrands.com/cdn/shop/products/PWTG-2430-1_130x.jpg?v=1612897977,"
      The Prepline PWTG series flat top work table is constructed from 18 gauge stainless steel body for extended durability and use. The galvanized undershelf is adjustable to fit any storage crates. Adjustable plastic bullet feet helps out with leveling worktable on uneven surfaces. Having a worktable is a piece of essential kitchen equipment for any commercial kitchen operation.
    ",https://usr-content.s3.us-east-2.amazonaws.com/prepline/pwtg-series-undershelf-specsheet.pdf,https://usrbrands.com/products/pwtg-series-stainless-steel-worktable-with-galvanized-undershelf,https://usrbrands.com/products/pwtg-series-stainless-steel-worktable-with-galvanized-undershelf
PHLM30B-T 30 Quart Gear Driven Commercial Planetary Stand Mixer with Timer,PHLM30B-T,,PREPLINE,"
                            
<ul>
<li>Planetary mixer</li>
<li>Iron construction</li>
<li>Heavy-duty use</li>
<li>Wire bowl safety guard</li>
<li>3-speed control</li>
<li>#12 hub for meat grinder attachment</li>
<li>Hook, paddle, whip included</li>
<li>Push-button controls</li>
<li>Floor model</li>
</ul>

                          ",https://usrbrands.com/cdn/shop/products/PHLM30B-T-1_130x.jpg?v=1612897975,"
      The Prepline commercial electric planetary mixer designed for heavy-duty use in a commercial kitchen. This planetary mixer will come through, however hard the job appears to be. Unique planetary mixing action ensures that all your ingredients mixed so you can prepare your recipes with ease. Whether you’re looking to mix the dough, cake ingredients, or cookie batters - the Prepline commercial planetary stand mixer makes the job super easy and better performance.
    ",https://usr-content.s3.us-east-2.amazonaws.com/prepline/phlm30b-t-specsheet.pdf,https://usrbrands.com/products/phlm30b-t-30-quart-gear-driven-commercial-planetary-stand-mixer-with-timer,https://usrbrands.com/products/phlm30b-t-30-quart-gear-driven-commercial-planetary-stand-mixer-with-timer
PHLM20B-T 20 Quart Heavy Duty Gear Driven Commercial Planetary Stand Mixer with Timer,PHLM20B-T,,PREPLINE,"
                            
<ul>
<li>Planetary mixer</li>
<li>Iron construction</li>
<li>Heavy-duty use</li>
<li>Wire bowl safety guard</li>
<li>3-speed control</li>
<li>#12 hub for meat grinder attachment</li>
<li>Hook, paddle, whip included</li>
<li>Push-button controls</li>
<li>Floor model</li>
</ul>

                          ",https://usrbrands.com/cdn/shop/products/PHLM20B-T-1_130x.jpg?v=1612897973,"
      







The Prepline commercial electric planetary mixer designed for heavy-duty use in a commercial kitchen. This planetary mixer will come through, however hard the job appears to be. Unique planetary mixing action ensures that all your ingredients mixed so you can prepare your recipes with ease. Whether you’re looking to mix the dough, cake ingredients, or cookie batters - the Prepline commercial planetary stand mixer makes the job super easy and better performance.












    ",https://usr-content.s3.us-east-2.amazonaws.com/prepline/phlm20b-t-specsheet.pdf,https://usrbrands.com/products/phlm20b-t-20-quart-heavy-duty-gear-driven-commercial-planetary-stand-mixer-with-timer,https://usrbrands.com/products/phlm20b-t-20-quart-heavy-duty-gear-driven-commercial-planetary-stand-mixer-with-timer
PCP15 63 Cups Stainless Steel Coffee Urn Percolator,PCP15,,PREPLINE,"
                            
<ul>
<li>Stainless steel construction</li>
<li>63 Cups capacity</li>
<li>Guage indicator</li>
<li>Auto shut-off</li>
<li>Locking lid</li>
<li>Cool-touch lid and handles</li>
<li>Easy to clean and maintain</li>
<li>ON/OFF switch</li>
<li>Countertop model</li>
</ul>

                          ",https://usrbrands.com/cdn/shop/products/cp15_130x.jpg?v=1612897916,"
      This Prepline machine is a functional and efficient coffee urn for caterers, offices, schools, and churches that would always like to have fresh coffee ready. With a 63-cup capacity, you can make your coffee once and serve as many people as you want. Our machine is straightforward to use and will keep your beverage hot and fresh for hours. The impact-resistant stainless steel design makes this unit extremely durable. What’s more, a double-wall insulation approach helps conserve heat and minimize energy usage. Whether you’re running a cafeteria, planning a group function, or running a business meeting, keep everyone refreshed with hot, flavorful coffee.
    ",https://usr-content.s3.us-east-2.amazonaws.com/prepline/pcp15-specsheet.pdf,https://usrbrands.com/products/pcp15-63-cups-stainless-steel-coffee-urn-percolator,https://usrbrands.com/products/pcp15-63-cups-stainless-steel-coffee-urn-percolator
PSB-6000 10 Liter Black Commercial Soup Kettle,PSB-6000,,PREPLINE,"
                            
<ul>
<li>Durable design for continuous use</li>
<li>10-Liter capacity</li>
<li>Black exterior</li>
<li>Thermostatic control with 12 temperature settings</li>
<li>Non-slip rubber feet</li>
<li>Stainless steel hinge lid with ladle holder</li>
<li>Cool-touch lid handle</li>
<li>Inset is dishwasher safe</li>
<li>Reheat cold food within 30 minutes</li>
<li>Magnetic food label for identification</li>
<li>Heating indicator light</li>
</ul>

                          ",https://usrbrands.com/cdn/shop/products/PSB-6000_130x.jpg?v=1612897915,"
      The Prepline soup kettle is a great way to store large quantities of soup and liquid food ready for serving. Ideal for restaurants, buffets, and catering services, this commercial soup warmer will hold stews, casseroles, curries, chilies, and mulled wine at optimal temperatures. Expand your menu with 10 liters of ready-to-serve food items. What’s more, an attractive and compact design captures your customers’ eyes and makes this accessory a great front-of-house merchandiser.
    ",https://usr-content.s3.us-east-2.amazonaws.com/prepline/psb-6000-specsheet.pdf,https://usrbrands.com/products/psb-6000-10-liter-black-commercial-soup-kettle,https://usrbrands.com/products/psb-6000-10-liter-black-commercial-soup-kettle
B30M 28 Qt. Gear Driven Commercial Planetary Stand Mixer,B30M,,PREPLINE,"
                            <ul>
<li>Aluminum construction</li>
<li>Wire bowl safety guard<br>
</li>
<li>28 quart bowl capacity</li>
<li>Heavy-duty use</li>
<li>3-speed control<br>
</li>
<li>#12 hub for meat grinder attachment</li>
<li>Hook, paddle, whip included</li>
<li>Push-button controls</li>
<li>Countertop model</li>
</ul>
                          ",,"
      The Prepline commercial electric mixer is designed for heavy-duty use in your concession stand, convenience store, cafeteria, or restaurant kitchen. This spiral mixer will come through, however hard the job appears to be. Unique planetary mixing action ensures that all your ingredients are mixed entirely so you can prepare your recipes with ease. Whether you’re looking to mix dough, cake ingredients, or cookie batters - the Prepline makes the job super easy. Get better performance with the Prepline commercial stand mixer.
    ",https://usr-content.s3.us-east-2.amazonaws.com/prepline/b30m-specsheet.pdf,https://usrbrands.com/products/b30m-30-qt-gear-driven-commercial-planetary-stand-mixer,https://usrbrands.com/products/b30m-30-qt-gear-driven-commercial-planetary-stand-mixer
B20M 20 Qt. Gear Driven Commercial Planetary Stand Mixer,B20M,,PREPLINE,"
                            <ul>
<li>Aluminum construction</li>
<li>Heavy-duty use</li>
<li>Wire bowl safety guard</li>
<li>3-speed control</li>
<li>#12 hub for meat grinder attachment</li>
<li>Hook, paddle, whip included</li>
<li>Push-button controls</li>
<li>Countertop model</li>
</ul>
                          ",,"
      The Prepline commercial electric mixer is designed for heavy-duty use in your concession stand, convenience store, cafeteria, or restaurant kitchen. This spiral mixer will come through, however hard the job appears to be. Unique planetary mixing action ensures that all your ingredients are mixed entirely so you can prepare your recipes with ease. Whether you’re looking to mix dough, cake ingredients, or cookie batters - the Prepline makes the job super easy. Get better performance with the Prepline commercial stand mixer.
    ",https://usr-content.s3.us-east-2.amazonaws.com/prepline/b20m-specsheet.pdf,https://usrbrands.com/products/b20m-20-qt-gear-driven-commercial-planetary-stand-mixer,https://usrbrands.com/products/b20m-20-qt-gear-driven-commercial-planetary-stand-mixer
CSP-81 Steel Reversible 120v Countertop Model Dough Sheeter,CSP-81,,PREPLINE,"
                            <ul>
<li>Steel construction</li>
<li>Heavy-duty usage</li>
<li>Fixed conveyor speed</li>
<li>Manual roller adjustments</li>
<li>Preset roller thickness control</li>
<li>Foldable tables for space saving storage</li>
<li>Safety features</li>
<li>Countertop model</li>
</ul>
                          ",https://usrbrands.com/cdn/shop/products/2083-CSS_130x.jpg?v=1612897907,"
      The Prepline dough sheeter machine is a perfect way to streamline food prep operations in your bakery, restaurant, or hotel. Our commercial dough roller allows your staff to rapidly sheet up to 20 inches of dough for pizza, pasta, wraps, and baked goods. This is a classic 3/4 HP reversible countertop model dough sheeter. The stainless steel roller is position-adjustable to support dough thickness between 1mm and 40mm. Save time on dough sheeting and get more value for money with the Prepline dough sheeter. 
    ",https://usr-content.s3.us-east-2.amazonaws.com/prepline/csp-81-specsheet.pdf,https://usr-content.s3.us-east-2.amazonaws.com/prepline/prepline-warranty.pdf,https://usrbrands.com/products/csp-81-steel-reversible-120v-countertop-model-dough-sheeter
FSS-89 Stainless Steel Reversible 120v Floor Model Dough Sheeter,FSS-89,,PREPLINE,"
                            
<ul>
<li>Stainless steel construction</li>
<li>Heavy-duty usage</li>
<li>Fixed conveyor speed</li>
<li>Manual roller adjustments</li>
<li>Preset roller thickness control</li>
<li>Foldable tables for space saving storage</li>
<li>Retractable end tables</li>
<li>Safety features</li>
<li>Floor model</li>
</ul>

                          ",https://usrbrands.com/cdn/shop/products/2083-FSS_130x.jpg?v=1612897905,"
      Streamline dough preparation tasks in your commercial kitchen with the Prepline dough sheeter machine. This sheeter is ideal for bakeries, restaurants, pizzerias, and hotels because it quickly churns out inch after inch of dough for pasta, wraps, pizza, and baked goods. This is a 3/4 HP reversible floor model dough sheeter. It comes with stainless steel rollers that are adjustable to support dough thickness between the 1mm and 40mm range. Get more value with the Prepline foodservice dough sheeter that is built for durability and reliability.
    ",https://usr-content.s3.us-east-2.amazonaws.com/prepline/fss-89-specsheet.pdf,https://usrbrands.com/products/fss-89-stainless-steel-reversible-120v-floor-model-dough-sheeter,https://usrbrands.com/products/fss-89-stainless-steel-reversible-120v-floor-model-dough-sheeter
"HBS300 12"" Blade Commercial Electric Meat Slicer",HBS300,,PREPLINE,"
                            
<ul>
<li>Aluminum alloy construction</li>
<li>12” Blade</li>
<li>Built-in sharpener</li>
<li>Compact design</li>
<li>Removable carriage</li>
<li>Adjustable slice thickness</li>
<li>Product pusher handle</li>
<li>ON/OFF push button</li>
<li>Countertop mode</li>
</ul>

                          ",https://usrbrands.com/cdn/shop/products/HBS350L_130x.jpg?v=1612897866,"
      This Prepline meat slicer offers the perfect blend of cost and reliability. It is an excellent choice for small restaurants, coffee shops, and pizzerias. Bring efficiency to your low-volume applications and reliably slice up deli meat, sandwich vegetables, and appetizers. What’s more, the Prepline table top meat slicer is designed to work quickly and is super-easy to clean as well. It makes a valuable addition to your catering business or foodservice operation.
    ",https://usr-content.s3.us-east-2.amazonaws.com/prepline/hbs300l-specsheet.pdf,https://usrbrands.com/products/hbs300-12-blade-commercial-electric-meat-slicer,https://usrbrands.com/products/hbs300-12-blade-commercial-electric-meat-slicer
"HBS250 10"" Blade Commercial Electric Meat Slicer",HBS250,,PREPLINE,"
                            
<ul>
<li>Aluminum alloy construction</li>
<li>10” Blade</li>
<li>Built-in sharpener</li>
<li>Compact design</li>
<li>Removable carriage</li>
<li>Adjustable slice thickness</li>
<li>Product pusher handle</li>
<li>ON/OFF push button</li>
<li>Countertop mode</li>
</ul>

                          ",https://usrbrands.com/cdn/shop/products/gs12-meat-slicer_1_130x.jpg?v=1612897864,"
      This Prepline meat slicer offers the perfect blend of cost and reliability. It is an excellent choice for small restaurants, coffee shops, and pizzerias. Bring efficiency to your low-volume applications and reliably slice up deli meat, sandwich vegetables, and appetizers. What’s more, the Prepline table top meat slicer is designed to work quickly and is super-easy to clean as well. It makes a valuable addition to your catering business or foodservice operation.
    ",https://usr-content.s3.us-east-2.amazonaws.com/prepline/hbs250l-specsheet.pdf,https://usrbrands.com/products/hbs250-10-blade-commercial-electric-meat-slicer,https://usrbrands.com/products/hbs250-10-blade-commercial-electric-meat-slicer
FSP-89 Painted Steel Reversible 120v Floor Model Dough Sheeter,FSP-89,,PREPLINE,"
                            
<ul>
<li>Stainless steel construction</li>
<li>Heavy-duty usage</li>
<li>Fixed conveyor speed</li>
<li>Manual roller adjustments</li>
<li>Preset roller thickness control</li>
<li>Foldable tables for space saving storage</li>
<li>Retractable end tables</li>
<li>Safety features</li>
<li>Floor model</li>
</ul>

                          ",https://usrbrands.com/cdn/shop/products/jdr520-dough-sheeter_1_130x.jpg?v=1612897861,"
      Streamline dough preparation tasks in your commercial kitchen with the Prepline dough sheeter machine. This sheeter is ideal for bakeries, restaurants, pizzerias, and hotels because it quickly churns out inch after inch of dough for pasta, wraps, pizza, and baked goods. This is a 3/4 HP reversible floor model dough sheeter. It comes with stainless steel rollers that are adjustable to support dough thickness between the 1mm and 40mm range. Get more value with the Prepline foodservice dough sheeter that is built for durability and reliability.
    ",https://usr-content.s3.us-east-2.amazonaws.com/prepline/fsp-89-specsheet.pdf,https://usrbrands.com/products/fsp-89-painted-steel-reversible-120v-floor-model-dough-sheeter,https://usrbrands.com/products/fsp-89-painted-steel-reversible-120v-floor-model-dough-sheeter
RG7 Gas 35 Chicken Commercial Rotisserie Oven Machine,RG7,,SOUTHWOOD,"
                            <ul>
<li><span>Heavy Duty 1/4"" Thick Tempered Glass Standard</span></li>
<li><span>&nbsp;Lighting behind tempered glass for excellent product merchandising</span></li>
<li><span>Individual gas and motor controls allow you to run at any capacity</span></li>
<li><span>Large drip pan for dripping and/or adding water for humidity</span></li>
<li><span>Replaceable motor and switches behind easily accessible control panel</span></li>
<li><span>Top vent dimensions: 3.3"" x 15.1""</span></li>
<li><span>Comes standard with gas regulator</span></li>
<li><span>Pre-installed 5"" casters for easy mobility (set of 4, 2 lockable</span></li>
</ul>
                          ",https://usrbrands.com/cdn/shop/files/rg7-ng-35-chicken-commercial-rotisserie-oven-machine-left-side_1_130x.jpg?v=1722335250,"
      The RG7 Commercial Rotisserie is a 7 Spit, 35 Chicken Commercial Chicken BBQ Machine featuring heavy duty 430 Series steel construction, high BTU burners with iron bricks. Each motorized spit runs independently in either direction with on/off switch, allowing you to cook a full or partial batch as needed. The drip drawer allows for the straightforward disposal of drippings and will hold water for added humidity. All unit comes ready to use with ceramic bricks and 7 spits with skewers. Cook time or a 3.5lb bird is approximately 50 minutes.
    ",https://usr-content.s3.us-east-2.amazonaws.com/southwood/rg4-rg7-specsheet.pdf,https://usr-content.s3.us-east-2.amazonaws.com/southwood/southwood-warranty.pdf,https://usr-content.s3.us-east-2.amazonaws.com/southwood/rg4-rg7-manual.pdf
RG4 Gas 20 Chicken Commercial Rotisserie Oven Machine,RG4,,SOUTHWOOD,"
                            <ul>
<li><span>&nbsp;Heavy Duty 1/4"" Thick Tempered Glass Standard</span></li>
<li><span>Lighting behind tempered glass for excellent product merchandising</span></li>
<li><span>&nbsp;Individual gas and motor controls allow you to run at any capacity</span></li>
<li><span>Large drip pan for dripping and/or adding water for humidity</span></li>
<li><span>&nbsp;Replaceable motor and switches behind easily accessible control panel</span></li>
<li><span>Top vent dimensions: 3.3"" x 15.1""</span></li>
<li><span>Converts from Natural Gas to LP in minutes</span></li>
<li><span>Comes standard with gas regulator</span></li>
<li><span>6"" adjustable legs</span></li>
</ul>
                          ",https://usrbrands.com/cdn/shop/files/rg4-ng-20-chicken-commercial-rotisserie-oven-machine-left-side_130x.jpg?v=1722334867,"
      The RG4 Commercial Rotisserie is a 4 Spit, 20 Chicken Commercial Chicken BBQ Machine made from heavy-duty Series 430 stainless steel. Southwood machines feature the same features and heavy-duty build quality as more expensive brands, including high BTU burners and iron bricks for even cooking. Each motorized spit runs independently in either direction with on/off switch, allowing you to prepare a full or partial batch as needed. A drip drawer allows for easy disposal of drippings and can be used to hold water for added humidity. 4 Spits with skewers are included standard. Additional spits and skewers are available. Cook time is approximately 50 minutes for a 3.5 lb bird.
    ",https://usr-content.s3.us-east-2.amazonaws.com/southwood/rg4-rg7-specsheet.pdf,https://usr-content.s3.us-east-2.amazonaws.com/southwood/southwood-warranty.pdf,https://usr-content.s3.us-east-2.amazonaws.com/southwood/rg4-rg7-manual.pdf
"Standard Range SR-SM36 36"" Gas Salamander Infra-Red Broiler - 35,000 BTU",,,STANDARD RANGE,"
                            <ul>
<li>Stainless Steel front and Sides</li>
<li>35,000 BTU Infra-red burner</li>
<li>Standing pilot igniton system</li>
<li>Full width broiler pan</li>
<li>3/4” rear gas connection with regulator</li>
<li>3 Position Adjustable spring balancedrack</li>
<li>Ball grip handle on adjustable rack forease and comfort</li>
<li>LP gas conversion kit included</li>
<li>Ready to mount over any Standard Range 36 - 60 inch range</li>
<li>Range Mounting Kit Included</li>
<li>4” adjustable height, non-skid SS Legs included for countertop operation</li>
<li>Meets NSF/ANSI Standards<br>
</li>
</ul>
                          ",https://usrbrands.com/cdn/shop/files/sr-sm36_1_1_130x.jpg?v=1735620302,"
      The Standard Range Salamander Broiler provides 3-level broiling positions ideal for beef, chicken, and fish products. Powerful infrared burner ensures even heat distribution and customer satisfaction.
    ",https://usr-content.s3.us-east-2.amazonaws.com/standard-range/sr-sm36-specsheet.pdf,https://usr-content.s3.us-east-2.amazonaws.com/standard-range/standard-range-warranty.pdf,https://usrbrands.com/products/standard-range-sr-sm36-36-gas-salamander-infra-red-broiler-35-000-btu
"Standard Range SR-CR36-NG 36"" 6 Burner Commercial Gas Range with Convection Oven - Natural Gas",SR-CR36-NG,,STANDARD RANGE,"
                            <ul>
<li>30,000 BTU per top burner</li>
<li>12"" x 12"" cast iron grates with aeration bowl</li>
<li>Standing pilot light for individual burners</li>
<li>33,000 BTU convection oven</li>
<li>Oven interior side guides &amp; bottom porcelain coated</li>
<li>Oven thermostat adjusts from 200F - 500F</li>
<li>26” x 22.5” x 13 3/4”oven cavity</li>
<li>Manual gas controls with metal knobs</li>
<li>Stainless steel front, back riser, and lift off shelf</li>
<li>""Cool-to-the-touch"" front s/s deck</li>
<li>Flue located on back of unit for ample ventilation</li>
<li>Easy to remove full width crumb tray</li>
<li>2 chrome racks with 3 adjustable positions</li>
<li>Range is fully serviceable from the front</li>
<li>Includes gas regulator</li>
<li>Pre-installed casters standard, legs optional<br>
</li>
</ul>
                          ",https://usrbrands.com/cdn/shop/files/sr-cr36-convection-oven-front_1_130x.jpg?v=1728471256,"
      This Standard Range commercial gas range has everything you need to make cooking more efficient in your kitchen. It features 30,000 BTU/hr burners that operate independently, allowing you to tackle multiple cooking tasks at once. With 6 open burners on top for frying and simmering and a convection oven below for baking and warming, it maximizes your space. Each burner includes a heavy-duty cast iron grate to support your fry pans, saucepans, and other commercial cookware.
    ",https://usr-content.s3.us-east-2.amazonaws.com/standard-range/sr-cr36-ng-specsheet.pdf,https://usr-content.s3.us-east-2.amazonaws.com/standard-range/standard-range-warranty.pdf,https://usrbrands.com/products/standard-range-sr-cr36-ng-36-6-burner-commercial-gas-range-with-convection-oven-natural-gas
"Standard Range SR-CR36-LP 36"" 6 Burner Commercial Gas Range with Convection Oven - Liquid Propane",SR-CR36-LP,,STANDARD RANGE,"
                            <ul>
<li>30,000 BTU per top burner</li>
<li>12"" x 12"" cast iron grates with aeration bowl</li>
<li>Standing pilot light for individual burners</li>
<li>33,000 BTU convection oven</li>
<li>Oven interior side guides &amp; bottom porcelain coated</li>
<li>Oven thermostat adjusts from 200F - 500F</li>
<li>26” x 22.5” x 13 3/4”oven cavity</li>
<li>Manual gas controls with metal knobs</li>
<li>Stainless steel front, back riser, and lift off shelf</li>
<li>""Cool-to-the-touch"" front s/s deck</li>
<li>Flue located on back of unit for ample ventilation</li>
<li>Easy to remove full width crumb tray</li>
<li>2 chrome racks with 3 adjustable positions</li>
<li>Range is fully serviceable from the front</li>
<li>Includes gas regulator</li>
<li>Pre-installed casters standard, legs optional<br>
</li>
</ul>
                          ",https://usrbrands.com/cdn/shop/files/sr-cr36-convection-oven-front_1_130x.jpg?v=1728471256,"
      This Standard Range commercial gas range has everything you need to make cooking more efficient in your kitchen. It features 30,000 BTU/hr burners that operate independently, allowing you to tackle multiple cooking tasks at once. With 6 open burners on top for frying and simmering and a convection oven below for baking and warming, it maximizes your space. Each burner includes a heavy-duty cast iron grate to support your fry pans, saucepans, and other commercial cookware.
    ",https://usr-content.s3.us-east-2.amazonaws.com/standard-range/sr-cr36-lp-specsheet.pdf,https://usr-content.s3.us-east-2.amazonaws.com/standard-range/standard-range-warranty.pdf,https://usrbrands.com/products/standard-range-sr-cr36-lp-36-6-burner-commercial-gas-range-with-convection-oven-liquid-propane
"SR-G60-M 60"" Commercial Countertop 4 Burner Gas Griddle with Manual Control - 150,000 BTU",SR-G60-M,,STANDARD RANGE,"
                            <ul>
<li>“U” shape burners provide even heat distribution each 12”</li>
<li>3/4“ griddle plate</li>
<li>30,000 BTU / burner</li>
<li>Stainless steel cabinet</li>
<li>Cool-to-the-touch” front S/S edge</li>
<li>Back and side splash guards fully welded to griddle plate</li>
<li>Flue located on back of unit for ample ventilation</li>
<li>Adjustable stainless steel legs, non-skid feet</li>
<li>Easy to remove 3-1/4” grease drawer with “weep hole” and base</li>
<li>Grease trough is standard 4” spatula width</li>
<li>Griddle is fully serviceable from the front</li>
<li>Meets NSF/ANSI Standards</li>
<li>Each Griddle shipped standard Natural gas, LP conversion kit included</li>
</ul>
                          ",https://usrbrands.com/cdn/shop/products/SR-g60-m_130x.jpg?v=1663229338,"
      The Standard Range commercial gas countertop griddle is everything you need to streamline cooking operations in your Kitchen. It features 30,000 BTU/hr burners that are operated independently so you can simultaneously execute multiple cooking tasks. Each “U” shape burners provide even heat distribution. With a 200F to 500F adjustable temperature range, you have enough leeway to accommodate any recipe in your countertop griddle.
    ",https://usr-content.s3.us-east-2.amazonaws.com/standard-range/sr-g-series-specsheet.pdf,https://usr-content.s3.us-east-2.amazonaws.com/standard-range/standard-range-warranty.pdf,https://usrbrands.com/products/sr-g60-m-60-commercial-countertop-4-burner-gas-griddle-with-manual-control-150-000-btu
"SR-F4D-NG 78 lb. Natural Gas Stainless Steel Split Pot Floor Fryer - 120,000 BTU",SR-F4D-NG,,STANDARD RANGE,"
                            <ul>
<li>30,000 BTU / burner</li>
<li>4 tube burner</li>
<li>39 lbs. capacity per tank</li>
<li>Individual Millivolt (snap action) thermostat, 200°F - 400°F</li>
<li>Stainless steel construction</li>
<li>Large cold zone to trap food particles</li>
<li>1-1/4” dia full port drain valve for fast and complete oil draining</li>
<li>Casters standard, legs optional<br>
</li>
<li>Tank is fully peened for smoother welds &amp; easy cleaning</li>
<li>Drain pipe holder attached to inside door</li>
<li>Twin nickel plated baskets</li>
</ul>
                          ",https://usrbrands.com/cdn/shop/files/sr-f-series_split-deep-fryer_85eb1822-cd9f-4e13-8e8d-f8fe2cf91e02_130x.jpg?v=1715598538,"
      Keep your customers supplied with freshly fried foods using the Standard Range split pot floor fryer. The Standard Range commercial restaurant fryer is designed to handle deep frying tasks in busy commercial establishments. Standard features within this model include two nickel plated baskets, standing pilot light design that provides a ready flame when needed, built-in heat deflectors, and individual gas control valves. Stainless steel tank makes this model easy to clean while also protecting from rust and corrosion. What's more, every unit of the Standard Range Fryer can be cleaned and wiped down by hand. Ample code zones and sloping bottoms help collect and get rid of sediment from fry-pots in order to safeguard oil quality.
    ",https://usr-content.s3.us-east-2.amazonaws.com/standard-range/sr-f4d-ng-specsheet.pdf,https://usr-content.s3.us-east-2.amazonaws.com/standard-range/standard-range-warranty.pdf,https://usrbrands.com/products/sr-f4d-ng-78-lb-natural-gas-stainless-steel-split-pot-floor-fryer-120-000-btu
"SR-R36-12CB-LP 36"" Liquid Propane Commercial Range with 12"" Char-Broiler Top, 4 Burners, 1 Oven - 188,000 BTU",SR-R36-12CB-LP,,STANDARD RANGE,"
                            <ul>
<li>30,000 BTU per top burner, 33,000 BTU each static oven</li>
<li>12"" x 12""cast iron grates with aeration bowl</li>
<li>Standing pilot light for individual burners</li>
<li>12"" charbroiler top</li>
<li>Oven interior side guides &amp; bottom porcelain coated</li>
<li>Oven thermostat adjusts from 200°F - 500°F</li>
<li>Manual gas controls with metal knobs</li>
<li>Stainless steel front, back riser, and lift off shelf</li>
<li>“Cool-to-the-touch” front s/s deck</li>
<li>Flue located on back of unit for ample ventilation</li>
<li>Easy to remove full width crumb tray</li>
<li>Range is fully serviceable from the front</li>
<li>Meets NSF/ANSI Standards</li>
</ul>
                          ",https://usrbrands.com/cdn/shop/files/sr36-12cb-caster_2_130x.jpg?v=1708577630,"
      The Standard Range commercial gas range is everything you need to streamline cooking operations in your Kitchen. It features 30,000 BTU/hr burners that are operated independently so you can simultaneously execute multiple cooking tasks. Each burner has a heavy duty cast iron grate that conveniently supports your fry pans, sauce pans, and other commercial cookware. With a 200F to 500F adjustable temperature range, you have enough leeway to accommodate any recipe in your oven - whether you are looking to bake a cake or roast a chicken.
    ",https://usr-content.s3.us-east-2.amazonaws.com/standard-range/sr-r36-12cb-lp-specsheet.pdf,https://usr-content.s3.us-east-2.amazonaws.com/standard-range/standard-range-warranty.pdf,https://usrbrands.com/products/sr-r36-12cb-lp-36-liquid-propane-commercial-range-with-12-char-broiler-top-4-burners-1-oven-188-000-btu
"SR-R36-12CB-NG 36"" Natural Gas Commercial Range with 12"" Char-Broiler Top, 4 Burners, 1 Oven - 188,000 BTU",SR-R36-12CB-NG,,STANDARD RANGE,"
                            <ul>
<li>30,000 BTU per top burner, 33,000 BTU each static oven</li>
<li>12"" x 12""cast iron grates with aeration bowl</li>
<li>Standing pilot light for individual burners</li>
<li>12"" charbroiler top</li>
<li>Oven interior side guides &amp; bottom porcelain coated</li>
<li>Oven thermostat adjusts from 200°F - 500°F</li>
<li>Manual gas controls with metal knobs</li>
<li>Stainless steel front, back riser, and lift off shelf</li>
<li>“Cool-to-the-touch” front s/s deck</li>
<li>Flue located on back of unit for ample ventilation</li>
<li>Easy to remove full width crumb tray</li>
<li>Range is fully serviceable from the front</li>
<li>Meets NSF/ANSI Standards</li>
</ul>
                          ",https://usrbrands.com/cdn/shop/files/sr36-12cb-caster_2_7278a945-e591-49db-9548-ff14a6473b8d_130x.jpg?v=1708577698,"
      The Standard Range commercial gas range is everything you need to streamline cooking operations in your Kitchen. It features 30,000 BTU/hr burners that are operated independently so you can simultaneously execute multiple cooking tasks. Each burner has a heavy duty cast iron grate that conveniently supports your fry pans, sauce pans, and other commercial cookware. With a 200F to 500F adjustable temperature range, you have enough leeway to accommodate any recipe in your oven - whether you are looking to bake a cake or roast a chicken.
    ",https://usr-content.s3.us-east-2.amazonaws.com/standard-range/sr-r36-12cb-ng-specsheet.pdf,https://usr-content.s3.us-east-2.amazonaws.com/standard-range/standard-range-warranty.pdf,https://usrbrands.com/products/sr-r36-12cb-ng-36-natural-gas-commercial-range-with-12-char-broiler-top-4-burners-1-oven-188-000-btu
"SR-R36-12MG-NG 36"" Natural Gas Commercial Range with 2 Burner, 12"" Griddle, 1 Oven - 153,000 BTU",SR-R36-12MG-NG,,STANDARD RANGE,"
                            <ul>
<li>12"" Griddle</li>
<li>30,000 BTU per top burner</li>
<li>12” x 12” cast iron grates with aeration bowl</li>
<li>Standing pilot light for individual burners</li>
<li>33,000 BTU each static oven</li>
<li>Oven interior side guides &amp; bottom porcelain coated</li>
<li>Oven thermostat adjusts from 200°F - 500°F</li>
<li>Manual gas controls</li>
<li>Stainless steel front, back riser, and lift off shelf</li>
<li>Stainless steel legs standard</li>
<li>“Cool-to-the-touch” front S/S deck</li>
<li>Flue located on back of unit for ample ventilation</li>
<li>Easy to remove full width crumb tray</li>
<li>Range is fully serviceable from the front</li>
<li>
<span data-mce-fragment=""1"">LP c</span>onversion kit included</li>
</ul>
                          ",https://usrbrands.com/cdn/shop/files/sr-r36-12mg-caster_1_1_130x.jpg?v=1708574221,"
      The Standard Range commercial gas range is everything you need to streamline cooking operations in your Kitchen. It features 30,000 BTU/hr burners that are operated independently so you can simultaneously execute multiple cooking tasks. Each burner has a heavy duty cast iron grate that conveniently supports your fry pans, sauce pans, and other commercial cookware. With a 200F to 500F adjustable temperature range, you have enough leeway to accommodate any recipe in your oven - whether you are looking to bake a cake or roast a chicken.
    ",https://usr-content.s3.us-east-2.amazonaws.com/standard-range/sr-r36-12mg-ng-specsheet.pdf,https://usr-content.s3.us-east-2.amazonaws.com/standard-range/standard-range-warranty.pdf,https://usrbrands.com/products/copy-of-sr-r36-24mg-ng-36-natural-gas-commercial-range-with-2-burner-24-griddle-1-oven-153-000-btu
"SR-R36-12MG-LP 36"" Liquid Propane Commercial Range with 4 Burner, 12"" Griddle, 1 Oven - 153,000 BTU",SR-R36-12MG-LP,,STANDARD RANGE,"
                            <ul>
<li>12"" Griddle</li>
<li>30,000 BTU per top burner</li>
<li>12” x 12” cast iron grates with aeration bowl</li>
<li>Standing pilot light for individual burners</li>
<li>33,000 BTU each static oven</li>
<li>Oven interior side guides &amp; bottom porcelain coated</li>
<li>Oven thermostat adjusts from 200°F - 500°F</li>
<li>Manual gas controls</li>
<li>Stainless steel front, back riser, and lift off shelf</li>
<li>Stainless steel legs standard</li>
<li>“Cool-to-the-touch” front S/S deck</li>
<li>Flue located on back of unit for ample ventilation</li>
<li>Easy to remove full width crumb tray</li>
<li>Range is fully serviceable from the front</li>
<li>
<span data-mce-fragment=""1"">LP gas c</span>onversion kit included</li>
</ul>
                          ",https://usrbrands.com/cdn/shop/files/sr-r36-12mg-caster_1_1_7c6fef52-3ae2-44c7-9148-43a7e29a80fe_130x.jpg?v=1708574366,"
      The Standard Range commercial gas range is everything you need to streamline cooking operations in your Kitchen. It features 30,000 BTU/hr burners that are operated independently so you can simultaneously execute multiple cooking tasks. Each burner has a heavy duty cast iron grate that conveniently supports your fry pans, sauce pans, and other commercial cookware. With a 200F to 500F adjustable temperature range, you have enough leeway to accommodate any recipe in your oven - whether you are looking to bake a cake or roast a chicken.
    ",https://usr-content.s3.us-east-2.amazonaws.com/standard-range/sr-r36-12mg-lp-specsheet.pdf,https://usr-content.s3.us-east-2.amazonaws.com/standard-range/standard-range-warranty.pdf,https://usrbrands.com/products/sr-r36-12mg-lp-36-liquid-propane-commercial-range-with-4-burner-12-griddle-1-oven-153-000-btu
"SR-F4S-NG 50 lb. Deep Fryer with Solid State Digital Controls, Natural Gas 120,000 BTU",SR-F4S-NG,,STANDARD RANGE,"
                            <ul>
<li>30,000 BTU / burner</li>
<li>4 tube burner</li>
<li>Stainless Steel&nbsp;50 lb. oil capacity tank</li>
<li>Solid state digital controls, 180°F - 375°F</li>
<li>Stainless steel&nbsp;construction</li>
<li>Large cold zone to trap food particles</li>
<li>1-1/4” dia full port drain valve for fast and complete oil draining</li>
<li>Casters standard, legs optional<br>
</li>
<li>Tank is fully peened for smoother welds &amp; easy cleaning</li>
<li>Drain pipe holder attached to inside door</li>
<li>Twin nickel plated baskets</li>
<li>Melt cycle</li>
</ul>
                          ",https://usrbrands.com/cdn/shop/files/sr-f-series_deep-fryer_ab97865b-fb57-4548-857f-dd69a60fdcf0_130x.jpg?v=1715598487,"
      Keep your customers supplied with freshly fried foods using the Standard Range floor fryer. The Standard Range commercial restaurant fryer is designed to handle deep frying tasks in busy commercial establishments. Stainless steel tank makes this model easy to clean while also protecting from rust and corrosion. What's more, every unit of the Standard Range Fryer can be cleaned and wiped down by hand. Ample code zones and sloping bottoms help collect and get rid of sediment from fry-pots in order to safeguard oil quality.
    ",https://usr-content.s3.us-east-2.amazonaws.com/standard-range/sr-f4s-ng-specsheet.pdf,https://usr-content.s3.us-east-2.amazonaws.com/standard-range/standard-range-warranty.pdf,https://usrbrands.com/products/sr-f4s-ng-50-lb-deep-fryer-with-solid-state-digital-controls-natural-gas-120-000-btu
"SR-EG48 48"" Commercial Electric Thermostatic Countertop Griddle, 208-240V",SR-EG48,,STANDARD RANGE,"
                            <ul data-mce-fragment=""1"">
<li>208 -240 Volt Single or 3 phase power requirement</li>
<li>Temperature range of 150 to 450 degrees F</li>
<li>1“ thick steel griddle plate</li>
<li>(4)4000 Watt heating elements</li>
<li>Temperature control knob every 12”</li>
<li>All stainless steel cabinet</li>
<li>Double wall insulated sides</li>
<li>“Cool-to-the-touch” front s/s edge</li>
<li>Back and side splash guards fully welded to griddle plate</li>
<li>Adjustable stainless steel legs, non-skid feet</li>
<li>Easy to remove 3-1/4” grease drawer with “weep hole” and base</li>
<li>Grease trough is standard 4” spatula width</li>
</ul>
                          ",https://usrbrands.com/cdn/shop/products/SR-EG48_130x.jpg?v=1655985737,"
      
    ",https://usr-content.s3.us-east-2.amazonaws.com/standard-range/sr-eg-serie-specsheet.pdf,https://usr-content.s3.us-east-2.amazonaws.com/standard-range/standard-range-warranty.pdf,https://usrbrands.com/products/copy-of-sr-eg36-36-commercial-electric-thermostatic-countertop-griddle-208-240v
"SR-EG36 36"" Commercial Electric Thermostatic Countertop Griddle, 208-240V",SR-EG36,,STANDARD RANGE,"
                            <ul data-mce-fragment=""1"">
<li>208 -240 Volt Single or 3 phase power requirement</li>
<li>Temperature range of 150 to 450 degrees F</li>
<li>1“ thick steel griddle plate</li>
<li>4000 Watt heating elements</li>
<li>Temperature control knob every 12”</li>
<li>All stainless steel cabinet</li>
<li>Double wall insulated sides</li>
<li>“Cool-to-the-touch” front s/s edge</li>
<li>Back and side splash guards fully welded to griddle plate</li>
<li>Adjustable stainless steel legs, non-skid feet</li>
<li>Easy to remove 3-1/4” grease drawer with “weep hole” and base</li>
<li>Grease trough is standard 4” spatula width</li>
</ul>
                          ",https://usrbrands.com/cdn/shop/products/sr-eg36_1_1_130x.jpg?v=1652322101,"
      
    ",https://usr-content.s3.us-east-2.amazonaws.com/standard-range/sr-eg-serie-specsheet.pdf,https://usr-content.s3.us-east-2.amazonaws.com/standard-range/standard-range-warranty.pdf,https://usrbrands.com/products/sr-eg36-36-commercial-electric-thermostatic-countertop-griddle-208-240v
"SR-EG24 24"" Commercial Electric Thermostatic Countertop Griddle, 208-240V",SR-EG24,,STANDARD RANGE,"
                            <ul data-mce-fragment=""1"">
<li data-mce-fragment=""1"">Temperature range of 150 to 450 degrees F</li>
<li data-mce-fragment=""1"">1“ thick steel griddle plate</li>
<li data-mce-fragment=""1"">4000 Watt heating elements</li>
<li data-mce-fragment=""1"">Temperature control knob every 12”</li>
<li data-mce-fragment=""1"">All stainless steel cabinet</li>
<li data-mce-fragment=""1"">Double wall insulated sides</li>
<li data-mce-fragment=""1"">“Cool-to-the-touch” front s/s edge</li>
<li data-mce-fragment=""1"">Back and side splash guards fully welded to griddle plate</li>
<li data-mce-fragment=""1"">Adjustable stainless steel legs, non-skid feet</li>
<li data-mce-fragment=""1"">Easy to remove 3-1/4” grease drawer with “weep hole” and base</li>
<li data-mce-fragment=""1"">Grease trough is standard 4” spatula width</li>
</ul>
                          ",https://usrbrands.com/cdn/shop/products/sr-eg24_1_2_130x.jpg?v=1652321884,"
      
    ",https://usr-content.s3.us-east-2.amazonaws.com/standard-range/sr-eg-serie-specsheet.pdf,https://usr-content.s3.us-east-2.amazonaws.com/standard-range/standard-range-warranty.pdf,https://usrbrands.com/products/sr-eg24-24-commercial-electric-thermostatic-countertop-griddle-208-240v
"SR-R48-24CB-NG 48"" Natural Gas Commercial Range with 4 Burners, 24"" Char-Broiler Top, 2 Ovens - 256,000 BTU",SR-R48-24CB-NG,,STANDARD RANGE,"
                            <ul>
<li>30,000 BTU per top burner, 33,000 BTU each static oven</li>
<li>12"" x 12""cast iron grates with aeration bowl</li>
<li>Standing pilot light for individual burners</li>
<li>24"" right char-broiler</li>
<li>Oven interior side guides &amp; bottom porcelain coated</li>
<li>Oven thermostat adjusts from 200°F - 500°F</li>
<li>Manual controls with metal knobs</li>
<li>Stainless steel front, back riser, and lift off shelf</li>
<li>“Cool-to-the-touch” front s/s deck</li>
<li>Flue located on back of unit for ample ventilation</li>
<li>Easy to remove full width crumb tray</li>
<li>Range is fully serviceable from the front</li>
<li>Meets NSF/ANSI Standards</li>
</ul>
                          ",https://usrbrands.com/cdn/shop/files/sr-r48-24-cbcaster_130x.jpg?v=1708578475,"
      The Standard Range commercial gas range is everything you need to streamline cooking operations in your Kitchen. It features 30,000 BTU/hr burners that are operated independently so you can simultaneously execute multiple cooking tasks. Each burner has a heavy duty cast iron grate that conveniently supports your fry pans, sauce pans, and other commercial cookware. With a 200F to 500F adjustable temperature range, you have enough leeway to accommodate any recipe in your oven - whether you are looking to bake a cake or roast a chicken.
    ",https://usr-content.s3.us-east-2.amazonaws.com/standard-range/sr-r48-24cb-ng-specsheet.pdf,https://usr-content.s3.us-east-2.amazonaws.com/standard-range/standard-range-warranty.pdf,https://usrbrands.com/products/sr-r48-24cb-ng-48-natural-gas-commercial-range-with-4-burners-24-char-broiler-top-2-ovens-256-000-btu
"SR-R48-24CB-LP 48"" Liquid Propane Commercial Range with 4 Burners, 24"" Char-Broiler Top, 2 Ovens - 256,000 BTU",SR-R48-24CB-LP,,STANDARD RANGE,"
                            <ul>
<li>30,000 BTU per top burner, 33,000 BTU each static oven</li>
<li>12"" x 12""cast iron grates with aeration bowl</li>
<li>Standing pilot light for individual burners</li>
<li>24"" right char-broiler</li>
<li>Oven interior side guides &amp; bottom porcelain coated</li>
<li>Oven thermostat adjusts from 200°F - 500°F</li>
<li>Manual controls with metal knobs</li>
<li>Stainless steel front, back riser, and lift off shelf</li>
<li>“Cool-to-the-touch” front s/s deck</li>
<li>Flue located on back of unit for ample ventilation</li>
<li>Easy to remove full width crumb tray</li>
<li>Range is fully serviceable from the front</li>
<li>Meets NSF/ANSI Standards</li>
</ul>
                          ",https://usrbrands.com/cdn/shop/files/sr-r48-24-cbcaster_cbfb199e-085b-43b4-80a9-66c17f4a6541_130x.jpg?v=1708578517,"
      The Standard Range commercial gas range is everything you need to streamline cooking operations in your Kitchen. It features 30,000 BTU/hr burners that are operated independently so you can simultaneously execute multiple cooking tasks. Each burner has a heavy duty cast iron grate that conveniently supports your fry pans, sauce pans, and other commercial cookware. With a 200F to 500F adjustable temperature range, you have enough leeway to accommodate any recipe in your oven - whether you are looking to bake a cake or roast a chicken.
    ",https://usr-content.s3.us-east-2.amazonaws.com/standard-range/sr-r48-24cb-lp-specsheet.pdf,https://usr-content.s3.us-east-2.amazonaws.com/standard-range/standard-range-warranty.pdf,https://usrbrands.com/products/copy-of-sr-r36-24cb-lp-36-liquid-propane-commercial-range-with-2-burner-24-charbroiler-1-oven-153-000-btu
"SR-R60-24CB-LP 60"" Liquid Propane Commercial Range with 6 Burner, 24"" Charbroiler, 2 Oven - 306,000 BTU",SR-R60-24CB-LP,,STANDARD RANGE,"
                            <ul>
<li>24"" Charbroiler</li>
<li>30,000 BTU per top burner</li>
<li>12” x 12” cast iron grates with aeration bowl</li>
<li>Standing pilot light for individual burners</li>
<li>33,000 BTU each static oven</li>
<li>Oven interior side guides &amp; bottom porcelain coated</li>
<li>Oven thermostat adjusts from 200°F - 500°F</li>
<li>Manual gas controls</li>
<li>Stainless steel front, back riser, and lift off shelf</li>
<li>Stainless steel legs standard</li>
<li>“Cool-to-the-touch” front S/S deck</li>
<li>Flue located on back of unit for ample ventilation</li>
<li>Easy to remove full width crumb tray</li>
<li>Range is fully serviceable from the front</li>
<li>Liquid Propane conversion kit included<br>
</li>
</ul>
                          ",https://usrbrands.com/cdn/shop/files/sr-r60-24cb-2_1-casters_e4cdd30a-8bfe-4618-9db1-96cef2981beb_130x.jpg?v=1708579198,"
      The Standard Range commercial gas range is everything you need to streamline cooking operations in your Kitchen. It features 30,000 BTU/hr burners that are operated independently so you can simultaneously execute multiple cooking tasks. Each burner has a heavy duty cast iron grate that conveniently supports your fry pans, sauce pans, and other commercial cookware. With a 200F to 500F adjustable temperature range, you have enough leeway to accommodate any recipe in your oven - whether you are looking to bake a cake or roast a chicken.
    ",https://usr-content.s3.us-east-2.amazonaws.com/standard-range/sr-r60-24cb-lp-specsheet.pdf,https://usr-content.s3.us-east-2.amazonaws.com/standard-range/standard-range-warranty.pdf,https://usrbrands.com/products/sr-r60-24cb-p-60-liquid-propane-commercial-range-with-6-burner-24-charbroiler-2-oven-306-000-btu-1
"SR-R60-24MG-LP 60"" Liquid Propane Range with 24"" Griddle, 6 Burners, 2 Ovens - 306,000 BTU",SR-R60-24MG-LP,,STANDARD RANGE,"
                            <ul>
<li>24"" Griddle</li>
<li>30,000 BTU per top burner</li>
<li>12” x 12” cast iron grates with aeration bowl</li>
<li>Standing pilot light for individual burners</li>
<li>33,000 BTU each static oven</li>
<li>Oven interior side guides &amp; bottom porcelain coated</li>
<li>Oven thermostat adjusts from 200°F - 500°F</li>
<li>Manual gas controls</li>
<li>Stainless steel front, back riser, and lift off shelf</li>
<li>Stainless steel legs standard</li>
<li>“Cool-to-the-touch” front S/S deck</li>
<li>Flue located on back of unit for ample ventilation</li>
<li>Easy to remove full width crumb tray</li>
<li>Range is fully serviceable from the front</li>
<li>LP gas conversion kit included</li>
</ul>
                          ",https://usrbrands.com/cdn/shop/files/sr-r60-24mg-caster_130x.jpg?v=1708578181,"
      The Standard Range commercial gas range is everything you need to streamline cooking operations in your Kitchen. It features 30,000 BTU/hr burners that are operated independently so you can simultaneously execute multiple cooking tasks. Each burner has a heavy duty cast iron grate that conveniently supports your fry pans, sauce pans, and other commercial cookware. With a 200F to 500F adjustable temperature range, you have enough leeway to accommodate any recipe in your oven - whether you are looking to bake a cake or roast a chicken.
    ",https://usr-content.s3.us-east-2.amazonaws.com/standard-range/sr-r60-24mg-lp-specsheet.pdf,https://usr-content.s3.us-east-2.amazonaws.com/standard-range/standard-range-warranty.pdf,https://usrbrands.com/products/sr-r60-24mg-p-60-liquid-propane-range-with-24-griddle-6-burners-2-ovens-306-000-btu
"SR-R60-24RG-LP 60"" Liquid Propane Range with 6 Burners, 24"" Raised Griddle and 2 Oven-306,000 BTU",SR-R60-24RG-LP,,STANDARD RANGE,"
                            <ul>
<li>24"" Charbroiler</li>
<li>30,000 BTU per top burner</li>
<li>12” x 12” cast iron grates with aeration bowl</li>
<li>Standing pilot light for individual burners</li>
<li>33,000 BTU each static oven</li>
<li>Oven interior side guides &amp; bottom porcelain coated</li>
<li>Oven thermostat adjusts from 200°F - 500°F</li>
<li>Manual gas controls</li>
<li>Stainless steel front, back riser, and lift off shelf</li>
<li>Stainless steel legs standard</li>
<li>“Cool-to-the-touch” front S/S deck</li>
<li>Flue located on back of unit for ample ventilation</li>
<li>Easy to remove full width crumb tray</li>
<li>Range is fully serviceable from the front</li>
<li>LP gas conversion kit included<br>
</li>
</ul>
                          ",https://usrbrands.com/cdn/shop/files/sr-r60-24rg-caster_d868f3b4-9604-49c4-a06c-abc68ba221c4_130x.jpg?v=1708578100,"
      The Standard Range commercial gas range is everything you need to streamline cooking operations in your Kitchen. It features 30,000 BTU/hr burners that are operated independently so you can simultaneously execute multiple cooking tasks. Each burner has a heavy duty cast iron grate that conveniently supports your fry pans, sauce pans, and other commercial cookware. With a 200F to 500F adjustable temperature range, you have enough leeway to accommodate any recipe in your oven - whether you are looking to bake a cake or roast a chicken.
    ",https://usr-content.s3.us-east-2.amazonaws.com/standard-range/sr-r60-24rg-lp-series-specsheet.pdf,https://usr-content.s3.us-east-2.amazonaws.com/standard-range/standard-range-warranty.pdf,https://usrbrands.com/products/sr-r60-24rg-lp-60-liquid-propane-range-with-6-burners-24-raised-griddle-and-2-oven-306-000-btu
"SR-R60-LP 60"" Liquid Propane Commercial Range with 10 Burner, 2 Oven - 366,000 BTU",SR-R60-LP,,STANDARD RANGE,"
                            <ul>
<li>30,000 BTU per top burner</li>
<li>12” x 12” cast iron grates with aeration bowl</li>
<li>Standing pilot light for individual burners</li>
<li>33,000 BTU each static oven</li>
<li>Oven interior side guides &amp; bottom porcelain coated</li>
<li>Oven thermostat adjusts from 200°F - 500°F</li>
<li>Manual gas controls</li>
<li>Stainless steel front, back riser, and lift off shelf</li>
<li>Stainless steel legs standard</li>
<li>“Cool-to-the-touch” front S/S deck</li>
<li>Flue located on back of unit for ample ventilation</li>
<li>Easy to remove full width crumb tray</li>
<li>Range is fully serviceable from the front</li>
<li>LP gas conversion kit included</li>
</ul>
                          ",https://usrbrands.com/cdn/shop/files/sr-r60-caster_9740e62d-ffcf-458c-97e3-afee44ab1a92_130x.jpg?v=1708577973,"
      The Standard Range commercial gas range is everything you need to streamline cooking operations in your Kitchen. It features 30,000 BTU/hr burners that are operated independently so you can simultaneously execute multiple cooking tasks. Each burner has a heavy duty cast iron grate that conveniently supports your fry pans, sauce pans, and other commercial cookware. With a 200F to 500F adjustable temperature range, you have enough leeway to accommodate any recipe in your oven - whether you are looking to bake a cake or roast a chicken.
    ",https://usr-content.s3.us-east-2.amazonaws.com/standard-range/sr-r60-lp-specsheet.pdf,https://usr-content.s3.us-east-2.amazonaws.com/standard-range/standard-range-warranty.pdf,https://usrbrands.com/products/sr-r60-n-60-liquid-propane-commercial-range-with-10-burner-2-oven-366-000-btu
"SR-R48-24MG-LP 48"" Liquid Propane Commercial Range with 4 Burner, 24"" Griddle, 2 Oven - 246,000 BTU",SR-R48-24MG-LP,,STANDARD RANGE,"
                            <ul>
<li>24"" Griddle</li>
<li>30,000 BTU per top burner</li>
<li>12” x 12” cast iron grates with aeration bowl</li>
<li>Standing pilot light for individual burners</li>
<li>33,000 BTU each static oven</li>
<li>Oven interior side guides &amp; bottom porcelain coated</li>
<li>Oven thermostat adjusts from 200°F - 500°F</li>
<li>Manual gas controls</li>
<li>Stainless steel front, back riser, and lift off shelf</li>
<li>Stainless steel legs standard</li>
<li>“Cool-to-the-touch” front S/S deck</li>
<li>Flue located on back of unit for ample ventilation</li>
<li>Easy to remove full width crumb tray</li>
<li>Range is fully serviceable from the front</li>
<li>
<span data-mce-fragment=""1"">LP gas c</span>onversion kit included</li>
</ul>
                          ",https://usrbrands.com/cdn/shop/files/sr-r48-24mg-caster_130x.jpg?v=1708578351,"
      The Standard Range commercial gas range is everything you need to streamline cooking operations in your Kitchen. It features 30,000 BTU/hr burners that are operated independently so you can simultaneously execute multiple cooking tasks. Each burner has a heavy duty cast iron grate that conveniently supports your fry pans, sauce pans, and other commercial cookware. With a 200F to 500F adjustable temperature range, you have enough leeway to accommodate any recipe in your oven - whether you are looking to bake a cake or roast a chicken.
    ",https://usr-content.s3.us-east-2.amazonaws.com/standard-range/sr-r48-24mg-lp-specsheet.pdf,https://usr-content.s3.us-east-2.amazonaws.com/standard-range/standard-range-warranty.pdf,https://usrbrands.com/products/sr-r48-24mg-p-48-liquid-propane-commercial-range-with-4-burner-24-griddle-2-oven-246-000-btu
"SR-R48-LP 48"" Liquid Propane Commercial Range with 8 Burner, 2 Oven - 306,000 BTU",SR-R48-LP,,STANDARD RANGE,"
                            <ul>
<li>30,000 BTU per top burner</li>
<li>12” x 12” cast iron grates with aeration bowl</li>
<li>Standing pilot light for individual burners</li>
<li>33,000 BTU each static oven</li>
<li>Oven interior side guides &amp; bottom porcelain coated</li>
<li>Oven thermostat adjusts from 200°F - 500°F</li>
<li>Manual gas controls</li>
<li>Stainless steel front, back riser, and lift off shelf</li>
<li>Stainless steel legs standard</li>
<li>“Cool-to-the-touch” front S/S deck</li>
<li>Flue located on back of unit for ample ventilation</li>
<li>Easy to remove full width crumb tray</li>
<li>Range is fully serviceable from the front</li>
<li>
<span data-mce-fragment=""1"">LP gas c</span>onversion kit included</li>
</ul>
                          ",https://usrbrands.com/cdn/shop/files/sr-r48-caster_130x.jpg?v=1708577779,"
      The Standard Range commercial gas range is everything you need to streamline cooking operations in your Kitchen. It features 30,000 BTU/hr burners that are operated independently so you can simultaneously execute multiple cooking tasks. Each burner has a heavy duty cast iron grate that conveniently supports your fry pans, sauce pans, and other commercial cookware. With a 200F to 500F adjustable temperature range, you have enough leeway to accommodate any recipe in your oven - whether you are looking to bake a cake or roast a chicken.
    ",https://usr-content.s3.us-east-2.amazonaws.com/standard-range/sr-r48-lp-specsheet.pdf,https://usr-content.s3.us-east-2.amazonaws.com/standard-range/standard-range-warranty.pdf,https://usrbrands.com/products/sr-r48-p-48-liquid-propane-commercial-range-with-8-burner-2-oven-306-000-btu
"SR-R36-24MG-LP 36"" Liquid Propane Commercial Range with 2 Burner, 24"" Griddle, 1 Oven - 153,000 BTU",SR-R36-24MG-LP,,STANDARD RANGE,"
                            <ul>
<li>24"" Griddle</li>
<li>30,000 BTU per top burner</li>
<li>12” x 12” cast iron grates with aeration bowl</li>
<li>Standing pilot light for individual burners</li>
<li>33,000 BTU each static oven</li>
<li>Oven interior side guides &amp; bottom porcelain coated</li>
<li>Oven thermostat adjusts from 200°F - 500°F</li>
<li>Manual gas controls</li>
<li>Stainless steel front, back riser, and lift off shelf</li>
<li>Stainless steel legs standard</li>
<li>“Cool-to-the-touch” front S/S deck</li>
<li>Flue located on back of unit for ample ventilation</li>
<li>Easy to remove full width crumb tray</li>
<li>Range is fully serviceable from the front</li>
<li>
<span data-mce-fragment=""1"">LP gas c</span>onversion kit included</li>
</ul>
                          ",https://usrbrands.com/cdn/shop/files/sr-r36-24mg-caster_1_1_130x.jpg?v=1708574514,"
      The Standard Range commercial gas range is everything you need to streamline cooking operations in your Kitchen. It features 30,000 BTU/hr burners that are operated independently so you can simultaneously execute multiple cooking tasks. Each burner has a heavy duty cast iron grate that conveniently supports your fry pans, sauce pans, and other commercial cookware. With a 200F to 500F adjustable temperature range, you have enough leeway to accommodate any recipe in your oven - whether you are looking to bake a cake or roast a chicken.
    ",https://usr-content.s3.us-east-2.amazonaws.com/standard-range/sr-r36-24mg-lp-specsheet.pdf,https://usr-content.s3.us-east-2.amazonaws.com/standard-range/standard-range-warranty.pdf,https://usrbrands.com/products/sr-r36-24mg-p-36-liquid-propane-commercial-range-with-2-burner-24-griddle-1-oven-153-000-btu
"SR-R36-24CB-LP 36"" Liquid Propane Commercial Range with 2 Burner, 24"" Charbroiler, 1 Oven - 163,000 BTU",SR-R36-24CB-LP,,STANDARD RANGE,"
                            <ul>
<li>24"" Charbroiler</li>
<li>30,000 BTU per top burner</li>
<li>12” x 12” cast iron grates with aeration bowl</li>
<li>Standing pilot light for individual burners</li>
<li>33,000 BTU each static oven</li>
<li>Oven interior side guides &amp; bottom porcelain coated</li>
<li>Oven thermostat adjusts from 200°F - 500°F</li>
<li>Manual gas controls</li>
<li>Stainless steel front, back riser, and lift off shelf</li>
<li>Stainless steel legs standard</li>
<li>“Cool-to-the-touch” front S/S deck</li>
<li>Flue located on back of unit for ample ventilation</li>
<li>Easy to remove full width crumb tray</li>
<li>Range is fully serviceable from the front</li>
<li>LP gas kit included</li>
</ul>
                          ",https://usrbrands.com/cdn/shop/files/sr-r36-24cb-caster_1_1_cbb4bcd6-d28b-4f4b-afae-797be93ce89f_130x.jpg?v=1708577551,"
      The Standard Range commercial gas range is everything you need to streamline cooking operations in your Kitchen. It features 30,000 BTU/hr burners that are operated independently so you can simultaneously execute multiple cooking tasks. Each burner has a heavy duty cast iron grate that conveniently supports your fry pans, sauce pans, and other commercial cookware. With a 200F to 500F adjustable temperature range, you have enough leeway to accommodate any recipe in your oven - whether you are looking to bake a cake or roast a chicken.
    ",https://usr-content.s3.us-east-2.amazonaws.com/standard-range/sr-r36-24cb-lp-specsheet.pdf,https://usr-content.s3.us-east-2.amazonaws.com/standard-range/standard-range-warranty.pdf,https://usrbrands.com/products/sr-r36-24cb-p-36-liquid-propane-commercial-range-with-2-burner-24-charbroiler-1-oven-153-000-btu
"SR-R36-LP 36"" Liquid Propane Commercial Range with 6 Burner, 1 Oven - 213,000 BTU",SR-R36-LP,,STANDARD RANGE,"
                            <ul>
<li>30,000 BTU per top burner</li>
<li>12” x 12” cast iron grates with aeration bowl</li>
<li>Standing pilot light for individual burners</li>
<li>33,000 BTU each static oven</li>
<li>Oven interior side guides &amp; bottom porcelain coated</li>
<li>Oven thermostat adjusts from 200°F - 500°F</li>
<li>Manual gas controls</li>
<li>Stainless steel front, back riser, and lift off shelf</li>
<li>Stainless steel legs standard</li>
<li>“Cool-to-the-touch” front S/S deck</li>
<li>Flue located on back of unit for ample ventilation</li>
<li>Easy to remove full width crumb tray</li>
<li>Range is fully serviceable from the front</li>
<li>LP gas conversion kit included</li>
</ul>
                          ",https://usrbrands.com/cdn/shop/files/sr-r36-caster_1_1_130x.jpg?v=1708574148,"
      The Standard Range commercial gas range is everything you need to streamline cooking operations in your Kitchen. It features 30,000 BTU/hr burners that are operated independently so you can simultaneously execute multiple cooking tasks. Each burner has a heavy duty cast iron grate that conveniently supports your fry pans, sauce pans, and other commercial cookware. With a 200F to 500F adjustable temperature range, you have enough leeway to accommodate any recipe in your oven - whether you are looking to bake a cake or roast a chicken.
    ",https://usr-content.s3.us-east-2.amazonaws.com/standard-range/sr-r36-lp-specsheet.pdf,https://usr-content.s3.us-east-2.amazonaws.com/standard-range/standard-range-warranty.pdf,https://usrbrands.com/products/sr-r36-p-36-liquid-propane-commercial-range-with-6-burner-1-oven-213-000-btu
"SR-R36-36MG-LP 36"" Liquid Propane Commercial Range with 36"" Griddle Top, 1 Oven - 123,000 BTU",SR-R36-36MG-LP,,STANDARD RANGE,"
                            <ul>
<li>36"" Griddle</li>
<li>30,000 BTU per top burner</li>
<li>12” x 12” cast iron grates with aeration bowl</li>
<li>Standing pilot light for individual burners</li>
<li>33,000 BTU each static oven</li>
<li>Oven interior side guides &amp; bottom porcelain coated</li>
<li>Oven thermostat adjusts from 200°F - 500°F</li>
<li>Manual gas controls</li>
<li>Stainless steel front, back riser, and lift off shelf</li>
<li>Stainless steel legs standard</li>
<li>“Cool-to-the-touch” front S/S deck</li>
<li>Flue located on back of unit for ample ventilation</li>
<li>Easy to remove full width crumb tray</li>
<li>Range is fully serviceable from the front</li>
<li>LP gas conversion kit included</li>
</ul>
                          ",https://usrbrands.com/cdn/shop/files/sr-r36-36mg-caster_1_1_96ca2fd7-4d49-4607-ac7b-99dd37105cf8_130x.jpg?v=1708574769,"
      The Standard Range commercial gas range is everything you need to streamline cooking operations in your Kitchen. It features 30,000 BTU/hr burners that are operated independently so you can simultaneously execute multiple cooking tasks. Each burner has a heavy duty cast iron grate that conveniently supports your fry pans, sauce pans, and other commercial cookware. With a 200F to 500F adjustable temperature range, you have enough leeway to accommodate any recipe in your oven - whether you are looking to bake a cake or roast a chicken.
    ",https://usr-content.s3.us-east-2.amazonaws.com/standard-range/sr-r36-36mg-lp-specsheet.pdf,https://usr-content.s3.us-east-2.amazonaws.com/standard-range/standard-range-warranty.pdf,https://usrbrands.com/products/sr-r36-36mg-p-36-liquid-propane-commercial-range-with-36-griddle-top-1-oven-123-000-btu
"SR-R24-24MG-LP 24"" Liquid Propane Commercial Range with 24"" Griddle Top, 1 Oven - 93,000 BTU",SR-R24-24MG-LP,,STANDARD RANGE,"
                            <ul>
<li>24"" Griddle</li>
<li>30,000 BTU per top burner</li>
<li>12” x 12” cast iron grates with aeration bowl</li>
<li>Standing pilot light for individual burners</li>
<li>33,000 BTU each static oven</li>
<li>Oven interior side guides &amp; bottom porcelain coated</li>
<li>Oven thermostat adjusts from 200°F - 500°F</li>
<li>Manual gas controls</li>
<li>Stainless steel front, back riser, and lift off shelf</li>
<li>Stainless steel legs standard</li>
<li>“Cool-to-the-touch” front S/S deck</li>
<li>Flue located on back of unit for ample ventilation</li>
<li>Easy to remove full width crumb tray</li>
<li>Range is fully serviceable from the front</li>
<li>LP gas conversion kit included</li>
</ul>
                          ",https://usrbrands.com/cdn/shop/files/sr-r24-24mg-caster_130x.jpg?v=1708574632,"
      The Standard Range commercial gas range is everything you need to streamline cooking operations in your Kitchen. It features 30,000 BTU/hr burners that are operated independently so you can simultaneously execute multiple cooking tasks. Each burner has a heavy duty cast iron grate that conveniently supports your fry pans, sauce pans, and other commercial cookware. With a 200F to 500F adjustable temperature range, you have enough leeway to accommodate any recipe in your oven - whether you are looking to bake a cake or roast a chicken.
    ",https://usr-content.s3.us-east-2.amazonaws.com/standard-range/sr-r-series-specsheet.pdf,https://usr-content.s3.us-east-2.amazonaws.com/standard-range/standard-range-warranty.pdf,https://usrbrands.com/products/sr-r24-24mg-p-24-liquid-propane-commercial-range-with-24-griddle-top-1-oven-93-000-btu
"SR-R24-24CB-LP 24"" Liquid Propane Commercial Range with 24"" Charbroiler, 1 Oven - 93,000 BTU",SR-R24-24CB-LP,,STANDARD RANGE,"
                            <ul>
<li>24"" charbroiler</li>
<li>30,000 BTU per top burner</li>
<li>12” x 12” cast iron grates with aeration bowl</li>
<li>Standing pilot light for individual burners</li>
<li>33,000 BTU each static oven</li>
<li>Oven interior side guides &amp; bottom porcelain coated</li>
<li>Oven thermostat adjusts from 200°F - 500°F</li>
<li>Manual gas controls</li>
<li>Stainless steel front, back riser, and lift off shelf</li>
<li>Stainless steel legs standard</li>
<li>“Cool-to-the-touch” front S/S deck</li>
<li>Flue located on back of unit for ample ventilation</li>
<li>Easy to remove full width crumb tray</li>
<li>Range is fully serviceable from the front</li>
<li>LP gas conversion kit included</li>
</ul>
                          ",https://usrbrands.com/cdn/shop/files/sr-r24-24cb-caster_c38e4f36-e8ba-48ae-a454-ab49b7c883c0_130x.jpg?v=1708574895,"
      The Standard Range commercial gas range is everything you need to streamline cooking operations in your Kitchen. It features 30,000 BTU/hr burners that are operated independently so you can simultaneously execute multiple cooking tasks. Each burner has a heavy duty cast iron grate that conveniently supports your fry pans, sauce pans, and other commercial cookware. With a 200F to 500F adjustable temperature range, you have enough leeway to accommodate any recipe in your oven - whether you are looking to bake a cake or roast a chicken.
    ",https://usr-content.s3.us-east-2.amazonaws.com/standard-range/sr-r24-24cb-lp-specsheet.pdf,https://usr-content.s3.us-east-2.amazonaws.com/standard-range/standard-range-warranty.pdf,https://usrbrands.com/products/sr-r24-24cb-p-24-liquid-propane-commercial-range-with-24-charbroiler-1-oven-93-000-btu
"SR-R24-LP 24"" Natural Gas Commercial Range with 4 Burner, 1 Oven - 153,000 BTU",SR-R24-LP,,STANDARD RANGE,"
                            <ul>
<li>30,000 BTU per top burner</li>
<li>12” x 12” cast iron grates with aeration bowl</li>
<li>Standing pilot light for individual burners</li>
<li>33,000 BTU each static oven</li>
<li>Oven interior side guides &amp; bottom porcelain coated</li>
<li>Oven thermostat adjusts from 200°F - 500°F</li>
<li>Manual gas controls</li>
<li>Stainless steel front, back riser, and lift off shelf</li>
<li>Stainless steel legs standard</li>
<li>“Cool-to-the-touch” front S/S deck</li>
<li>Flue located on back of unit for ample ventilation</li>
<li>Easy to remove full width crumb tray</li>
<li>Range is fully serviceable from the front</li>
<li>LP gas conversion kit included</li>
</ul>
                          ",https://usrbrands.com/cdn/shop/files/sr-r24-caster_b603422c-83ca-4f39-b20e-0aed35ba3e78_130x.jpg?v=1708574082,"
      The Standard Range commercial gas range is everything you need to streamline cooking operations in your Kitchen. It features 30,000 BTU/hr burners that are operated independently so you can simultaneously execute multiple cooking tasks. Each burner has a heavy duty cast iron grate that conveniently supports your fry pans, sauce pans, and other commercial cookware. With a 200F to 500F adjustable temperature range, you have enough leeway to accommodate any recipe in your oven - whether you are looking to bake a cake or roast a chicken.
    ",https://usr-content.s3.us-east-2.amazonaws.com/standard-range/sr-r24-lp-specsheet.pdf,https://usr-content.s3.us-east-2.amazonaws.com/standard-range/standard-range-warranty.pdf,https://usrbrands.com/products/sr-r24-p-24-liquid-propane-commercial-range-with-4-burner-1-oven-153-000-btu
"SR-COG-DBL Double Deck Full Size Gas Convection Oven - 108,000 BTU",SR-COG-DBL,,STANDARD RANGE,"
                            <ul>
<li>2-speed, 1/2 hp fan motor (1725, 1140 rpm)</li>
<li>Porcelain enamel oven interior</li>
<li>20 position interior rack guides</li>
<li>10 nickel plated oven racks</li>
<li>Electronic ignition (Fenwal)</li>
<li>Electronic thermostat &amp; manual timer controls</li>
<li>Temperature range: 150°F to 500°F (66°C to 260°C)</li>
<li>Control panel opens downward for easy service</li>
<li>Control panel located on right side - away from burners</li>
<li>Two Halogen interior lights</li>
<li>Exterior: Stainless steel front, sides, and top</li>
<li>Oven Ready light</li>
<li>Forced “cool down” fan mode</li>
<li>Natural Gas with LP conversion Kit</li>
</ul>
                          ",https://usrbrands.com/cdn/shop/products/d-2-ps_130x.jpg?v=1632217526,"
      The Standard Range double deck commercial bakery oven is built to maximize the cookers versatility. With 5 heavy duty chrome plated racks per oven that can be arranged on 10-position rack guides, a space-saving construction, multiple precision controls and a safety-conscious design, this commercial double deck oven is ideal of cooking baked goodies, meats, pastries, or desserts. Whether you are making bake pies in a school cafeteria or preparing a rack of lambs for a restaurant gourmet dinner, this deck oven will come in handy.
    ",https://usr-content.s3.us-east-2.amazonaws.com/standard-range/sr-cog-dbl-specsheet.pdf,https://usrbrands.com/products/copy-of-sr-cog-single-deck-full-size-gas-convection-oven-54-000-btu,https://usrbrands.com/products/copy-of-sr-cog-single-deck-full-size-gas-convection-oven-54-000-btu
"SR-COE-DBL-208 Double Deck Full Size Electric Convection Oven - 208V, 3PH",SR-COE-DBL-208,,STANDARD RANGE,"
                            <ul>
<li>Independent doors with full view windows</li>
<li>2-speed, 1/2 hp fan motor (1725, 1140 rpm)</li>
<li>Porcelain enamel oven interior</li>
<li>20 position interior rack guides</li>
<li>10 nickel plated oven racks</li>
<li>Electronic ignition (Fenwal)</li>
<li>Electronic thermostat &amp; manual timer controls</li>
<li>Temperature range: 150°F to 500°F (66°C to 260°C)</li>
<li>Control panel opens downward for easy service</li>
<li>Control panel located on right side - away from burners</li>
<li>Two Halogen interior lights</li>
<li>Exterior: Stainless steel front, sides, and top</li>
<li>Oven Ready light</li>
<li>Forced “cool down” fan mode</li>
</ul>
                          ",https://usrbrands.com/cdn/shop/products/sr-cog-dbl-1_4a304b9f-89ba-4471-9a9d-32648c317d89_130x.jpg?v=1632217310,"
      The Standard Range Double deck commercial bakery electric convection oven is built to maximize the cookers versatility. With 5 heavy duty chrome plated racks per oven that can be arranged on 10-position rack guides, a space-saving construction, multiple precision controls and a safety-conscious design, this commercial double deck convection oven is ideal of cooking baked goodies, meats, pastries, or desserts. Whether you are making bake pies in a school cafeteria or preparing a rack of lambs for a restaurant gourmet dinner, this deck oven will come in handy.
    ",https://usr-content.s3.us-east-2.amazonaws.com/standard-range/sr-coe-dbl-series-specsheet.pdf,https://usrbrands.com/products/copy-of-sr-coe-208-single-deck-full-size-electric-convection-oven-208v-3ph,https://usrbrands.com/products/copy-of-sr-coe-208-single-deck-full-size-electric-convection-oven-208v-3ph
"SR-COE-DBL-240 Double Deck Full Size Electric Convection Oven - 240V, 1PH",SR-COE-DBL-240,,STANDARD RANGE,"
                            <ul>
<li>Independent doors with full view windows</li>
<li>2-speed, 1/2 hp fan motor (1725, 1140 rpm)</li>
<li>Porcelain enamel oven interior</li>
<li>20 position interior rack guides</li>
<li>10 nickel plated oven racks</li>
<li>Electronic ignition (Fenwal)</li>
<li>Electronic thermostat &amp; manual timer controls</li>
<li>Temperature range: 150°F to 500°F (66°C to 260°C)</li>
<li>Control panel opens downward for easy service</li>
<li>Control panel located on right side - away from burners</li>
<li>Four&nbsp;Halogen interior lights</li>
<li>Exterior: Stainless steel front, sides, and top</li>
<li>Oven Ready light</li>
<li>Forced “cool down” fan mode</li>
<li>6"" heavy duty caster</li>
</ul>
                          ",https://usrbrands.com/cdn/shop/products/sr-cog-dbl-1_130x.jpg?v=1632216928,"
      The Standard Range double deck commercial bakery electric convection oven is built to maximize the cookers versatility. With 5 heavy duty chrome plated racks per oven that can be arranged on 10-position rack guides, a space-saving construction, multiple precision controls and a safety-conscious design, this commercial double deck convection oven is ideal of cooking baked goodies, meats, pastries, or desserts. Whether you are making bake pies in a school cafeteria or preparing a rack of lambs for a restaurant gourmet dinner, this deck oven will come in handy.
    ",https://usr-content.s3.us-east-2.amazonaws.com/standard-range/sr-coe-dbl-series-specsheet.pdf,https://usrbrands.com/products/copy-of-sr-coe-240-single-deck-full-size-electric-convection-oven-240v-1ph,https://usrbrands.com/products/copy-of-sr-coe-240-single-deck-full-size-electric-convection-oven-240v-1ph
"SR-G48-M 48"" Commercial Countertop 4 Burner Gas Griddle with Manual Control - 120,000 BTU",SR-G48-M,,STANDARD RANGE,"
                            <ul>
<li>“U” shape burners provide even heat distribution each 12”</li>
<li>3/4“ griddle plate</li>
<li>30,000 BTU / burner</li>
<li>Stainless steel cabinet</li>
<li>Cool-to-the-touch” front S/S edge</li>
<li>Back and side splash guards fully welded to griddle plate</li>
<li>Flue located on back of unit for ample ventilation</li>
<li>Adjustable stainless steel legs, non-skid feet</li>
<li>Easy to remove 3-1/4” grease drawer with “weep hole” and base</li>
<li>Grease trough is standard 4” spatula width</li>
<li>Griddle is fully serviceable from the front</li>
<li>Meets NSF/ANSI Standards</li>
<li>Each Griddle shipped standard Natural gas, LP conversion kit included</li>
</ul>
                          ",https://usrbrands.com/cdn/shop/products/sr-g48m_130x.jpg?v=1632216616,"
      The Standard Range commercial gas countertop griddle is everything you need to streamline cooking operations in your Kitchen. It features 30,000 BTU/hr burners that are operated independently so you can simultaneously execute multiple cooking tasks. Each “U” shape burners provide even heat distribution. With a 200F to 500F adjustable temperature range, you have enough leeway to accommodate any recipe in your countertop griddle.
    ",https://usr-content.s3.us-east-2.amazonaws.com/standard-range/sr-g-series-specsheet.pdf,https://usrbrands.com/products/copy-of-sr-g36-m-36-commercial-countertop-3-burner-gas-griddle-with-manual-control-90-000-btu,https://usrbrands.com/products/copy-of-sr-g36-m-36-commercial-countertop-3-burner-gas-griddle-with-manual-control-90-000-btu
"SR-G36-M 36"" Commercial Countertop 3 Burner Gas Griddle with Manual Control - 90,000 BTU",SR-G36-M,,STANDARD RANGE,"
                            <ul>
<li>“U” shape burners provide even heat distribution each 12”</li>
<li>3/4“ griddle plate</li>
<li>30,000 BTU / burner</li>
<li>Stainless steel cabinet</li>
<li>Cool-to-the-touch” front S/S edge</li>
<li>Back and side splash guards fully welded to griddle plate</li>
<li>Flue located on back of unit for ample ventilation</li>
<li>Adjustable stainless steel legs, non-skid feet</li>
<li>Easy to remove 3-1/4” grease drawer with “weep hole” and base</li>
<li>Grease trough is standard 4” spatula width</li>
<li>Griddle is fully serviceable from the front</li>
<li>Meets NSF/ANSI Standards</li>
<li>Each Griddle shipped standard Natural gas, LP conversion kit included</li>
</ul>
                          ",https://usrbrands.com/cdn/shop/products/sr-g36-m_1_1_130x.jpg?v=1632216453,"
      The Standard Range commercial gas countertop griddle is everything you need to streamline cooking operations in your Kitchen. It features 30,000 BTU/hr burners that are operated independently so you can simultaneously execute multiple cooking tasks. Each “U” shape burners provide even heat distribution. With a 200F to 500F adjustable temperature range, you have enough leeway to accommodate any recipe in your countertop griddle.
    ",https://usr-content.s3.us-east-2.amazonaws.com/standard-range/sr-g-series-specsheet.pdf,https://usrbrands.com/products/copy-of-sr-g24-m-24-commercial-countertop-2-burner-gas-griddle-with-manual-control-60-000-btu,https://usrbrands.com/products/copy-of-sr-g24-m-24-commercial-countertop-2-burner-gas-griddle-with-manual-control-60-000-btu
"SR-G24-M 24"" Commercial Countertop 2 Burner Gas Griddle with Manual Control - 60,000 BTU",SR-G24-M,,STANDARD RANGE,"
                            <ul>
<li>“U” shape burners provide even heat distribution each 12”</li>
<li>3/4“ griddle plate</li>
<li>30,000 BTU / burner</li>
<li>Stainless steel cabinet</li>
<li>Cool-to-the-touch” front S/S edge</li>
<li>Back and side splash guards fully welded to griddle plate</li>
<li>Flue located on back of unit for ample ventilation</li>
<li>Adjustable stainless steel legs, non-skid feet</li>
<li>Easy to remove 3-1/4” grease drawer with “weep hole” and base</li>
<li>Grease trough is standard 4” spatula width</li>
<li>Griddle is fully serviceable from the front</li>
<li>Meets NSF/ANSI Standards</li>
<li>Each Griddle shipped standard Natural gas, LP conversion kit included</li>
</ul>
                          ",https://usrbrands.com/cdn/shop/products/sr-g24-m_1_1_130x.jpg?v=1632216267,"
      The Standard Range commercial gas countertop griddle is everything you need to streamline cooking operations in your Kitchen. It features 30,000 BTU/hr burners that are operated independently so you can simultaneously execute multiple cooking tasks. Each “U” shape burners provide even heat distribution. With a 200F to 500F adjustable temperature range, you have enough leeway to accommodate any recipe in your countertop griddle.
    ",https://usr-content.s3.us-east-2.amazonaws.com/standard-range/sr-g-series-specsheet.pdf,https://usrbrands.com/products/copy-of-sr-g12-m-12-commercial-countertop-1-burner-gas-griddle-with-manual-control-30-000-btu,https://usrbrands.com/products/copy-of-sr-g12-m-12-commercial-countertop-1-burner-gas-griddle-with-manual-control-30-000-btu
"SR-G12-M 12"" Commercial Countertop 1 Burner Gas Griddle with Manual Control - 30,000 BTU",SR-G12-M,,STANDARD RANGE,"
                            <ul>
<li>“U” shape burners provide even heat distribution each 12”</li>
<li>3/4“ griddle plate</li>
<li>30,000 BTU / burner</li>
<li>Stainless steel cabinet</li>
<li>Cool-to-the-touch” front S/S edge</li>
<li>Back and side splash guards fully welded to griddle plate</li>
<li>Flue located on back of unit for ample ventilation</li>
<li>Adjustable stainless steel legs, non-skid feet</li>
<li>Easy to remove 3-1/4” grease drawer with “weep hole” and base</li>
<li>Grease trough is standard 4” spatula width</li>
<li>Griddle is fully serviceable from the front</li>
<li>Meets NSF/ANSI Standards</li>
<li>Each Griddle shipped standard Natural gas, LP conversion kit included</li>
</ul>
                          ",https://usrbrands.com/cdn/shop/products/1_17_130x.jpg?v=1632215433,"
      The Standard Range commercial gas countertop griddle is everything you need to streamline cooking operations in your Kitchen. It features 30,000 BTU/hr burners that are operated independently so you can simultaneously execute multiple cooking tasks. Each “U” shape burners provide even heat distribution. With a 200F to 500F adjustable temperature range, you have enough leeway to accommodate any recipe in your countertop griddle.
    ",https://usr-content.s3.us-east-2.amazonaws.com/standard-range/sr-g-series-specsheet.pdf,https://usrbrands.com/products/copy-of-sr-cb12-m-12-gas-countertop-radiant-charbroiler-35-000-btu-1,https://usrbrands.com/products/copy-of-sr-cb12-m-12-gas-countertop-radiant-charbroiler-35-000-btu-1
"SR-R36-36MG-NG 36"" Natural Gas Commercial Range with 36"" Griddle Top, 1 Oven - 123,000 BTU",SR-R36-36MG-NG,,STANDARD RANGE,"
                            <ul>
<li>36"" Griddle</li>
<li>30,000 BTU per top burner</li>
<li>12” x 12” cast iron grates with aeration bowl</li>
<li>Standing pilot light for individual burners</li>
<li>33,000 BTU each static oven</li>
<li>Oven interior side guides &amp; bottom porcelain coated</li>
<li>Oven thermostat adjusts from 200°F - 500°F</li>
<li>Manual gas controls</li>
<li>Stainless steel front, back riser, and lift off shelf</li>
<li>Stainless steel legs standard</li>
<li>“Cool-to-the-touch” front S/S deck</li>
<li>Flue located on back of unit for ample ventilation</li>
<li>Easy to remove full width crumb tray</li>
<li>Range is fully serviceable from the front</li>
<li>LP conversion kit included</li>
</ul>
                          ",https://usrbrands.com/cdn/shop/files/sr-r36-36mg-caster_1_1_130x.jpg?v=1708574734,"
      The Standard Range commercial gas range is everything you need to streamline cooking operations in your Kitchen. It features 30,000 BTU/hr burners that are operated independently so you can simultaneously execute multiple cooking tasks. Each burner has a heavy duty cast iron grate that conveniently supports your fry pans, sauce pans, and other commercial cookware. With a 200F to 500F adjustable temperature range, you have enough leeway to accommodate any recipe in your oven - whether you are looking to bake a cake or roast a chicken.
    ",https://usr-content.s3.us-east-2.amazonaws.com/standard-range/sr-r36-36mg-ng-specsheet.pdf,https://usr-content.s3.us-east-2.amazonaws.com/standard-range/standard-range-warranty.pdf,https://usrbrands.com/products/sr-r36-36mg-36-gas-commercial-range-with-36-griddle-top-1-oven-93-000-btu
"SR-R60-24MG-NG 60"" Natural Gas Range with 24"" Griddle, 6 Burners, 2 Ovens - 306,000 BTU",SR-R60-24MG-NG,,STANDARD RANGE,"
                            <ul>
<li>24"" Griddle</li>
<li>30,000 BTU per top burner</li>
<li>12” x 12” cast iron grates with aeration bowl</li>
<li>Standing pilot light for individual burners</li>
<li>33,000 BTU each static oven</li>
<li>Oven interior side guides &amp; bottom porcelain coated</li>
<li>Oven thermostat adjusts from 200°F - 500°F</li>
<li>Manual gas controls</li>
<li>Stainless steel front, back riser, and lift off shelf</li>
<li>Stainless steel legs standard</li>
<li>“Cool-to-the-touch” front S/S deck</li>
<li>Flue located on back of unit for ample ventilation</li>
<li>Easy to remove full width crumb tray</li>
<li>Range is fully serviceable from the front</li>
<li>LP conversion kit included</li>
</ul>
                          ",https://usrbrands.com/cdn/shop/files/sr-r60-24mg-caster_0ccbd63f-57f9-4ccc-adcd-b0895de1fb03_130x.jpg?v=1708578220,"
      The Standard Range commercial gas range is everything you need to streamline cooking operations in your Kitchen. It features 30,000 BTU/hr burners that are operated independently so you can simultaneously execute multiple cooking tasks. Each burner has a heavy duty cast iron grate that conveniently supports your fry pans, sauce pans, and other commercial cookware. With a 200F to 500F adjustable temperature range, you have enough leeway to accommodate any recipe in your oven - whether you are looking to bake a cake or roast a chicken.
    ",https://usr-content.s3.us-east-2.amazonaws.com/standard-range/sr-r60-24mg-ng-specsheet.pdf,https://usr-content.s3.us-east-2.amazonaws.com/standard-range/standard-range-warranty.pdf,https://usrbrands.com/products/sr-r60-24mg-60-commercial-gas-range-with-6-burners-24-griddle-and-2-oven-306-000-btu
"SR-R60-NG 60"" Natural Gas Commercial Range with 10 Burner, 2 Oven - 366,000 BTU",SR-R60-NG,,STANDARD RANGE,"
                            <ul>
<li>30,000 BTU per top burner</li>
<li>12” x 12” cast iron grates with aeration bowl</li>
<li>Standing pilot light for individual burners</li>
<li>33,000 BTU each static oven</li>
<li>Oven interior side guides &amp; bottom porcelain coated</li>
<li>Oven thermostat adjusts from 200°F - 500°F</li>
<li>Manual gas controls</li>
<li>Stainless steel front, back riser, and lift off shelf</li>
<li>Stainless steel legs standard</li>
<li>“Cool-to-the-touch” front S/S deck</li>
<li>Flue located on back of unit for ample ventilation</li>
<li>Easy to remove full width crumb tray</li>
<li>Range is fully serviceable from the front</li>
<li>LP conversion kit included</li>
</ul>
                          ",https://usrbrands.com/cdn/shop/files/sr-r60-caster_130x.jpg?v=1708577893,"
      The Standard Range commercial gas range is everything you need to streamline cooking operations in your Kitchen. It features 30,000 BTU/hr burners that are operated independently so you can simultaneously execute multiple cooking tasks. Each burner has a heavy duty cast iron grate that conveniently supports your fry pans, sauce pans, and other commercial cookware. With a 200F to 500F adjustable temperature range, you have enough leeway to accommodate any recipe in your oven - whether you are looking to bake a cake or roast a chicken.
    ",https://usr-content.s3.us-east-2.amazonaws.com/standard-range/sr-r60-ng-specsheet.pdf,https://usr-content.s3.us-east-2.amazonaws.com/standard-range/standard-range-warranty.pdf,https://usrbrands.com/products/sr-r60-60-gas-commercial-range-with-10-burner-2-oven-306-000-btu
"SR-F5-LP Liquid Propane Stainless Steel 75-80 lb. Floor Fryer - 150,000 BTU",SR-F5-LP,,STANDARD RANGE,"
                            <ul>
<li>30,000 BTU / burner</li>
<li>5 tube burner</li>
<li>Stainless Steel 75-80 lb. oil capacity tank</li>
<li>Millivolt (snap action) thermostat, 200°F - 400°F</li>
<li>Stainless steel&nbsp;construction</li>
<li>Large cold zone to trap food particles</li>
<li>1-1/4” dia full port drain valve for fast and complete oil draining</li>
<li>Casters standard, legs optional<br>
</li>
<li>Tank is fully peened for smoother welds &amp; easy cleaning</li>
<li>Drain pipe holder attached to inside door</li>
<li>Twin nickel plated baskets</li>
</ul>
                          ",https://usrbrands.com/cdn/shop/files/sr-f-series_split-deep-fryer_700x_edcb54b7-761d-41be-9340-49c3f4da2d49_130x.webp?v=1722243347,"
      Keep your customers supplied with freshly fried foods using the Standard Range floor fryer. The Standard Range commercial restaurant fryer is designed to handle deep frying tasks in busy commercial establishments. Standard features within this model include two nickel plated baskets, standing pilot light design that provides a ready flame when needed, built-in heat deflectors, and individual gas control valves. Stainless steel tank makes this model easy to clean while also protecting from rust and corrosion. What's more, every unit of the Standard Range Fryer can be cleaned and wiped down by hand. Ample code zones and sloping bottoms help collect and get rid of sediment from fry-pots in order to safeguard oil quality.
    ",https://usr-content.s3.us-east-2.amazonaws.com/standard-range/sr-f5-lp-specsheet.pdf,https://usrbrands.com/products/sr-f5-lp-liquid-propane-stainless-steel-75-lb-floor-fryer-150-000-btu,https://usrbrands.com/products/sr-f5-lp-liquid-propane-stainless-steel-75-lb-floor-fryer-150-000-btu
"SR-F5-NG Natural Gas Stainless Steel 75-80 lb. Floor Fryer - 150,000 BTU",SR-F5-NG,,STANDARD RANGE,"
                            <ul>
<li>30,000 BTU / burner</li>
<li>5&nbsp;tube burner</li>
<li>Stainless Steel 70-100 lb. oil capacity tank</li>
<li>Millivolt (snap action) thermostat, 200°F - 400°F</li>
<li>Stainless steel&nbsp;construction</li>
<li>Large cold zone to trap food particles</li>
<li>1-1/4” dia full port drain valve for fast and complete oil draining</li>
<li>Casters standard, legs optional<br>
</li>
<li>Tank is fully peened for smoother welds &amp; easy cleaning</li>
<li>Drain pipe holder attached to inside door</li>
<li>Twin nickel plated baskets</li>
</ul>
                          ",https://usrbrands.com/cdn/shop/files/sr-f-series_split-deep-fryer_130x.jpg?v=1715598435,"
      Keep your customers supplied with freshly fried foods using the Standard Range floor fryer. The Standard Range commercial restaurant fryer is designed to handle deep frying tasks in busy commercial establishments. Standard features within this model include two nickel plated baskets, standing pilot light design that provides a ready flame when needed, built-in heat deflectors, and individual gas control valves. Stainless steel tank makes this model easy to clean while also protecting from rust and corrosion. What's more, every unit of the Standard Range Fryer can be cleaned and wiped down by hand. Ample code zones and sloping bottoms help collect and get rid of sediment from fry-pots in order to safeguard oil quality.
    ",https://usr-content.s3.us-east-2.amazonaws.com/standard-range/sr-f5-ng-specsheet.pdf,https://usrbrands.com/products/sr-f4-ng-natural-gas-stainless-steel-75-lb-floor-fryer-150-000-btu,https://usrbrands.com/products/sr-f4-ng-natural-gas-stainless-steel-75-lb-floor-fryer-150-000-btu
"SR-CB36-M 36"" Gas Countertop Radiant Charbroiler - 105,000 BTU",SR-CB36-M,,STANDARD RANGE,"
                            
<ul>
 	<li>“U” shape burners provide even heat distribution each 12”</li>
 	<li>Adjustable pilot light lit from front of unit</li>
 	<li>35,000 BTU / burner</li>
 	<li>Stainless steel cabinet</li>
 	<li>Cool-to-the-touch” front S/S edge</li>
 	<li>Adjustable stainless steel legs, non-skid feet</li>
 	<li>Easy to remove full width crumb tray</li>
 	<li>Natural Gas with LP conversion Kit</li>
</ul>

                          ",https://usrbrands.com/cdn/shop/products/36cb_130x.jpg?v=1628817140,"
      The Standard Range Charbroiler is designed to bring the taste of the backyard grill to your restaurant or cafeteria menu items. This unit features a heavy duty radiant that stores more heat, recovers faster, and cooks faster. Give your meats those tantalizing grill marks, and prepare a variety of grill delicacies that your customers love. With angled sides to direct oil to the drip tray and prevent clogging, this unit offers a durable and reliable option for your commercial kitchen needs.
    ",https://usr-content.s3.us-east-2.amazonaws.com/standard-range/sr-c-series-specsheet.pdf,https://usrbrands.com/products/copy-of-sr-cb24-m-24-gas-countertop-radiant-charbroiler-70-000-btu-1,https://usrbrands.com/products/copy-of-sr-cb24-m-24-gas-countertop-radiant-charbroiler-70-000-btu-1
"SR-CB48-M 48"" Gas Countertop Radiant Charbroiler - 140,000 BTU",SR-CB48-M,,STANDARD RANGE,"
                            
<ul>
 	<li>“U” shape burners provide even heat distribution each 12”</li>
 	<li>Adjustable pilot light lit from front of unit</li>
 	<li>35,000 BTU / burner</li>
 	<li>Stainless steel cabinet</li>
 	<li>Cool-to-the-touch” front S/S edge</li>
 	<li>Adjustable stainless steel legs, non-skid feet</li>
 	<li>Easy to remove full width crumb tray</li>
 	<li>Natural Gas with LP conversion Kit</li>
</ul>

                          ",https://usrbrands.com/cdn/shop/products/48cb-1_130x.jpg?v=1628816926,"
      The Standard Range Charbroiler is designed to bring the taste of the backyard grill to your restaurant or cafeteria menu items. This unit features a heavy duty radiant that stores more heat, recovers faster, and cooks faster. Give your meats those tantalizing grill marks, and prepare a variety of grill delicacies that your customers love. With angled sides to direct oil to the drip tray and prevent clogging, this unit offers a durable and reliable option for your commercial kitchen needs.
    ",https://usr-content.s3.us-east-2.amazonaws.com/standard-range/sr-c-series-specsheet.pdf,https://usrbrands.com/products/copy-of-sr-cb24-m-24-gas-countertop-radiant-charbroiler-70-000-btu,https://usrbrands.com/products/copy-of-sr-cb24-m-24-gas-countertop-radiant-charbroiler-70-000-btu
"SR-CB24-M 24"" Gas Countertop Radiant Charbroiler - 70,000 BTU",SR-CB24-M,,STANDARD RANGE,"
                            
<ul>
 	<li>“U” shape burners provide even heat distribution each 12”</li>
 	<li>Adjustable pilot light lit from front of unit</li>
 	<li>35,000 BTU / burner</li>
 	<li>Stainless steel cabinet</li>
 	<li>Cool-to-the-touch” front S/S edge</li>
 	<li>Adjustable stainless steel legs, non-skid feet</li>
 	<li>Easy to remove full width crumb tray</li>
 	<li>Natural Gas with LP conversion Kit</li>
</ul>

                          ",https://usrbrands.com/cdn/shop/products/24cb-1_130x.jpg?v=1628816475,"
      The Standard Range Charbroiler is designed to bring the taste of the backyard grill to your restaurant or cafeteria menu items. This unit features a heavy duty radiant that stores more heat, recovers faster, and cooks faster. Give your meats those tantalizing grill marks, and prepare a variety of grill delicacies that your customers love. With angled sides to direct oil to the drip tray and prevent clogging, this unit offers a durable and reliable option for your commercial kitchen needs.
    ",https://usr-content.s3.us-east-2.amazonaws.com/standard-range/sr-c-series-specsheet.pdf,https://usrbrands.com/products/copy-of-sr-cb12-m-12-gas-countertop-radiant-charbroiler-35-000-btu,https://usrbrands.com/products/copy-of-sr-cb12-m-12-gas-countertop-radiant-charbroiler-35-000-btu
"SR-HP12-M 12"" Gas Hot Plate with 2 Burner - 50,000 BTU",SR-HP12-M,,STANDARD RANGE,"
                            <ul>
<li>Heavy-duty 12” x 12” cast iron grates</li>
<li>Octagonal cast iron Burner</li>
<li>25,000 BTU / burner</li>
<li>Standing pilot light for each burner</li>
<li>All stainless steel cabinet</li>
<li>Double wall insulated sides</li>
<li>Cast iron grates positioned even with s/s front ledge</li>
<li>“Cool-to-the-touch” front s/s edge</li>
<li>Aeration bowl in each grate to retain heat to each pot/pan</li>
<li>Adjustable pilot lights</li>
<li>Adjustable stainless steel legs, non-skid feet</li>
<li>Full length seamless drip pan, easy to remove and clean</li>
<li>Hotplate is fully serviceable from the front</li>
<li>Natural Gas with LP conversion Kit</li>
</ul>
                          ",https://usrbrands.com/cdn/shop/products/sr-hp12-m_130x.jpg?v=1621367502,"
      The Standard Range commercial gas hotplate is everything you need to streamline cooking operations in your Kitchen. It features 25,000 BTU/hr Burner that are operated independently so you can simultaneously execute multiple cooking tasks. Each burner has a heavy duty cast iron grate that conveniently supports your fry pans, sauce pans, and other commercial cookware. With a 200F to 500F adjustable temperature range, you have enough leeway to accommodate any recipe in your oven - whether you are looking to bake a cake or roast a chicken.
    ",https://usr-content.s3.us-east-2.amazonaws.com/standard-range/sr-hp-m-series-specsheet.pdf,https://usrbrands.com/products/sr-hp12-m-12-gas-hot-plate-with-2-burner-50-000-btu,https://usrbrands.com/products/sr-hp12-m-12-gas-hot-plate-with-2-burner-50-000-btu
"SR-COE-240 Single Deck Full Size Electric Convection Oven - 240V, 1PH",SR-COE-240,,STANDARD RANGE,"
                            
<ul>
 	<li>Independent doors with full view windows</li>
 	<li>2-speed, 1/2 hp fan motor (1725, 1140 rpm)</li>
 	<li>Porcelain enamel oven interior</li>
 	<li>10 position interior rack guides</li>
 	<li>5 nickel plated oven racks</li>
 	<li>Electronic ignition (Fenwal)</li>
 	<li>Electronic thermostat &amp; manual timer controls</li>
 	<li>Temperature range: 150°F to 500°F (66°C to 260°C)</li>
 	<li>Control panel opens downward for easy service</li>
 	<li>Control panel located on right side - away from burners</li>
 	<li>Two Halogen interior lights</li>
 	<li>Exterior: Stainless steel front, sides, and top</li>
 	<li>Oven Ready light</li>
 	<li>Forced “cool down” fan mode</li>
</ul>

                          ",https://usrbrands.com/cdn/shop/products/sr-coe_cfe9ab94-4c9f-4172-8e6e-8b9907d150e4_130x.jpg?v=1612898415,"
      The Standard Range single deck commercial bakery electric convection oven is built to maximize the cookers versatility. With 5 heavy duty chrome plated racks per oven that can be arranged on 10-position rack guides, a space-saving construction, multiple precision controls and a safety-conscious design, this commercial single deck convection oven is ideal of cooking baked goodies, meats, pastries, or desserts. Whether you are making bake pies in a school cafeteria or preparing a rack of lambs for a restaurant gourmet dinner, this deck oven will come in handy.
    ",https://usr-content.s3.us-east-2.amazonaws.com/standard-range/sr-coe-series-specsheet.pdf,https://usrbrands.com/products/sr-coe-240-single-deck-full-size-electric-convection-oven-240v-1ph,https://usrbrands.com/products/sr-coe-240-single-deck-full-size-electric-convection-oven-240v-1ph
"SR-COE-208 Single Deck Full Size Electric Convection Oven - 208V, 3PH",SR-COE-208,,STANDARD RANGE,"
                            
<ul>
 	<li>Independent doors with full view windows</li>
 	<li>2-speed, 1/2 hp fan motor (1725, 1140 rpm)</li>
 	<li>Porcelain enamel oven interior</li>
 	<li>10 position interior rack guides</li>
 	<li>5 nickel plated oven racks</li>
 	<li>Electronic ignition (Fenwal)</li>
 	<li>Electronic thermostat &amp; manual timer controls</li>
 	<li>Temperature range: 150°F to 500°F (66°C to 260°C)</li>
 	<li>Control panel opens downward for easy service</li>
 	<li>Control panel located on right side - away from burners</li>
 	<li>Two Halogen interior lights</li>
 	<li>Exterior: Stainless steel front, sides, and top</li>
 	<li>Oven Ready light</li>
 	<li>Forced “cool down” fan mode</li>
</ul>

                          ",https://usrbrands.com/cdn/shop/products/sr-coe_130x.jpg?v=1612898413,"
      The Standard Range single deck commercial bakery electric convection oven is built to maximize the cookers versatility. With 5 heavy duty chrome plated racks per oven that can be arranged on 10-position rack guides, a space-saving construction, multiple precision controls and a safety-conscious design, this commercial single deck convection oven is ideal of cooking baked goodies, meats, pastries, or desserts. Whether you are making bake pies in a school cafeteria or preparing a rack of lambs for a restaurant gourmet dinner, this deck oven will come in handy.
    ",https://usr-content.s3.us-east-2.amazonaws.com/standard-range/sr-coe-series-specsheet.pdf,https://usrbrands.com/products/sr-coe-208-single-deck-full-size-electric-convection-oven-208v-3ph,https://usrbrands.com/products/sr-coe-208-single-deck-full-size-electric-convection-oven-208v-3ph
"SR-COG Single Deck Full Size Gas Convection Oven - 54,000 BTU",SR-COG,,STANDARD RANGE,"
                            <ul>
<li>2-speed, 1/2 hp fan motor (1725, 1140 rpm)</li>
<li>Porcelain enamel oven interior</li>
<li>10 position interior rack guides</li>
<li>5 nickel plated oven racks</li>
<li>Electronic ignition (Fenwal)</li>
<li>Electronic thermostat &amp; manual timer controls</li>
<li>Temperature range: 150°F to 500°F (66°C to 260°C)</li>
<li>Control panel opens downward for easy service</li>
<li>Control panel located on right side - away from burners</li>
<li>Two Halogen interior lights</li>
<li>Exterior: Stainless steel front, sides, and top</li>
<li>Oven Ready light</li>
<li>Forced “cool down” fan mode</li>
<li>Natural Gas with LP conversion Kit</li>
</ul>
                          ",https://usrbrands.com/cdn/shop/products/sr-cog_130x.jpg?v=1612898411,"
      The Standard Range single deck commercial bakery oven is built to maximize the cookers versatility. With 5 heavy duty chrome plated racks per oven that can be arranged on 10-position rack guides, a space-saving construction, multiple precision controls and a safety-conscious design, this commercial single deck oven is ideal of cooking baked goodies, meats, pastries, or desserts. Whether you are making bake pies in a school cafeteria or preparing a rack of lambs for a restaurant gourmet dinner, this deck oven will come in handy.
    ",https://usr-content.s3.us-east-2.amazonaws.com/standard-range/sr-cog-specsheet.pdf,https://usrbrands.com/products/sr-cog-single-deck-full-size-gas-convection-oven-54-000-btu,https://usrbrands.com/products/sr-cog-single-deck-full-size-gas-convection-oven-54-000-btu
"SR-CB12-M 12"" Gas Countertop Radiant Charbroiler - 35,000 BTU",SR-CB12-M,,STANDARD RANGE,"
                            
<ul>
 	<li>“U” shape burners provide even heat distribution each 12”</li>
 	<li>Adjustable pilot light lit from front of unit</li>
 	<li>35,000 BTU / burner</li>
 	<li>Stainless steel cabinet</li>
 	<li>Cool-to-the-touch” front S/S edge</li>
 	<li>Adjustable stainless steel legs, non-skid feet</li>
 	<li>Easy to remove full width crumb tray</li>
 	<li>Natural Gas with LP conversion Kit</li>
</ul>

                          ",https://usrbrands.com/cdn/shop/products/1_130x.jpg?v=1628817510,"
      The Standard Range Charbroiler is designed to bring the taste of the backyard grill to your restaurant or cafeteria menu items. This unit features a heavy duty radiant that stores more heat, recovers faster, and cooks faster. Give your meats those tantalizing grill marks, and prepare a variety of grill delicacies that your customers love. With angled sides to direct oil to the drip tray and prevent clogging, this unit offers a durable and reliable option for your commercial kitchen needs.
    ",https://usr-content.s3.us-east-2.amazonaws.com/standard-range/sr-c-series-specsheet.pdf,https://usrbrands.com/products/sr-cb12-m-12-gas-countertop-radiant-charbroiler-35-000-btu,https://usrbrands.com/products/sr-cb12-m-12-gas-countertop-radiant-charbroiler-35-000-btu
"SR-R60-24CB-NG 60"" Natural Gas Commercial Range with 6 Burner, 24"" Charbroiler, 2 Oven - 306,000 BTU",SR-R60-24CB-NG,,STANDARD RANGE,"
                            <ul>
<li>24"" Charbroiler</li>
<li>30,000 BTU per top burner</li>
<li>12” x 12” cast iron grates with aeration bowl</li>
<li>Standing pilot light for individual burners</li>
<li>33,000 BTU each static oven</li>
<li>Oven interior side guides &amp; bottom porcelain coated</li>
<li>Oven thermostat adjusts from 200°F - 500°F</li>
<li>Manual gas controls</li>
<li>Stainless steel front, back riser, and lift off shelf</li>
<li>Stainless steel legs standard</li>
<li>“Cool-to-the-touch” front S/S deck</li>
<li>Flue located on back of unit for ample ventilation</li>
<li>Easy to remove full width crumb tray</li>
<li>Range is fully serviceable from the front</li>
<li>LP conversion kit included<br>
</li>
</ul>
                          ",https://usrbrands.com/cdn/shop/files/sr-r60-24cb-2_1-casters_130x.jpg?v=1708579146,"
      The Standard Range commercial gas range is everything you need to streamline cooking operations in your Kitchen. It features 30,000 BTU/hr burners that are operated independently so you can simultaneously execute multiple cooking tasks. Each burner has a heavy duty cast iron grate that conveniently supports your fry pans, sauce pans, and other commercial cookware. With a 200F to 500F adjustable temperature range, you have enough leeway to accommodate any recipe in your oven - whether you are looking to bake a cake or roast a chicken.
    ",https://usr-content.s3.us-east-2.amazonaws.com/standard-range/sr-r60-24cb-ng-specsheet.pdf,https://usr-content.s3.us-east-2.amazonaws.com/standard-range/standard-range-warranty.pdf,https://usrbrands.com/products/sr-r60-24cb-60-gas-commercial-range-with-6-burner-24-charbroiler-2-oven-306-000-btu
"SR-R60-24RG-NG 60"" Natural Gas Range with 6 Burners, 24"" Raised Griddle and 2 Oven-306,000 BTU",SR-R60-24RG-NG,,STANDARD RANGE,"
                            <ul>
<li>24"" Griddle</li>
<li>30,000 BTU per top burner</li>
<li>12” x 12” cast iron grates with aeration bowl</li>
<li>Standing pilot light for individual burners</li>
<li>33,000 BTU each static oven</li>
<li>Oven interior side guides &amp; bottom porcelain coated</li>
<li>Oven thermostat adjusts from 200°F - 500°F</li>
<li>Manual gas controls</li>
<li>Stainless steel front, back riser, and lift off shelf</li>
<li>Stainless steel legs standard</li>
<li>“Cool-to-the-touch” front S/S deck</li>
<li>Flue located on back of unit for ample ventilation</li>
<li>Easy to remove full width crumb tray</li>
<li>Range is fully serviceable from the front</li>
<li>LP conversion kit included</li>
</ul>
                          ",https://usrbrands.com/cdn/shop/files/sr-r60-24rg-caster_130x.jpg?v=1708578056,"
      The Standard Range commercial gas range is everything you need to streamline cooking operations in your Kitchen. It features 30,000 BTU/hr burners that are operated independently so you can simultaneously execute multiple cooking tasks. Each burner has a heavy duty cast iron grate that conveniently supports your fry pans, sauce pans, and other commercial cookware. With a 200F to 500F adjustable temperature range, you have enough leeway to accommodate any recipe in your oven - whether you are looking to bake a cake or roast a chicken.
    ",https://usr-content.s3.us-east-2.amazonaws.com/standard-range/sr-r60-24rg-ng-specsheet.pdf,https://usr-content.s3.us-east-2.amazonaws.com/standard-range/standard-range-warranty.pdf,https://usrbrands.com/products/sr-r60-24rg-60-gas-commercial-range-with-6-burner-24-griddle-2-oven-306-000-btu
"SR-R36-24CB-NG 36"" Natural Gas Commercial Range with 2 Burner, 24"" Charbroiler, 1 Oven - 163,000 BTU",SR-R36-24CB-NG,,STANDARD RANGE,"
                            <ul>
<li>24"" Charbroiler</li>
<li>30,000 BTU per top burner</li>
<li>12” x 12” cast iron grates with aeration bowl</li>
<li>Standing pilot light for individual burners</li>
<li>33,000 BTU each static oven</li>
<li>Oven interior side guides &amp; bottom porcelain coated</li>
<li>Oven thermostat adjusts from 200°F - 500°F</li>
<li>Manual gas controls</li>
<li>Stainless steel front, back riser, and lift off shelf</li>
<li>Stainless steel legs standard</li>
<li>“Cool-to-the-touch” front S/S deck</li>
<li>Flue located on back of unit for ample ventilation</li>
<li>Easy to remove full width crumb tray</li>
<li>Range is fully serviceable from the front</li>
<li>
<span data-mce-fragment=""1"">LP c</span>onversion kit included</li>
</ul>
                          ",https://usrbrands.com/cdn/shop/files/sr-r36-24cb-caster_1_1_130x.jpg?v=1708577500,"
      The Standard Range commercial gas range is everything you need to streamline cooking operations in your Kitchen. It features 30,000 BTU/hr burners that are operated independently so you can simultaneously execute multiple cooking tasks. Each burner has a heavy duty cast iron grate that conveniently supports your fry pans, sauce pans, and other commercial cookware. With a 200F to 500F adjustable temperature range, you have enough leeway to accommodate any recipe in your oven - whether you are looking to bake a cake or roast a chicken.
    ",https://usr-content.s3.us-east-2.amazonaws.com/standard-range/sr-r36-24cb-ng-specsheet.pdf,https://usr-content.s3.us-east-2.amazonaws.com/standard-range/standard-range-warranty.pdf,https://usrbrands.com/products/sr-r36-24cb-36-gas-commercial-range-with-2-burner-24-charbroiler-1-oven-153-000-btu
"SR-R36-24MG-NG 36"" Natural Gas Commercial Range with 2 Burner, 24"" Griddle, 1 Oven - 153,000 BTU",SR-R36-24MG-NG,,STANDARD RANGE,"
                            <ul>
<li>24"" Griddle</li>
<li>30,000 BTU per top burner</li>
<li>12” x 12” cast iron grates with aeration bowl</li>
<li>Standing pilot light for individual burners</li>
<li>33,000 BTU each static oven</li>
<li>Oven interior side guides &amp; bottom porcelain coated</li>
<li>Oven thermostat adjusts from 200°F - 500°F</li>
<li>Manual gas controls</li>
<li>Stainless steel front, back riser, and lift off shelf</li>
<li>Stainless steel legs standard</li>
<li>“Cool-to-the-touch” front S/S deck</li>
<li>Flue located on back of unit for ample ventilation</li>
<li>Easy to remove full width crumb tray</li>
<li>Range is fully serviceable from the front</li>
<li>
<span data-mce-fragment=""1"">LP c</span>onversion kit included</li>
</ul>
                          ",https://usrbrands.com/cdn/shop/files/sr-r36-24mg-caster_1_1_b520d595-ef77-45ac-8fa4-9f291a916029_130x.jpg?v=1708574561,"
      The Standard Range commercial gas range is everything you need to streamline cooking operations in your Kitchen. It features 30,000 BTU/hr burners that are operated independently so you can simultaneously execute multiple cooking tasks. Each burner has a heavy duty cast iron grate that conveniently supports your fry pans, sauce pans, and other commercial cookware. With a 200F to 500F adjustable temperature range, you have enough leeway to accommodate any recipe in your oven - whether you are looking to bake a cake or roast a chicken.
    ",https://usr-content.s3.us-east-2.amazonaws.com/standard-range/sr-r36-24mg-ng-specsheet.pdf,https://usr-content.s3.us-east-2.amazonaws.com/standard-range/standard-range-warranty.pdf,https://usrbrands.com/products/sr-r36-24mg-36-gas-commercial-range-with-2-burner-24-griddle-1-oven-153-000-btu
"SR-R36-NG 36"" Natural Gas Commercial Range with 6 Burner, 1 Oven - 213,000 BTU",SR-R36-NG,,STANDARD RANGE,"
                            <ul>
<li>30,000 BTU per top burner</li>
<li>12” x 12” cast iron grates with aeration bowl</li>
<li>Standing pilot light for individual burners</li>
<li>33,000 BTU each static oven</li>
<li>Oven interior side guides &amp; bottom porcelain coated</li>
<li>Oven thermostat adjusts from 200°F - 500°F</li>
<li>Manual gas controls</li>
<li>Stainless steel front, back riser, and lift off shelf</li>
<li>Stainless steel legs standard</li>
<li>“Cool-to-the-touch” front S/S deck</li>
<li>Flue located on back of unit for ample ventilation</li>
<li>Easy to remove full width crumb tray</li>
<li>Range is fully serviceable from the front</li>
<li>LP conversion kit included</li>
</ul>
                          ",https://usrbrands.com/cdn/shop/files/sr-r36-caster_1_1_307e39bc-aeef-4649-8202-544531dbbc4f_130x.jpg?v=1708574167,"
      The Standard Range commercial gas range is everything you need to streamline cooking operations in your Kitchen. It features 30,000 BTU/hr burners that are operated independently so you can simultaneously execute multiple cooking tasks. Each burner has a heavy duty cast iron grate that conveniently supports your fry pans, sauce pans, and other commercial cookware. With a 200F to 500F adjustable temperature range, you have enough leeway to accommodate any recipe in your oven - whether you are looking to bake a cake or roast a chicken.
    ",https://usr-content.s3.us-east-2.amazonaws.com/standard-range/sr-r36-ng-specsheet.pdf,https://usr-content.s3.us-east-2.amazonaws.com/standard-range/standard-range-warranty.pdf,https://usrbrands.com/products/sr-r36-36-gas-commercial-range-with-6-burner-1-oven-213-000-btu
"SR-R24-24CB-NG 24"" Natural Gas Commercial Range with 24"" Charbroiler, 1 Oven - 93,000 BTU",SR-R24-24CB-NG,,STANDARD RANGE,"
                            <ul>
<li>24"" charbroiler</li>
<li>30,000 BTU per top burner</li>
<li>12” x 12” cast iron grates with aeration bowl</li>
<li>Standing pilot light for individual burners</li>
<li>33,000 BTU each static oven</li>
<li>Oven interior side guides &amp; bottom porcelain coated</li>
<li>Oven thermostat adjusts from 200°F - 500°F</li>
<li>Manual gas controls</li>
<li>Stainless steel front, back riser, and lift off shelf</li>
<li>Stainless steel legs standard</li>
<li>“Cool-to-the-touch” front S/S deck</li>
<li>Flue located on back of unit for ample ventilation</li>
<li>Easy to remove full width crumb tray</li>
<li>Range is fully serviceable from the front</li>
<li>LP conversion kit included</li>
</ul>
                          ",https://usrbrands.com/cdn/shop/files/sr-r24-24cb-caster_130x.jpg?v=1708574849,"
      The Standard Range commercial gas range is everything you need to streamline cooking operations in your Kitchen. It features 30,000 BTU/hr burners that are operated independently so you can simultaneously execute multiple cooking tasks. Each burner has a heavy duty cast iron grate that conveniently supports your fry pans, sauce pans, and other commercial cookware. With a 200F to 500F adjustable temperature range, you have enough leeway to accommodate any recipe in your oven - whether you are looking to bake a cake or roast a chicken.
    ",https://usr-content.s3.us-east-2.amazonaws.com/standard-range/sr-r24-24cb-ng-specsheet.pdf,https://usr-content.s3.us-east-2.amazonaws.com/standard-range/standard-range-warranty.pdf,https://usrbrands.com/products/sr-r24-24cb-24-gas-commercial-range-with-24-charbroiler-1-oven-93-000-btu
"SR-R24-24MG-NG 24"" Natural Gas Commercial Range with 24"" Griddle Top, 1 Oven - 93,000 BTU",SR-R24-24MG-NG,,STANDARD RANGE,"
                            <ul>
<li>24"" Griddle</li>
<li>30,000 BTU per top burner</li>
<li>12” x 12” cast iron grates with aeration bowl</li>
<li>Standing pilot light for individual burners</li>
<li>33,000 BTU each static oven</li>
<li>Oven interior side guides &amp; bottom porcelain coated</li>
<li>Oven thermostat adjusts from 200°F - 500°F</li>
<li>Manual gas controls</li>
<li>Stainless steel front, back riser, and lift off shelf</li>
<li>Stainless steel legs standard</li>
<li>“Cool-to-the-touch” front S/S deck</li>
<li>Flue located on back of unit for ample ventilation</li>
<li>Easy to remove full width crumb tray</li>
<li>Range is fully serviceable from the front</li>
<li>LP conversion kit included</li>
</ul>
                          ",https://usrbrands.com/cdn/shop/files/sr-r24-24mg-caster_0114d01e-fa7e-4b66-b0d5-7ef486147588_130x.jpg?v=1708574664,"
      The Standard Range commercial gas range is everything you need to streamline cooking operations in your Kitchen. It features 30,000 BTU/hr burners that are operated independently so you can simultaneously execute multiple cooking tasks. Each burner has a heavy duty cast iron grate that conveniently supports your fry pans, sauce pans, and other commercial cookware. With a 200F to 500F adjustable temperature range, you have enough leeway to accommodate any recipe in your oven - whether you are looking to bake a cake or roast a chicken.
    ",https://usr-content.s3.us-east-2.amazonaws.com/standard-range/sr-r24-24mg-ng-specsheet.pdf,https://usr-content.s3.us-east-2.amazonaws.com/standard-range/standard-range-warranty.pdf,https://usrbrands.com/products/sr-r24-24mg-24-gas-commercial-range-with-24-griddle-top-1-oven-93-000-btu
"SR-R24-NG 24"" Natural Gas Commercial Range with 4 Burner, 1 Oven - 153,000 BTU",SR-R24-NG,,STANDARD RANGE,"
                            <ul>
<li>30,000 BTU per top burner</li>
<li>12” x 12” cast iron grates with aeration bowl</li>
<li>Standing pilot light for individual burners</li>
<li>33,000 BTU each static oven</li>
<li>Oven interior side guides &amp; bottom porcelain coated</li>
<li>Oven thermostat adjusts from 200°F - 500°F</li>
<li>Manual gas controls</li>
<li>Stainless steel front, back riser, and lift off shelf</li>
<li>Stainless steel legs standard</li>
<li>“Cool-to-the-touch” front S/S deck</li>
<li>Flue located on back of unit for ample ventilation</li>
<li>Easy to remove full width crumb tray</li>
<li>Range is fully serviceable from the front</li>
<li>LP conversion kit included</li>
</ul>
                          ",https://usrbrands.com/cdn/shop/files/sr-r24-caster_130x.jpg?v=1708574061,"
      The Standard Range commercial gas range is everything you need to streamline cooking operations in your Kitchen. It features 30,000 BTU/hr burners that are operated independently so you can simultaneously execute multiple cooking tasks. Each burner has a heavy duty cast iron grate that conveniently supports your fry pans, sauce pans, and other commercial cookware. With a 200F to 500F adjustable temperature range, you have enough leeway to accommodate any recipe in your oven - whether you are looking to bake a cake or roast a chicken.
    ",https://usr-content.s3.us-east-2.amazonaws.com/standard-range/sr-r24-ng-specsheet.pdf,https://usr-content.s3.us-east-2.amazonaws.com/standard-range/standard-range-warranty.pdf,https://usrbrands.com/products/sr-r24-24-gas-commercial-range-with-4-burner-1-oven-153-000-btu
"SR-R48-24MG-NG 48"" Natural Gas Commercial Range with 4 Burner, 24"" Griddle, 2 Oven - 246,000 BTU",SR-R48-24MG-NG,,STANDARD RANGE,"
                            <ul>
<li>24"" Griddle</li>
<li>30,000 BTU per top burner</li>
<li>12” x 12” cast iron grates with aeration bowl</li>
<li>Standing pilot light for individual burners</li>
<li>33,000 BTU each static oven</li>
<li>Oven interior side guides &amp; bottom porcelain coated</li>
<li>Oven thermostat adjusts from 200°F - 500°F</li>
<li>Manual gas controls</li>
<li>Stainless steel front, back riser, and lift off shelf</li>
<li>Stainless steel legs standard</li>
<li>“Cool-to-the-touch” front S/S deck</li>
<li>Flue located on back of unit for ample ventilation</li>
<li>Easy to remove full width crumb tray</li>
<li>Range is fully serviceable from the front</li>
<li>
<span data-mce-fragment=""1"">LP c</span>onversion kit included</li>
</ul>
                          ",https://usrbrands.com/cdn/shop/files/sr-r48-24mg-caster_a8611d08-6d19-4941-bee8-f17a1a279898_130x.jpg?v=1708578396,"
      The Standard Range commercial gas range is everything you need to streamline cooking operations in your Kitchen. It features 30,000 BTU/hr burners that are operated independently so you can simultaneously execute multiple cooking tasks. Each burner has a heavy duty cast iron grate that conveniently supports your fry pans, sauce pans, and other commercial cookware. With a 200F to 500F adjustable temperature range, you have enough leeway to accommodate any recipe in your oven - whether you are looking to bake a cake or roast a chicken.
    ",https://usr-content.s3.us-east-2.amazonaws.com/standard-range/sr-r48-24mg-ng-specsheet.pdf,https://usr-content.s3.us-east-2.amazonaws.com/standard-range/standard-range-warranty.pdf,https://usrbrands.com/products/sr-r48-24mg-48-gas-commercial-range-with-4-burner-24-griddle-2-oven-246-000-btu
"SR-R48-NG 48"" Natural Gas Commercial Range with 8 Burner, 2 Oven - 306,000 BTU",SR-R48-NG,,STANDARD RANGE,"
                            <ul>
<li>30,000 BTU per top burner</li>
<li>12” x 12” cast iron grates with aeration bowl</li>
<li>Standing pilot light for individual burners</li>
<li>33,000 BTU each static oven</li>
<li>Oven interior side guides &amp; bottom porcelain coated</li>
<li>Oven thermostat adjusts from 200°F - 500°F</li>
<li>Manual gas controls</li>
<li>Stainless steel front, back riser, and lift off shelf</li>
<li>Stainless steel legs standard</li>
<li>“Cool-to-the-touch” front S/S deck</li>
<li>Flue located on back of unit for ample ventilation</li>
<li>Easy to remove full width crumb tray</li>
<li>Range is fully serviceable from the front</li>
<li>
<span data-mce-fragment=""1"">LP c</span>onversion kit included</li>
</ul>
                          ",https://usrbrands.com/cdn/shop/files/sr-r48-caster_240e8cbc-69c6-4b3f-94fc-f78ea5df0453_130x.jpg?v=1708577824,"
      The Standard Range commercial gas range is everything you need to streamline cooking operations in your Kitchen. It features 30,000 BTU/hr burners that are operated independently so you can simultaneously execute multiple cooking tasks. Each burner has a heavy duty cast iron grate that conveniently supports your fry pans, sauce pans, and other commercial cookware. With a 200F to 500F adjustable temperature range, you have enough leeway to accommodate any recipe in your oven - whether you are looking to bake a cake or roast a chicken.
    ",https://usr-content.s3.us-east-2.amazonaws.com/standard-range/sr-r48-ng-specsheet.pdf,https://usr-content.s3.us-east-2.amazonaws.com/standard-range/standard-range-warranty.pdf,https://usrbrands.com/products/sr-r48-48-gas-commercial-range-with-8-burner-2-oven-306-000-btu
"SR-F4-LP Liquid Propane Stainless Steel 50 lb. Floor Fryer - 120,000 BTU",SR-F4-LP,,STANDARD RANGE,"
                            <ul>
<li>30,000 BTU / burner</li>
<li>4 tube burner</li>
<li>Stainless Steel 50 lb. oil capacity tank</li>
<li>Millivolt (snap action) thermostat, 200°F - 400°F</li>
<li>Stainless steel&nbsp;construction</li>
<li>Large cold zone to trap food particles</li>
<li>1-1/4” dia full port drain valve for fast and complete oil draining</li>
<li>Casters standard, legs optional<br>
</li>
<li>Tank is fully peened for smoother welds &amp; easy cleaning</li>
<li>Drain pipe holder attached to inside door</li>
<li>Twin nickel plated baskets</li>
</ul>
                          ",https://usrbrands.com/cdn/shop/files/sr-f-series_deep-fryer_9f2d83a1-bd8a-471c-a8a9-fb079aa17287_130x.jpg?v=1715598392,"
      Keep your customers supplied with freshly fried foods using the Standard Range floor fryer. The Standard Range commercial restaurant fryer is designed to handle deep frying tasks in busy commercial establishments. Standard features within this model include two nickel plated baskets, standing pilot light design that provides a ready flame when needed, built-in heat deflectors, and individual gas control valves. Stainless steel tank makes this model easy to clean while also protecting from rust and corrosion. What's more, every unit of the Standard Range Fryer can be cleaned and wiped down by hand. Ample code zones and sloping bottoms help collect and get rid of sediment from fry-pots in order to safeguard oil quality.
    ",https://usr-content.s3.us-east-2.amazonaws.com/standard-range/sr-f4-lp-specsheet.pdf,https://usrbrands.com/products/sr-50-lp-liquid-propane-stainless-steel-50-lb-floor-fryer-120-000-btu,https://usrbrands.com/products/sr-50-lp-liquid-propane-stainless-steel-50-lb-floor-fryer-120-000-btu
"SR-F4-NG Natural Gas Stainless Steel 50 lb. Floor Fryer - 120,000 BTU",SR-F4-NG,,STANDARD RANGE,"
                            <ul>
<li>30,000 BTU / burner</li>
<li>4 tube burner</li>
<li>Stainless Steel 50 lb. oil capacity tank</li>
<li>Millivolt (snap action) thermostat, 200°F - 400°F</li>
<li>Stainless steel&nbsp;construction</li>
<li>Large cold zone to trap food particles</li>
<li>1-1/4” dia full port drain valve for fast and complete oil draining</li>
<li>Casters standard, legs optional<br>
</li>
<li>Tank is fully peened for smoother welds &amp; easy cleaning</li>
<li>Drain pipe holder attached to inside door</li>
<li>Twin nickel plated baskets</li>
</ul>
                          ",https://usrbrands.com/cdn/shop/files/sr-f-series_deep-fryer_677fa20c-63d4-4121-ab1c-5fac963fea3a_130x.jpg?v=1715598255,"
      Keep your customers supplied with freshly fried foods using the Standard Range floor fryer. The Standard Range commercial restaurant fryer is designed to handle deep frying tasks in busy commercial establishments. Standard features within this model include two nickel plated baskets, standing pilot light design that provides a ready flame when needed, built-in heat deflectors, and individual gas control valves. Stainless steel tank makes this model easy to clean while also protecting from rust and corrosion. What's more, every unit of the Standard Range Fryer can be cleaned and wiped down by hand. Ample code zones and sloping bottoms help collect and get rid of sediment from fry-pots in order to safeguard oil quality.
    ",https://usr-content.s3.us-east-2.amazonaws.com/standard-range/sr-f4-ng-specsheet.pdf,https://usrbrands.com/products/s50-ng-natural-gas-stainless-steel-50-lb-floor-fryer-120-000-btu,https://usrbrands.com/products/s50-ng-natural-gas-stainless-steel-50-lb-floor-fryer-120-000-btu
"SR-F3-LP Liquid Propane Stainless Steel 40 lb. Floor Fryer - 90,000 BTU",SR-F3-LP,,STANDARD RANGE,"
                            <ul>
<li>30,000 BTU / burner</li>
<li>3 tube burner</li>
<li>Stainless Steel 40 lb. oil capacity tank</li>
<li>Millivolt (snap action) thermostat, 200°F - 400°F</li>
<li>Stainless steel construction</li>
<li>Large cold zone to trap food particles</li>
<li>1-1/4” dia full port drain valve for fast and complete oil draining</li>
<li>Casters standard, legs optional<br>
</li>
<li>Tank is fully peened for smoother welds &amp; easy cleaning</li>
<li>Drain pipe holder attached to inside door</li>
<li>Twin nickel plated baskets</li>
</ul>
                          ",https://usrbrands.com/cdn/shop/files/sr-f-series_deep-fryer_130x.jpg?v=1715598201,"
      Keep your customers supplied with freshly fried foods using the Standard Range floor fryer. The Standard Range commercial restaurant fryer is designed to handle deep frying tasks in busy commercial establishments. Standard features within this model include two nickel plated baskets, standing pilot light design that provides a ready flame when needed, built-in heat deflectors, and individual gas control valves. Stainless steel tank makes this model easy to clean while also protecting from rust and corrosion. What's more, every unit of the Standard Range Fryer can be cleaned and wiped down by hand. Ample code zones and sloping bottoms help collect and get rid of sediment from fry-pots in order to safeguard oil quality.
    ",https://usr-content.s3.us-east-2.amazonaws.com/standard-range/sr-f3-lp-specsheet.pdf,https://usrbrands.com/products/sr-f3-lp-liquid-propane-stainless-steel-40-lb-floor-fryer-90-000-btu,https://usrbrands.com/products/sr-f3-lp-liquid-propane-stainless-steel-40-lb-floor-fryer-90-000-btu
"SR-F3-NG Natural Gas Stainless Steel 40 lb. Floor Fryer - 90,000 BTU",SR-F3-NG,,STANDARD RANGE,"
                            <ul>
<li>30,000 BTU / burner</li>
<li>3 tube burner</li>
<li>Stainless Steel 40 lb. oil capacity tank</li>
<li>Millivolt (snap action) thermostat, 200°F - 400°F</li>
<li>Stainless steel&nbsp;construction</li>
<li>Large cold zone to trap food particles</li>
<li>1-1/4” dia full port drain valve for fast and complete oil draining</li>
<li>Casters standard, legs optional<br>
</li>
<li>Tank is fully peened for smoother welds &amp; easy cleaning</li>
<li>Drain pipe holder attached to inside door</li>
<li>Twin nickel plated baskets</li>
</ul>
                          ",https://usrbrands.com/cdn/shop/files/sr-f-series_deep-fryer_700x_2db0bf66-1993-4834-8882-428666ed1826_130x.webp?v=1722243447,"
      Keep your customers supplied with freshly fried foods using the Standard Range floor fryer. The Standard Range commercial restaurant fryer is designed to handle deep frying tasks in busy commercial establishments. Standard features within this model include two nickel plated baskets, standing pilot light design that provides a ready flame when needed, built-in heat deflectors, and individual gas control valves. Stainless steel tank makes this model easy to clean while also protecting from rust and corrosion. What's more, every unit of the Standard Range Fryer can be cleaned and wiped down by hand. Ample code zones and sloping bottoms help collect and get rid of sediment from fry-pots in order to safeguard oil quality.
    ",https://usr-content.s3.us-east-2.amazonaws.com/standard-range/sr-f-series-specsheet.pdf,https://usrbrands.com/products/sr-f3-ng-natural-gas-stainless-steel-40-lb-floor-fryer-90-000-btu,https://usrbrands.com/products/sr-f3-ng-natural-gas-stainless-steel-40-lb-floor-fryer-90-000-btu
"Unity U-CR1 17"" Black Countertop Display Refrigerated Merchandiser - 1.8 cu ft.",U-CR1,172,UNITY,"
                            <ul>
<li>Black coated steel exterior</li>
<li>Temperatures between 32 degrees F and 50 degrees F</li>
<li>Double-pane swing glass door</li>
<li>Adjustable heavy-duty shelf</li>
<li>LED interior lighting</li>
<li>Mechanical control system</li>
<li>Eco-friendly R600 refrigerant</li>
<li>Leveling feet</li>
</ul>
                          ",https://usrbrands.com/cdn/shop/files/u-cr1-countertop-display-side-view_130x.jpg?v=1682566945,"
      Unity compact refrigerator glass display U-CR1 17"" 1.8 cu ft.with countertop swing door is designed to effortlessly showcase your chilled beverages and snacks, making it a perfect addition to any countertop or display area. This sleek and space-saving cooler is perfect for any bakery, deli, or coffee shop where space is at a premium.

    ",https://www.kitchenall.com/pub/cdn/content/unity/u-cr1-specsheet.pdf,https://usr-content.s3.us-east-2.amazonaws.com/unity/unity-one-year-warranty.pdf,https://usr-content.s3.us-east-2.amazonaws.com/unity/u-cr1-manual.pdf
"U-CR2 16"" Countertop Swing Door Merchandising Refrigerator",U-CR2,230,UNITY,"
                            <ul>
<li>White&nbsp;coated steel exterior</li>
<li>Temperatures between 33 degrees F and 50 degrees F</li>
<li>Double pane glass door</li>
<li>Adjustable heavy-duty chromed shelves</li>
<li>LED interior lighting</li>
<li>Mechanical&nbsp;control system</li>
<li>Leveling feet</li>
<li>Hydro-carbon R600a refrigerant</li>
</ul>
                          ",https://usrbrands.com/cdn/shop/products/countertop-unity_130x.jpg?v=1642761382,"
      Showcase your drinks with this compact refrigerated display case. The internal LED lighting helps display beverages to your customers. It has an adjustable shelf to allow for the different configuration of drinks. The Unity U-CR2 compact refrigerated display makes a great addition to any bakery, deli, or coffee shop looking for a reasonably priced.
    ",https://usr-content.s3.us-east-2.amazonaws.com/unity/u-cr2-specsheet.pdf,https://usr-content.s3.us-east-2.amazonaws.com/unity/unity-one-year-warranty.pdf,https://usr-content.s3.us-east-2.amazonaws.com/unity/unity-u-cr2-u-gm1-manual.pdf
"Unity U-CF1 18"" Black Glass Swing Door Countertop Display Freezer - 1.8 cu ft.",U-CF1,368,UNITY,"
                            <ul>
<li>Black coated steel exterior</li>
<li>Top Lit Header</li>
<li>Compact design</li>
<li>-10 - 5 Degrees F<br>
</li>
<li>3 heavy-duty shelves</li>
<li>LED interior lighting</li>
<li>Easy-to-use digital control system</li>
<li>Leveling feet</li>
<li>Hydro-carbon R290 refrigerant</li>
</ul>
                          ",https://usrbrands.com/cdn/shop/files/u-cf1_130x.jpg?v=1724325049,"
      Unity compact freezer glass display U-CF1 18"" 1.8 cu ft. with top lit header is designed to effortlessly showcase your frozen treats, making it a perfect addition to any countertop or display area. This sleek and space-saving freezer is perfect for any restaurant or deli where space is at a premium.
    ",https://www.kitchenall.com/pub/cdn/content/unity/u-cf1-specsheet.pdf,https://usr-content.s3.us-east-2.amazonaws.com/unity/unity-one-year-warranty.pdf,https://usrbrands.com/products/unity-u-cf1-18-black-glass-swing-door-countertop-display-freezer-1-8-cu-ft
"U-BB1 24"" Countertop Swing Door Merchandising Bar Cooler",U-BB1,376,UNITY,"
                            <ul>
<li>Narrow 20"" depth ideal for bars</li>
<li>Black coated steel exterior</li>
<li>Attractive aluminum liner interior</li>
<li>Temperatures between 33 degrees F and 50 degrees F</li>
<li>Self-closing double pane glass door</li>
<li>Adjustable heavy-duty chromed shelves</li>
<li>LED interior lighting</li>
<li>Electronic control system</li>
<li>Leveling feet</li>
<li>Hydro-carbon R600 refrigerant</li>
</ul>
                          ",https://usrbrands.com/cdn/shop/products/unity-sbb-1_130x.jpg?v=1642760952,"
      This eye-catching Unity U-BB1 24"" Countertop Swing Door Merchandising Bar Cooler is designed to effortlessly showcase your chilled beverages and snacks, making it a perfect addition to any countertop or display area. This sleek and space-saving cooler is perfect for bars, restaurants, or any establishment where space is at a premium.
    ",https://usr-content.s3.us-east-2.amazonaws.com/unity/u-bb1-specsheet.pdf,https://usr-content.s3.us-east-2.amazonaws.com/unity/unity-warranty.pdf,https://usr-content.s3.us-east-2.amazonaws.com/unity/unity-u-bb-series-manual.pdf
"Unity U-CF2 24"" Black Glass Swing Door Countertop Display Freezer - 2 cu ft.",U-CF2,384,UNITY,"
                            <ul>
<li>Black coated steel exterior</li>
<li>Attractive aluminum liner interior</li>
<li>Temperatures between -10 degrees F and 5 degrees F</li>
<li>Triple pane swing glass door</li>
<li>2 heavy-duty shelves</li>
<li>LED interior lighting</li>
<li>Easy-to-use digital control system</li>
<li>Leveling feet</li>
<li>Hydro-carbon R290 refrigerant</li>
</ul>
                          ",https://usrbrands.com/cdn/shop/files/u-cf2-countertop-display-front_130x.jpg?v=1682578073,"
      Unity compact freezer glass display U-CF2 24"" 2 cu ft. with countertop swing door is designed to effortlessly showcase your frozen treats, making it a perfect addition to any countertop or display area. This sleek and space-saving freezer is perfect for any restaurant or deli where space is at a premium.
    ",https://www.kitchenall.com/pub/cdn/content/unity/u-cf2-specsheet.pdf,https://usr-content.s3.us-east-2.amazonaws.com/unity/unity-one-year-warranty.pdf,https://www.kitchenall.com/pub/cdn/content/unity/u-cf2-manual.pdf
"Unity U-CF3 24"" Black Glass Swing Door Countertop Display Freezer - 3.5 cu ft.",U-CF3,500,UNITY,"
                            <ul>
<li>Black coated steel exterior</li>
<li>Attractive aluminum liner interior</li>
<li>Temperatures between -10 degrees F and 5 degrees F</li>
<li>Triple pane glass door</li>
<li>3 adjustable heavy-duty shelves</li>
<li>LED interior lighting</li>
<li>Easy-to-use digital control system</li>
<li>Leveling feet</li>
<li>Hydro-carbon R290 refrigerant</li>
</ul>
                          ",https://usrbrands.com/cdn/shop/files/u-cf3-countertop-display-front-view_130x.jpg?v=1682579009,"
      Unity compact freezer glass display U-CF3 24"" 3.5 cu ft. with countertop swing door is designed to effortlessly showcase your frozen treats, making it a perfect addition to any countertop or display area. This sleek and space-saving freezer is perfect for any restaurant or deli where space is at a premium.
    ",https://www.kitchenall.com/pub/cdn/content/unity/u-cf3-specsheet.pdf,https://usr-content.s3.us-east-2.amazonaws.com/unity/unity-one-year-warranty.pdf,https://usr-content.s3.us-east-2.amazonaws.com/unity/u-cf3-manual.pdf
"U-BB2 36"" Countertop Two Sliding Door Merchandising Bar Cooler",U-BB2,539,UNITY,"
                            <ul>
<li>Narrow 20"" depth ideal for bars</li>
<li>Black coated steel exterior</li>
<li>Attractive aluminum liner interior</li>
<li>Temperatures between 33 degrees F and 50 degrees F</li>
<li>Self-closing double pane glass door</li>
<li>Adjustable heavy-duty chromed shelves</li>
<li>LED interior lighting</li>
<li>Electronic control system</li>
<li>Leveling feet</li>
<li>Hydro-carbon R600 refrigerant</li>
</ul>
                          ",https://usrbrands.com/cdn/shop/products/unity-sbb-2_130x.jpg?v=1642761124,"
      This eye-catching Unity U-BB2 36"" 2 Glass Door Countertop Swing Door Merchandising Bar Cooler is designed to effortlessly showcase your chilled beverages and snacks, making it a perfect addition to any countertop or display area. This sleek and space-saving cooler is perfect for bars, restaurants, or any establishment where space is at a premium.
    ",https://usr-content.s3.us-east-2.amazonaws.com/unity/u-bb2-specsheet.pdf,https://usr-content.s3.us-east-2.amazonaws.com/unity/unity-warranty.pdf,https://usr-content.s3.us-east-2.amazonaws.com/unity/unity-u-bb-series-manual.pdf
"U-BB3 54"" Three Sliding Door Merchandising Bar Cooler",U-BB3,668,UNITY,"
                            <ul>
<li>Narrow 20"" depth ideal for bars</li>
<li>Black coated steel exterior</li>
<li>Attractive aluminum liner interior</li>
<li>Temperatures between 33 degrees F and 50 degrees F</li>
<li>Self-closing double pane glass door</li>
<li>Adjustable heavy-duty chromed shelves</li>
<li>LED interior lighting</li>
<li>Electronic control system</li>
<li>Leveling feet</li>
<li>Hydro-carbon R600 refrigerant</li>
</ul>
                          ",https://usrbrands.com/cdn/shop/products/unity-sbb-3_130x.jpg?v=1642761213,"
      This eye-catching Unity U-BB3 54"" 3 Glass Door Countertop Swing Door Merchandising Bar Cooler is designed to effortlessly showcase your chilled beverages and snacks, making it a perfect addition to any countertop or display area. This sleek and space-saving cooler is perfect for bars, restaurants, or any establishment where space is at a premium.
    ",https://usr-content.s3.us-east-2.amazonaws.com/unity/u-bb3-specsheet.pdf,https://usr-content.s3.us-east-2.amazonaws.com/unity/unity-warranty.pdf,https://usr-content.s3.us-east-2.amazonaws.com/unity/unity-u-bb-series-manual.pdf
"U-GM2-S 52"" Two Sliding Glass Door Merchandiser Refrigerator with LED Lighting",U-GM2-S,1375,UNITY,"
                            <ul>
<li>Black coated steel exterior</li>
<li>Attractive aluminum liner with stainless steel floor interior</li>
<li>Refrigeration system maintains temperatures between 33°F and 50°F</li>
<li>Self-closing double pane glass door</li>
<li>Adjustable heavy-duty PVC coated shelves</li>
<li>LED interior lighting</li>
<li>Electronic control system makes it easy to adjust temperature set point and defrost frequency</li>
<li>Removable installation board makes it easy to access condenser coil for cleaning and service</li>
<li>Preinstalled heavy-duty casters with brakes</li>
<li>Hydro-Carbon R290 refrigerant</li>
<li>Equipped with NEMA 5-15P plug</li>
</ul>
                          ",https://usrbrands.com/cdn/shop/products/2-sliding-door-unity_130x.jpg?v=1642760572,"
      With its spacious design and stunning glass doors, this refrigerator effortlessly showcases your products to captivate customers.Sleek and stylish, this refrigerator is the perfect addition to any store looking to elevate its merchandising experience. Upgrade your space with our 52"" Two Sliding Glass Door Refrigerator and get ready to see your sales soar to new heights!
    ",https://usr-content.s3.us-east-2.amazonaws.com/unity/u-gm2-s-specsheet.pdf,https://usr-content.s3.us-east-2.amazonaws.com/unity/unity-warranty.pdf,https://usr-content.s3.us-east-2.amazonaws.com/unity/unity-u-gm2s-u-gm3-manual.pdf
"U-GM3 68"" Three Glass Door Merchandiser Refrigerator with LED Lighting",U-GM3,1679,UNITY,"
                            <ul>
<li>Black coated steel exterior</li>
<li>Attractive aluminum liner with stainless steel floor interior</li>
<li>Refrigeration system maintains temperatures between 33°F and 50°F</li>
<li>Self-closing double pane glass door</li>
<li>Adjustable heavy-duty PVC coated shelves</li>
<li>LED interior lighting</li>
<li>Electronic control system makes it easy to adjust temperature set point and defrost frequency</li>
<li>Removable installation board makes it easy to access condenser coil for cleaning and service</li>
<li>Preinstalled heavy-duty casters with brakes</li>
<li>Hydro-Carbon R290 refrigerant</li>
<li>Equipped with NEMA 5-15P plug</li>
</ul>
                          ",https://usrbrands.com/cdn/shop/products/3-swing-door-unity_130x.jpg?v=1642760674,"
      With its spacious design and stunning glass doors, this refrigerator effortlessly showcases your products to captivate customers.Sleek and stylish, this refrigerator is the perfect addition to any store looking to elevate its merchandising experience. Upgrade your space with our 68"" Three Glass Door Refrigerator and get ready to see your sales soar to new heights!
    ",https://usr-content.s3.us-east-2.amazonaws.com/unity/u-gm3-specsheet.pdf,https://usr-content.s3.us-east-2.amazonaws.com/unity/unity-warranty.pdf,https://usr-content.s3.us-east-2.amazonaws.com/unity/unity-u-gm2s-u-gm3-manual.pdf
"Unity U-GM3-S 68"" Three Sliding Glass Door Merchandiser Refrigerator with LED Lighting",U-GM3-S,1899,UNITY,"
                            <ul>
<li>Black coated steel exterior</li>
<li>Attractive aluminum liner with stainless steel floor interior</li>
<li>Refrigeration system maintains temperatures between 33°F and 50°F</li>
<li>Self-closing double pane glass door</li>
<li>Adjustable heavy-duty PVC coated shelves</li>
<li>LED interior lighting</li>
<li>Electronic control system makes it easy to adjust temperature set point and defrost frequency</li>
<li>Removable installation board makes it easy to access condenser coil for cleaning and service</li>
<li>Preinstalled heavy-duty casters with brakes</li>
<li>Hydro-Carbon R290 refrigerant</li>
<li>Equipped with NEMA 5-15P plug</li>
</ul>
                          ",https://usrbrands.com/cdn/shop/files/u-gm3-three-sliding-glass-door-merchandiser-sliding-door_130x.jpg?v=1724666799,"
      With its spacious design and stunning glass doors, this refrigerator effortlessly showcases your products to captivate customers.Sleek and stylish, this refrigerator is the perfect addition to any store looking to elevate its merchandising experience. Upgrade your space with our 68"" Three Glass Door Refrigerator and get ready to see your sales soar to new heights!
    ",https://usr-content.s3.us-east-2.amazonaws.com/unity/u-gm3-specsheet.pdf,https://usr-content.s3.us-east-2.amazonaws.com/unity/unity-warranty.pdf,https://usr-content.s3.us-east-2.amazonaws.com/unity/unity-u-gm2s-u-gm3-manual.pdf
"Prepline WL550 Freestanding Heat Lamp with 2 Bulbs-120V, 500W",WL550,69,,"
                            <ul class=""product attribute bullet-points-description"">
<li>Includes 2 x heat bulbs</li>
<li>Adjustable height</li>
<li>Durable aluminum alloy construction</li>
<li>120V Plug and Play</li>
</ul>
                          ",https://usrbrands.com/cdn/shop/files/wl550-without-pan_130x.jpg?v=1756202173,"
      
    ",https://usrbrands.com/products/prepline-wl550-freestanding-heat-lamp-with-2-bulbs-120v-500w,https://usrbrands.com/products/prepline-wl550-freestanding-heat-lamp-with-2-bulbs-120v-500w,https://usrbrands.com/products/prepline-wl550-freestanding-heat-lamp-with-2-bulbs-120v-500w